Orden,Cuentas,Valor,Unidad de medida y moneda,Fecha (Año),Estados de la informacion,Periodicidad,Trimestre
1,    1 Cuenta corriente,845.40408305,Millones - Dólares estadounidenses corrientes,2000,Dato revisado,Anual,
1,    1 Cuenta corriente,91.158597187,Millones - Dólares estadounidenses corrientes,2000,Dato revisado,Trimestral,Q1
1,    1 Cuenta corriente,77.494127473,Millones - Dólares estadounidenses corrientes,2000,Dato revisado,Trimestral,Q2
1,    1 Cuenta corriente,363.39414801,Millones - Dólares estadounidenses corrientes,2000,Dato revisado,Trimestral,Q3
1,    1 Cuenta corriente,313.35721038,Millones - Dólares estadounidenses corrientes,2000,Dato revisado,Trimestral,Q4
1,    1 Cuenta corriente,-1040.32792061,Millones - Dólares estadounidenses corrientes,2001,Dato revisado,Anual,
1,    1 Cuenta corriente,-477.5388639,Millones - Dólares estadounidenses corrientes,2001,Dato revisado,Trimestral,Q1
1,    1 Cuenta corriente,-290.9201972,Millones - Dólares estadounidenses corrientes,2001,Dato revisado,Trimestral,Q2
1,    1 Cuenta corriente,-22.78288821,Millones - Dólares estadounidenses corrientes,2001,Dato revisado,Trimestral,Q3
1,    1 Cuenta corriente,-249.0859713,Millones - Dólares estadounidenses corrientes,2001,Dato revisado,Trimestral,Q4
1,    1 Cuenta corriente,-1289.2026699,Millones - Dólares estadounidenses corrientes,2002,Dato revisado,Anual,
1,    1 Cuenta corriente,-235.597903,Millones - Dólares estadounidenses corrientes,2002,Dato revisado,Trimestral,Q1
1,    1 Cuenta corriente,-348.8176201,Millones - Dólares estadounidenses corrientes,2002,Dato revisado,Trimestral,Q2
1,    1 Cuenta corriente,-305.3520707,Millones - Dólares estadounidenses corrientes,2002,Dato revisado,Trimestral,Q3
1,    1 Cuenta corriente,-399.4350761,Millones - Dólares estadounidenses corrientes,2002,Dato revisado,Trimestral,Q4
1,    1 Cuenta corriente,-912.004384376,Millones - Dólares estadounidenses corrientes,2003,Dato revisado,Anual,
1,    1 Cuenta corriente,-605.4217853,Millones - Dólares estadounidenses corrientes,2003,Dato revisado,Trimestral,Q1
1,    1 Cuenta corriente,-70.25799395,Millones - Dólares estadounidenses corrientes,2003,Dato revisado,Trimestral,Q2
1,    1 Cuenta corriente,59.359248274,Millones - Dólares estadounidenses corrientes,2003,Dato revisado,Trimestral,Q3
1,    1 Cuenta corriente,-295.6838534,Millones - Dólares estadounidenses corrientes,2003,Dato revisado,Trimestral,Q4
1,    1 Cuenta corriente,-774.55595089,Millones - Dólares estadounidenses corrientes,2004,Dato revisado,Anual,
1,    1 Cuenta corriente,-591.1450785,Millones - Dólares estadounidenses corrientes,2004,Dato revisado,Trimestral,Q1
1,    1 Cuenta corriente,-210.2244537,Millones - Dólares estadounidenses corrientes,2004,Dato revisado,Trimestral,Q2
1,    1 Cuenta corriente,119.29379592,Millones - Dólares estadounidenses corrientes,2004,Dato revisado,Trimestral,Q3
1,    1 Cuenta corriente,-92.48021461,Millones - Dólares estadounidenses corrientes,2004,Dato revisado,Trimestral,Q4
1,    1 Cuenta corriente,-1947.7627682,Millones - Dólares estadounidenses corrientes,2005,Dato revisado,Anual,
1,    1 Cuenta corriente,-551.512148,Millones - Dólares estadounidenses corrientes,2005,Dato revisado,Trimestral,Q1
1,    1 Cuenta corriente,-285.2684884,Millones - Dólares estadounidenses corrientes,2005,Dato revisado,Trimestral,Q2
1,    1 Cuenta corriente,-877.3426537,Millones - Dólares estadounidenses corrientes,2005,Dato revisado,Trimestral,Q3
1,    1 Cuenta corriente,-233.6394781,Millones - Dólares estadounidenses corrientes,2005,Dato revisado,Trimestral,Q4
1,    1 Cuenta corriente,-2991.0365236,Millones - Dólares estadounidenses corrientes,2006,Dato revisado,Anual,
1,    1 Cuenta corriente,-669.3463609,Millones - Dólares estadounidenses corrientes,2006,Dato revisado,Trimestral,Q1
1,    1 Cuenta corriente,-707.3868427,Millones - Dólares estadounidenses corrientes,2006,Dato revisado,Trimestral,Q2
1,    1 Cuenta corriente,-775.0232527,Millones - Dólares estadounidenses corrientes,2006,Dato revisado,Trimestral,Q3
1,    1 Cuenta corriente,-839.2800673,Millones - Dólares estadounidenses corrientes,2006,Dato revisado,Trimestral,Q4
1,    1 Cuenta corriente,-6149.638988,Millones - Dólares estadounidenses corrientes,2007,Dato revisado,Anual,
1,    1 Cuenta corriente,-2091.335051,Millones - Dólares estadounidenses corrientes,2007,Dato revisado,Trimestral,Q1
1,    1 Cuenta corriente,-1453.64285,Millones - Dólares estadounidenses corrientes,2007,Dato revisado,Trimestral,Q2
1,    1 Cuenta corriente,-1462.860163,Millones - Dólares estadounidenses corrientes,2007,Dato revisado,Trimestral,Q3
1,    1 Cuenta corriente,-1141.800924,Millones - Dólares estadounidenses corrientes,2007,Dato revisado,Trimestral,Q4
1,    1 Cuenta corriente,-6497.285742,Millones - Dólares estadounidenses corrientes,2008,Dato revisado,Anual,
1,    1 Cuenta corriente,-1312.293384,Millones - Dólares estadounidenses corrientes,2008,Dato revisado,Trimestral,Q1
1,    1 Cuenta corriente,-1157.350765,Millones - Dólares estadounidenses corrientes,2008,Dato revisado,Trimestral,Q2
1,    1 Cuenta corriente,-1661.079657,Millones - Dólares estadounidenses corrientes,2008,Dato revisado,Trimestral,Q3
1,    1 Cuenta corriente,-2366.561936,Millones - Dólares estadounidenses corrientes,2008,Dato revisado,Trimestral,Q4
1,    1 Cuenta corriente,-4433.0109261,Millones - Dólares estadounidenses corrientes,2009,Dato revisado,Anual,
1,    1 Cuenta corriente,-932.1790343,Millones - Dólares estadounidenses corrientes,2009,Dato revisado,Trimestral,Q1
1,    1 Cuenta corriente,-760.9207378,Millones - Dólares estadounidenses corrientes,2009,Dato revisado,Trimestral,Q2
1,    1 Cuenta corriente,-1296.269764,Millones - Dólares estadounidenses corrientes,2009,Dato revisado,Trimestral,Q3
1,    1 Cuenta corriente,-1443.64139,Millones - Dólares estadounidenses corrientes,2009,Dato revisado,Trimestral,Q4
1,    1 Cuenta corriente,-8583.014198,Millones - Dólares estadounidenses corrientes,2010,Dato revisado,Anual,
1,    1 Cuenta corriente,-1260.82076,Millones - Dólares estadounidenses corrientes,2010,Dato revisado,Trimestral,Q1
1,    1 Cuenta corriente,-1405.755574,Millones - Dólares estadounidenses corrientes,2010,Dato revisado,Trimestral,Q2
1,    1 Cuenta corriente,-3210.349642,Millones - Dólares estadounidenses corrientes,2010,Dato revisado,Trimestral,Q3
1,    1 Cuenta corriente,-2706.088222,Millones - Dólares estadounidenses corrientes,2010,Dato revisado,Trimestral,Q4
1,    1 Cuenta corriente,-9734.501794,Millones - Dólares estadounidenses corrientes,2011,Dato revisado,Anual,
1,    1 Cuenta corriente,-2002.965783,Millones - Dólares estadounidenses corrientes,2011,Dato revisado,Trimestral,Q1
1,    1 Cuenta corriente,-1726.111058,Millones - Dólares estadounidenses corrientes,2011,Dato revisado,Trimestral,Q2
1,    1 Cuenta corriente,-3030.84709,Millones - Dólares estadounidenses corrientes,2011,Dato revisado,Trimestral,Q3
1,    1 Cuenta corriente,-2974.577863,Millones - Dólares estadounidenses corrientes,2011,Dato revisado,Trimestral,Q4
1,    1 Cuenta corriente,-11639.999051,Millones - Dólares estadounidenses corrientes,2012,Dato revisado,Anual,
1,    1 Cuenta corriente,-1838.261659,Millones - Dólares estadounidenses corrientes,2012,Dato revisado,Trimestral,Q1
1,    1 Cuenta corriente,-3235.458985,Millones - Dólares estadounidenses corrientes,2012,Dato revisado,Trimestral,Q2
1,    1 Cuenta corriente,-3596.242539,Millones - Dólares estadounidenses corrientes,2012,Dato revisado,Trimestral,Q3
1,    1 Cuenta corriente,-2970.035868,Millones - Dólares estadounidenses corrientes,2012,Dato revisado,Trimestral,Q4
1,    1 Cuenta corriente,-12365.129749,Millones - Dólares estadounidenses corrientes,2013,Dato revisado,Anual,
1,    1 Cuenta corriente,-3439.15823,Millones - Dólares estadounidenses corrientes,2013,Dato revisado,Trimestral,Q1
1,    1 Cuenta corriente,-2205.944345,Millones - Dólares estadounidenses corrientes,2013,Dato revisado,Trimestral,Q2
1,    1 Cuenta corriente,-3596.219454,Millones - Dólares estadounidenses corrientes,2013,Dato revisado,Trimestral,Q3
1,    1 Cuenta corriente,-3123.80772,Millones - Dólares estadounidenses corrientes,2013,Dato revisado,Trimestral,Q4
1,    1 Cuenta corriente,-19818.545633,Millones - Dólares estadounidenses corrientes,2014,Dato revisado,Anual,
1,    1 Cuenta corriente,-4124.711526,Millones - Dólares estadounidenses corrientes,2014,Dato revisado,Trimestral,Q1
1,    1 Cuenta corriente,-4189.284516,Millones - Dólares estadounidenses corrientes,2014,Dato revisado,Trimestral,Q2
1,    1 Cuenta corriente,-5033.405892,Millones - Dólares estadounidenses corrientes,2014,Dato revisado,Trimestral,Q3
1,    1 Cuenta corriente,-6471.143699,Millones - Dólares estadounidenses corrientes,2014,Dato revisado,Trimestral,Q4
1,    1 Cuenta corriente,-18702.229659,Millones - Dólares estadounidenses corrientes,2015,Dato revisado,Anual,
1,    1 Cuenta corriente,-5291.929015,Millones - Dólares estadounidenses corrientes,2015,Dato revisado,Trimestral,Q1
1,    1 Cuenta corriente,-4426.374178,Millones - Dólares estadounidenses corrientes,2015,Dato revisado,Trimestral,Q2
1,    1 Cuenta corriente,-5055.773282,Millones - Dólares estadounidenses corrientes,2015,Dato revisado,Trimestral,Q3
1,    1 Cuenta corriente,-3928.153184,Millones - Dólares estadounidenses corrientes,2015,Dato revisado,Trimestral,Q4
1,    1 Cuenta corriente,-12586.561575,Millones - Dólares estadounidenses corrientes,2016,Dato revisado,Anual,
1,    1 Cuenta corriente,-3524.790359,Millones - Dólares estadounidenses corrientes,2016,Dato revisado,Trimestral,Q1
1,    1 Cuenta corriente,-2794.416791,Millones - Dólares estadounidenses corrientes,2016,Dato revisado,Trimestral,Q2
1,    1 Cuenta corriente,-3601.142148,Millones - Dólares estadounidenses corrientes,2016,Dato revisado,Trimestral,Q3
1,    1 Cuenta corriente,-2666.212277,Millones - Dólares estadounidenses corrientes,2016,Dato revisado,Trimestral,Q4
1,    1 Cuenta corriente,-9924.365517,Millones - Dólares estadounidenses corrientes,2017,Dato revisado,Anual,
1,    1 Cuenta corriente,-3489.521778,Millones - Dólares estadounidenses corrientes,2017,Dato revisado,Trimestral,Q1
1,    1 Cuenta corriente,-2425.556448,Millones - Dólares estadounidenses corrientes,2017,Dato revisado,Trimestral,Q2
1,    1 Cuenta corriente,-2560.648281,Millones - Dólares estadounidenses corrientes,2017,Dato revisado,Trimestral,Q3
1,    1 Cuenta corriente,-1448.63901,Millones - Dólares estadounidenses corrientes,2017,Dato revisado,Trimestral,Q4
1,    1 Cuenta corriente,-14040.960762,Millones - Dólares estadounidenses corrientes,2018,Dato revisado,Anual,
1,    1 Cuenta corriente,-3022.552034,Millones - Dólares estadounidenses corrientes,2018,Dato revisado,Trimestral,Q1
1,    1 Cuenta corriente,-3470.930068,Millones - Dólares estadounidenses corrientes,2018,Dato revisado,Trimestral,Q2
1,    1 Cuenta corriente,-3406.018548,Millones - Dólares estadounidenses corrientes,2018,Dato revisado,Trimestral,Q3
1,    1 Cuenta corriente,-4141.460112,Millones - Dólares estadounidenses corrientes,2018,Dato revisado,Trimestral,Q4
1,    1 Cuenta corriente,-14808.667964,Millones - Dólares estadounidenses corrientes,2019,Dato revisado,Anual,
1,    1 Cuenta corriente,-3820.355143,Millones - Dólares estadounidenses corrientes,2019,Dato revisado,Trimestral,Q1
1,    1 Cuenta corriente,-3218.923301,Millones - Dólares estadounidenses corrientes,2019,Dato revisado,Trimestral,Q2
1,    1 Cuenta corriente,-4302.645383,Millones - Dólares estadounidenses corrientes,2019,Dato revisado,Trimestral,Q3
1,    1 Cuenta corriente,-3466.744137,Millones - Dólares estadounidenses corrientes,2019,Dato revisado,Trimestral,Q4
1,    1 Cuenta corriente,-9266.813487,Millones - Dólares estadounidenses corrientes,2020,Dato revisado,Anual,
1,    1 Cuenta corriente,-2295.19974,Millones - Dólares estadounidenses corrientes,2020,Dato revisado,Trimestral,Q1
1,    1 Cuenta corriente,-1962.071266,Millones - Dólares estadounidenses corrientes,2020,Dato revisado,Trimestral,Q2
1,    1 Cuenta corriente,-2012.545351,Millones - Dólares estadounidenses corrientes,2020,Dato revisado,Trimestral,Q3
1,    1 Cuenta corriente,-2996.99713,Millones - Dólares estadounidenses corrientes,2020,Dato revisado,Trimestral,Q4
1,    1 Cuenta corriente,-17949.402946,Millones - Dólares estadounidenses corrientes,2021,Dato revisado,Anual,
1,    1 Cuenta corriente,-3105.09331,Millones - Dólares estadounidenses corrientes,2021,Dato revisado,Trimestral,Q1
1,    1 Cuenta corriente,-4047.233442,Millones - Dólares estadounidenses corrientes,2021,Dato revisado,Trimestral,Q2
1,    1 Cuenta corriente,-4834.834514,Millones - Dólares estadounidenses corrientes,2021,Dato revisado,Trimestral,Q3
1,    1 Cuenta corriente,-5962.24168,Millones - Dólares estadounidenses corrientes,2021,Dato revisado,Trimestral,Q4
1,    1 Cuenta corriente,-20852.670458,Millones - Dólares estadounidenses corrientes,2022,Dato revisado,Anual,
1,    1 Cuenta corriente,-5390.79772,Millones - Dólares estadounidenses corrientes,2022,Dato revisado,Trimestral,Q1
1,    1 Cuenta corriente,-4751.790868,Millones - Dólares estadounidenses corrientes,2022,Dato revisado,Trimestral,Q2
1,    1 Cuenta corriente,-6100.382868,Millones - Dólares estadounidenses corrientes,2022,Dato revisado,Trimestral,Q3
1,    1 Cuenta corriente,-4609.699002,Millones - Dólares estadounidenses corrientes,2022,Dato revisado,Trimestral,Q4
1,    1 Cuenta corriente,-8283.169607,Millones - Dólares estadounidenses corrientes,2023,Dato provisional,Anual,
1,    1 Cuenta corriente,-2798.43127,Millones - Dólares estadounidenses corrientes,2023,Dato provisional,Trimestral,Q1
1,    1 Cuenta corriente,-2071.960829,Millones - Dólares estadounidenses corrientes,2023,Dato provisional,Trimestral,Q2
1,    1 Cuenta corriente,-1532.979801,Millones - Dólares estadounidenses corrientes,2023,Dato provisional,Trimestral,Q3
1,    1 Cuenta corriente,-1879.797707,Millones - Dólares estadounidenses corrientes,2023,Dato provisional,Trimestral,Q4
1,    1 Cuenta corriente,-6880.11473,Millones - Dólares estadounidenses corrientes,2024,Dato provisional,Anual,
1,    1 Cuenta corriente,-1591.028445,Millones - Dólares estadounidenses corrientes,2024,Dato provisional,Trimestral,Q1
1,    1 Cuenta corriente,-1406.873415,Millones - Dólares estadounidenses corrientes,2024,Dato provisional,Trimestral,Q2
1,    1 Cuenta corriente,-1602.633846,Millones - Dólares estadounidenses corrientes,2024,Dato provisional,Trimestral,Q3
1,    1 Cuenta corriente,-2279.579024,Millones - Dólares estadounidenses corrientes,2024,Dato provisional,Trimestral,Q4
1,    1 Cuenta corriente,-7152.37021,Millones - Dólares estadounidenses corrientes,2025,Dato preliminar,Anual,
1,    1 Cuenta corriente,-1873.189158,Millones - Dólares estadounidenses corrientes,2025,Dato preliminar,Trimestral,Q1
1,    1 Cuenta corriente,-2426.149573,Millones - Dólares estadounidenses corrientes,2025,Dato preliminar,Trimestral,Q2
1,    1 Cuenta corriente,-2853.031479,Millones - Dólares estadounidenses corrientes,2025,Dato preliminar,Trimestral,Q3
2,         Crédito (exportaciones),18747.7513599,Millones - Dólares estadounidenses corrientes,2000,Dato revisado,Anual,
2,         Crédito (exportaciones),4469.6180658,Millones - Dólares estadounidenses corrientes,2000,Dato revisado,Trimestral,Q1
2,         Crédito (exportaciones),4513.497449,Millones - Dólares estadounidenses corrientes,2000,Dato revisado,Trimestral,Q2
2,         Crédito (exportaciones),4869.7363157,Millones - Dólares estadounidenses corrientes,2000,Dato revisado,Trimestral,Q3
2,         Crédito (exportaciones),4894.8995294,Millones - Dólares estadounidenses corrientes,2000,Dato revisado,Trimestral,Q4
2,         Crédito (exportaciones),18618.5594458,Millones - Dólares estadounidenses corrientes,2001,Dato revisado,Anual,
2,         Crédito (exportaciones),4408.0250861,Millones - Dólares estadounidenses corrientes,2001,Dato revisado,Trimestral,Q1
2,         Crédito (exportaciones),4776.6622404,Millones - Dólares estadounidenses corrientes,2001,Dato revisado,Trimestral,Q2
2,         Crédito (exportaciones),4833.4235241,Millones - Dólares estadounidenses corrientes,2001,Dato revisado,Trimestral,Q3
2,         Crédito (exportaciones),4600.4485952,Millones - Dólares estadounidenses corrientes,2001,Dato revisado,Trimestral,Q4
2,         Crédito (exportaciones),17920.339315,Millones - Dólares estadounidenses corrientes,2002,Dato revisado,Anual,
2,         Crédito (exportaciones),4141.3311059,Millones - Dólares estadounidenses corrientes,2002,Dato revisado,Trimestral,Q1
2,         Crédito (exportaciones),4603.8966642,Millones - Dólares estadounidenses corrientes,2002,Dato revisado,Trimestral,Q2
2,         Crédito (exportaciones),4558.2072003,Millones - Dólares estadounidenses corrientes,2002,Dato revisado,Trimestral,Q3
2,         Crédito (exportaciones),4616.9043446,Millones - Dólares estadounidenses corrientes,2002,Dato revisado,Trimestral,Q4
2,         Crédito (exportaciones),19854.4135128,Millones - Dólares estadounidenses corrientes,2003,Dato revisado,Anual,
2,         Crédito (exportaciones),4425.5549409,Millones - Dólares estadounidenses corrientes,2003,Dato revisado,Trimestral,Q1
2,         Crédito (exportaciones),4847.893438,Millones - Dólares estadounidenses corrientes,2003,Dato revisado,Trimestral,Q2
2,         Crédito (exportaciones),5443.4326412,Millones - Dólares estadounidenses corrientes,2003,Dato revisado,Trimestral,Q3
2,         Crédito (exportaciones),5137.5324927,Millones - Dólares estadounidenses corrientes,2003,Dato revisado,Trimestral,Q4
2,         Crédito (exportaciones),24335.5353048,Millones - Dólares estadounidenses corrientes,2004,Dato revisado,Anual,
2,         Crédito (exportaciones),5076.7693901,Millones - Dólares estadounidenses corrientes,2004,Dato revisado,Trimestral,Q1
2,         Crédito (exportaciones),5821.8559433,Millones - Dólares estadounidenses corrientes,2004,Dato revisado,Trimestral,Q2
2,         Crédito (exportaciones),6489.9707299,Millones - Dólares estadounidenses corrientes,2004,Dato revisado,Trimestral,Q3
2,         Crédito (exportaciones),6946.9392415,Millones - Dólares estadounidenses corrientes,2004,Dato revisado,Trimestral,Q4
2,         Crédito (exportaciones),30016.7168749,Millones - Dólares estadounidenses corrientes,2005,Dato revisado,Anual,
2,         Crédito (exportaciones),6538.6042669,Millones - Dólares estadounidenses corrientes,2005,Dato revisado,Trimestral,Q1
2,         Crédito (exportaciones),7718.9948614,Millones - Dólares estadounidenses corrientes,2005,Dato revisado,Trimestral,Q2
2,         Crédito (exportaciones),7701.0797493,Millones - Dólares estadounidenses corrientes,2005,Dato revisado,Trimestral,Q3
2,         Crédito (exportaciones),8058.0379973,Millones - Dólares estadounidenses corrientes,2005,Dato revisado,Trimestral,Q4
2,         Crédito (exportaciones),35382.2376697,Millones - Dólares estadounidenses corrientes,2006,Dato revisado,Anual,
2,         Crédito (exportaciones),7937.8261022,Millones - Dólares estadounidenses corrientes,2006,Dato revisado,Trimestral,Q1
2,         Crédito (exportaciones),8723.2109385,Millones - Dólares estadounidenses corrientes,2006,Dato revisado,Trimestral,Q2
2,         Crédito (exportaciones),9127.7344861,Millones - Dólares estadounidenses corrientes,2006,Dato revisado,Trimestral,Q3
2,         Crédito (exportaciones),9593.4661429,Millones - Dólares estadounidenses corrientes,2006,Dato revisado,Trimestral,Q4
2,         Crédito (exportaciones),42553.530931,Millones - Dólares estadounidenses corrientes,2007,Dato revisado,Anual,
2,         Crédito (exportaciones),9021.82604,Millones - Dólares estadounidenses corrientes,2007,Dato revisado,Trimestral,Q1
2,         Crédito (exportaciones),10233.605115,Millones - Dólares estadounidenses corrientes,2007,Dato revisado,Trimestral,Q2
2,         Crédito (exportaciones),10902.946171,Millones - Dólares estadounidenses corrientes,2007,Dato revisado,Trimestral,Q3
2,         Crédito (exportaciones),12395.153605,Millones - Dólares estadounidenses corrientes,2007,Dato revisado,Trimestral,Q4
2,         Crédito (exportaciones),51634.744893,Millones - Dólares estadounidenses corrientes,2008,Dato revisado,Anual,
2,         Crédito (exportaciones),12052.553877,Millones - Dólares estadounidenses corrientes,2008,Dato revisado,Trimestral,Q1
2,         Crédito (exportaciones),13893.585845,Millones - Dólares estadounidenses corrientes,2008,Dato revisado,Trimestral,Q2
2,         Crédito (exportaciones),13803.160638,Millones - Dólares estadounidenses corrientes,2008,Dato revisado,Trimestral,Q3
2,         Crédito (exportaciones),11885.444533,Millones - Dólares estadounidenses corrientes,2008,Dato revisado,Trimestral,Q4
2,         Crédito (exportaciones),46328.67124,Millones - Dólares estadounidenses corrientes,2009,Dato revisado,Anual,
2,         Crédito (exportaciones),10904.005771,Millones - Dólares estadounidenses corrientes,2009,Dato revisado,Trimestral,Q1
2,         Crédito (exportaciones),11103.071353,Millones - Dólares estadounidenses corrientes,2009,Dato revisado,Trimestral,Q2
2,         Crédito (exportaciones),11658.781257,Millones - Dólares estadounidenses corrientes,2009,Dato revisado,Trimestral,Q3
2,         Crédito (exportaciones),12662.812859,Millones - Dólares estadounidenses corrientes,2009,Dato revisado,Trimestral,Q4
2,         Crédito (exportaciones),54321.490578,Millones - Dólares estadounidenses corrientes,2010,Dato revisado,Anual,
2,         Crédito (exportaciones),12503.681026,Millones - Dólares estadounidenses corrientes,2010,Dato revisado,Trimestral,Q1
2,         Crédito (exportaciones),13436.284173,Millones - Dólares estadounidenses corrientes,2010,Dato revisado,Trimestral,Q2
2,         Crédito (exportaciones),13467.74448,Millones - Dólares estadounidenses corrientes,2010,Dato revisado,Trimestral,Q3
2,         Crédito (exportaciones),14913.780899,Millones - Dólares estadounidenses corrientes,2010,Dato revisado,Trimestral,Q4
2,         Crédito (exportaciones),73817.316935,Millones - Dólares estadounidenses corrientes,2011,Dato revisado,Anual,
2,         Crédito (exportaciones),16340.441097,Millones - Dólares estadounidenses corrientes,2011,Dato revisado,Trimestral,Q1
2,         Crédito (exportaciones),18724.785082,Millones - Dólares estadounidenses corrientes,2011,Dato revisado,Trimestral,Q2
2,         Crédito (exportaciones),18855.853709,Millones - Dólares estadounidenses corrientes,2011,Dato revisado,Trimestral,Q3
2,         Crédito (exportaciones),19896.237047,Millones - Dólares estadounidenses corrientes,2011,Dato revisado,Trimestral,Q4
2,         Crédito (exportaciones),78956.972014,Millones - Dólares estadounidenses corrientes,2012,Dato revisado,Anual,
2,         Crédito (exportaciones),19933.101693,Millones - Dólares estadounidenses corrientes,2012,Dato revisado,Trimestral,Q1
2,         Crédito (exportaciones),19532.205554,Millones - Dólares estadounidenses corrientes,2012,Dato revisado,Trimestral,Q2
2,         Crédito (exportaciones),19247.416252,Millones - Dólares estadounidenses corrientes,2012,Dato revisado,Trimestral,Q3
2,         Crédito (exportaciones),20244.248515,Millones - Dólares estadounidenses corrientes,2012,Dato revisado,Trimestral,Q4
2,         Crédito (exportaciones),78420.426577,Millones - Dólares estadounidenses corrientes,2013,Dato revisado,Anual,
2,         Crédito (exportaciones),18593.389019,Millones - Dólares estadounidenses corrientes,2013,Dato revisado,Trimestral,Q1
2,         Crédito (exportaciones),20005.058329,Millones - Dólares estadounidenses corrientes,2013,Dato revisado,Trimestral,Q2
2,         Crédito (exportaciones),19459.002146,Millones - Dólares estadounidenses corrientes,2013,Dato revisado,Trimestral,Q3
2,         Crédito (exportaciones),20362.977083,Millones - Dólares estadounidenses corrientes,2013,Dato revisado,Trimestral,Q4
2,         Crédito (exportaciones),75609.983217,Millones - Dólares estadounidenses corrientes,2014,Dato revisado,Anual,
2,         Crédito (exportaciones),18284.706425,Millones - Dólares estadounidenses corrientes,2014,Dato revisado,Trimestral,Q1
2,         Crédito (exportaciones),19411.251861,Millones - Dólares estadounidenses corrientes,2014,Dato revisado,Trimestral,Q2
2,         Crédito (exportaciones),20312.840417,Millones - Dólares estadounidenses corrientes,2014,Dato revisado,Trimestral,Q3
2,         Crédito (exportaciones),17601.184514,Millones - Dólares estadounidenses corrientes,2014,Dato revisado,Trimestral,Q4
2,         Crédito (exportaciones),58166.47657,Millones - Dólares estadounidenses corrientes,2015,Dato revisado,Anual,
2,         Crédito (exportaciones),14771.142646,Millones - Dólares estadounidenses corrientes,2015,Dato revisado,Trimestral,Q1
2,         Crédito (exportaciones),15013.673768,Millones - Dólares estadounidenses corrientes,2015,Dato revisado,Trimestral,Q2
2,         Crédito (exportaciones),14629.648407,Millones - Dólares estadounidenses corrientes,2015,Dato revisado,Trimestral,Q3
2,         Crédito (exportaciones),13752.011749,Millones - Dólares estadounidenses corrientes,2015,Dato revisado,Trimestral,Q4
2,         Crédito (exportaciones),54747.60771,Millones - Dólares estadounidenses corrientes,2016,Dato revisado,Anual,
2,         Crédito (exportaciones),12091.107634,Millones - Dólares estadounidenses corrientes,2016,Dato revisado,Trimestral,Q1
2,         Crédito (exportaciones),13653.903585,Millones - Dólares estadounidenses corrientes,2016,Dato revisado,Trimestral,Q2
2,         Crédito (exportaciones),13955.596427,Millones - Dólares estadounidenses corrientes,2016,Dato revisado,Trimestral,Q3
2,         Crédito (exportaciones),15047.000064,Millones - Dólares estadounidenses corrientes,2016,Dato revisado,Trimestral,Q4
2,         Crédito (exportaciones),62655.066192,Millones - Dólares estadounidenses corrientes,2017,Dato revisado,Anual,
2,         Crédito (exportaciones),14430.257844,Millones - Dólares estadounidenses corrientes,2017,Dato revisado,Trimestral,Q1
2,         Crédito (exportaciones),15130.540204,Millones - Dólares estadounidenses corrientes,2017,Dato revisado,Trimestral,Q2
2,         Crédito (exportaciones),15881.981396,Millones - Dólares estadounidenses corrientes,2017,Dato revisado,Trimestral,Q3
2,         Crédito (exportaciones),17212.286748,Millones - Dólares estadounidenses corrientes,2017,Dato revisado,Trimestral,Q4
2,         Crédito (exportaciones),68799.732056,Millones - Dólares estadounidenses corrientes,2018,Dato revisado,Anual,
2,         Crédito (exportaciones),16147.118063,Millones - Dólares estadounidenses corrientes,2018,Dato revisado,Trimestral,Q1
2,         Crédito (exportaciones),17297.564613,Millones - Dólares estadounidenses corrientes,2018,Dato revisado,Trimestral,Q2
2,         Crédito (exportaciones),17452.206449,Millones - Dólares estadounidenses corrientes,2018,Dato revisado,Trimestral,Q3
2,         Crédito (exportaciones),17902.842931,Millones - Dólares estadounidenses corrientes,2018,Dato revisado,Trimestral,Q4
2,         Crédito (exportaciones),68318.338788,Millones - Dólares estadounidenses corrientes,2019,Dato revisado,Anual,
2,         Crédito (exportaciones),16551.39641,Millones - Dólares estadounidenses corrientes,2019,Dato revisado,Trimestral,Q1
2,         Crédito (exportaciones),17745.923948,Millones - Dólares estadounidenses corrientes,2019,Dato revisado,Trimestral,Q2
2,         Crédito (exportaciones),16914.940906,Millones - Dólares estadounidenses corrientes,2019,Dato revisado,Trimestral,Q3
2,         Crédito (exportaciones),17106.077524,Millones - Dólares estadounidenses corrientes,2019,Dato revisado,Trimestral,Q4
2,         Crédito (exportaciones),52420.199987,Millones - Dólares estadounidenses corrientes,2020,Dato revisado,Anual,
2,         Crédito (exportaciones),15112.769243,Millones - Dólares estadounidenses corrientes,2020,Dato revisado,Trimestral,Q1
2,         Crédito (exportaciones),10693.135836,Millones - Dólares estadounidenses corrientes,2020,Dato revisado,Trimestral,Q2
2,         Crédito (exportaciones),12665.91422,Millones - Dólares estadounidenses corrientes,2020,Dato revisado,Trimestral,Q3
2,         Crédito (exportaciones),13948.380688,Millones - Dólares estadounidenses corrientes,2020,Dato revisado,Trimestral,Q4
2,         Crédito (exportaciones),68782.564606,Millones - Dólares estadounidenses corrientes,2021,Dato revisado,Anual,
2,         Crédito (exportaciones),14935.782352,Millones - Dólares estadounidenses corrientes,2021,Dato revisado,Trimestral,Q1
2,         Crédito (exportaciones),15809.202912,Millones - Dólares estadounidenses corrientes,2021,Dato revisado,Trimestral,Q2
2,         Crédito (exportaciones),17606.131789,Millones - Dólares estadounidenses corrientes,2021,Dato revisado,Trimestral,Q3
2,         Crédito (exportaciones),20431.447553,Millones - Dólares estadounidenses corrientes,2021,Dato revisado,Trimestral,Q4
2,         Crédito (exportaciones),94157.137156,Millones - Dólares estadounidenses corrientes,2022,Dato revisado,Anual,
2,         Crédito (exportaciones),21746.123941,Millones - Dólares estadounidenses corrientes,2022,Dato revisado,Trimestral,Q1
2,         Crédito (exportaciones),24605.448521,Millones - Dólares estadounidenses corrientes,2022,Dato revisado,Trimestral,Q2
2,         Crédito (exportaciones),24631.033255,Millones - Dólares estadounidenses corrientes,2022,Dato revisado,Trimestral,Q3
2,         Crédito (exportaciones),23174.531439,Millones - Dólares estadounidenses corrientes,2022,Dato revisado,Trimestral,Q4
2,         Crédito (exportaciones),92031.077539,Millones - Dólares estadounidenses corrientes,2023,Dato provisional,Anual,
2,         Crédito (exportaciones),22746.738421,Millones - Dólares estadounidenses corrientes,2023,Dato provisional,Trimestral,Q1
2,         Crédito (exportaciones),22370.251031,Millones - Dólares estadounidenses corrientes,2023,Dato provisional,Trimestral,Q2
2,         Crédito (exportaciones),23310.133981,Millones - Dólares estadounidenses corrientes,2023,Dato provisional,Trimestral,Q3
2,         Crédito (exportaciones),23603.954106,Millones - Dólares estadounidenses corrientes,2023,Dato provisional,Trimestral,Q4
2,         Crédito (exportaciones),95803.435287,Millones - Dólares estadounidenses corrientes,2024,Dato provisional,Anual,
2,         Crédito (exportaciones),22222.134118,Millones - Dólares estadounidenses corrientes,2024,Dato provisional,Trimestral,Q1
2,         Crédito (exportaciones),24067.908957,Millones - Dólares estadounidenses corrientes,2024,Dato provisional,Trimestral,Q2
2,         Crédito (exportaciones),24724.025437,Millones - Dólares estadounidenses corrientes,2024,Dato provisional,Trimestral,Q3
2,         Crédito (exportaciones),24789.366775,Millones - Dólares estadounidenses corrientes,2024,Dato provisional,Trimestral,Q4
2,         Crédito (exportaciones),73797.105684,Millones - Dólares estadounidenses corrientes,2025,Dato preliminar,Anual,
2,         Crédito (exportaciones),23663.826729,Millones - Dólares estadounidenses corrientes,2025,Dato preliminar,Trimestral,Q1
2,         Crédito (exportaciones),24354.246392,Millones - Dólares estadounidenses corrientes,2025,Dato preliminar,Trimestral,Q2
2,         Crédito (exportaciones),25779.032563,Millones - Dólares estadounidenses corrientes,2025,Dato preliminar,Trimestral,Q3
3,         Débito (importaciones),17902.3472768,Millones - Dólares estadounidenses corrientes,2000,Dato revisado,Anual,
3,         Débito (importaciones),4378.4594686,Millones - Dólares estadounidenses corrientes,2000,Dato revisado,Trimestral,Q1
3,         Débito (importaciones),4436.0033215,Millones - Dólares estadounidenses corrientes,2000,Dato revisado,Trimestral,Q2
3,         Débito (importaciones),4506.3421677,Millones - Dólares estadounidenses corrientes,2000,Dato revisado,Trimestral,Q3
3,         Débito (importaciones),4581.542319,Millones - Dólares estadounidenses corrientes,2000,Dato revisado,Trimestral,Q4
3,         Débito (importaciones),19658.8873664,Millones - Dólares estadounidenses corrientes,2001,Dato revisado,Anual,
3,         Débito (importaciones),4885.56395,Millones - Dólares estadounidenses corrientes,2001,Dato revisado,Trimestral,Q1
3,         Débito (importaciones),5067.5824376,Millones - Dólares estadounidenses corrientes,2001,Dato revisado,Trimestral,Q2
3,         Débito (importaciones),4856.2064123,Millones - Dólares estadounidenses corrientes,2001,Dato revisado,Trimestral,Q3
3,         Débito (importaciones),4849.5345665,Millones - Dólares estadounidenses corrientes,2001,Dato revisado,Trimestral,Q4
3,         Débito (importaciones),19209.5419848,Millones - Dólares estadounidenses corrientes,2002,Dato revisado,Anual,
3,         Débito (importaciones),4376.9290089,Millones - Dólares estadounidenses corrientes,2002,Dato revisado,Trimestral,Q1
3,         Débito (importaciones),4952.7142842,Millones - Dólares estadounidenses corrientes,2002,Dato revisado,Trimestral,Q2
3,         Débito (importaciones),4863.559271,Millones - Dólares estadounidenses corrientes,2002,Dato revisado,Trimestral,Q3
3,         Débito (importaciones),5016.3394207,Millones - Dólares estadounidenses corrientes,2002,Dato revisado,Trimestral,Q4
3,         Débito (importaciones),20766.417897,Millones - Dólares estadounidenses corrientes,2003,Dato revisado,Anual,
3,         Débito (importaciones),5030.9767262,Millones - Dólares estadounidenses corrientes,2003,Dato revisado,Trimestral,Q1
3,         Débito (importaciones),4918.1514319,Millones - Dólares estadounidenses corrientes,2003,Dato revisado,Trimestral,Q2
3,         Débito (importaciones),5384.0733929,Millones - Dólares estadounidenses corrientes,2003,Dato revisado,Trimestral,Q3
3,         Débito (importaciones),5433.216346,Millones - Dólares estadounidenses corrientes,2003,Dato revisado,Trimestral,Q4
3,         Débito (importaciones),25110.0912558,Millones - Dólares estadounidenses corrientes,2004,Dato revisado,Anual,
3,         Débito (importaciones),5667.9144686,Millones - Dólares estadounidenses corrientes,2004,Dato revisado,Trimestral,Q1
3,         Débito (importaciones),6032.0803971,Millones - Dólares estadounidenses corrientes,2004,Dato revisado,Trimestral,Q2
3,         Débito (importaciones),6370.6769339,Millones - Dólares estadounidenses corrientes,2004,Dato revisado,Trimestral,Q3
3,         Débito (importaciones),7039.4194562,Millones - Dólares estadounidenses corrientes,2004,Dato revisado,Trimestral,Q4
3,         Débito (importaciones),31964.4796432,Millones - Dólares estadounidenses corrientes,2005,Dato revisado,Anual,
3,         Débito (importaciones),7090.116415,Millones - Dólares estadounidenses corrientes,2005,Dato revisado,Trimestral,Q1
3,         Débito (importaciones),8004.2633498,Millones - Dólares estadounidenses corrientes,2005,Dato revisado,Trimestral,Q2
3,         Débito (importaciones),8578.422403,Millones - Dólares estadounidenses corrientes,2005,Dato revisado,Trimestral,Q3
3,         Débito (importaciones),8291.6774754,Millones - Dólares estadounidenses corrientes,2005,Dato revisado,Trimestral,Q4
3,         Débito (importaciones),38373.2741931,Millones - Dólares estadounidenses corrientes,2006,Dato revisado,Anual,
3,         Débito (importaciones),8607.1724631,Millones - Dólares estadounidenses corrientes,2006,Dato revisado,Trimestral,Q1
3,         Débito (importaciones),9430.5977812,Millones - Dólares estadounidenses corrientes,2006,Dato revisado,Trimestral,Q2
3,         Débito (importaciones),9902.7577388,Millones - Dólares estadounidenses corrientes,2006,Dato revisado,Trimestral,Q3
3,         Débito (importaciones),10432.74621,Millones - Dólares estadounidenses corrientes,2006,Dato revisado,Trimestral,Q4
3,         Débito (importaciones),48703.169919,Millones - Dólares estadounidenses corrientes,2007,Dato revisado,Anual,
3,         Débito (importaciones),11113.161091,Millones - Dólares estadounidenses corrientes,2007,Dato revisado,Trimestral,Q1
3,         Débito (importaciones),11687.247965,Millones - Dólares estadounidenses corrientes,2007,Dato revisado,Trimestral,Q2
3,         Débito (importaciones),12365.806334,Millones - Dólares estadounidenses corrientes,2007,Dato revisado,Trimestral,Q3
3,         Débito (importaciones),13536.954529,Millones - Dólares estadounidenses corrientes,2007,Dato revisado,Trimestral,Q4
3,         Débito (importaciones),58132.030635,Millones - Dólares estadounidenses corrientes,2008,Dato revisado,Anual,
3,         Débito (importaciones),13364.847261,Millones - Dólares estadounidenses corrientes,2008,Dato revisado,Trimestral,Q1
3,         Débito (importaciones),15050.93661,Millones - Dólares estadounidenses corrientes,2008,Dato revisado,Trimestral,Q2
3,         Débito (importaciones),15464.240295,Millones - Dólares estadounidenses corrientes,2008,Dato revisado,Trimestral,Q3
3,         Débito (importaciones),14252.006469,Millones - Dólares estadounidenses corrientes,2008,Dato revisado,Trimestral,Q4
3,         Débito (importaciones),50761.682166,Millones - Dólares estadounidenses corrientes,2009,Dato revisado,Anual,
3,         Débito (importaciones),11836.184805,Millones - Dólares estadounidenses corrientes,2009,Dato revisado,Trimestral,Q1
3,         Débito (importaciones),11863.992091,Millones - Dólares estadounidenses corrientes,2009,Dato revisado,Trimestral,Q2
3,         Débito (importaciones),12955.051021,Millones - Dólares estadounidenses corrientes,2009,Dato revisado,Trimestral,Q3
3,         Débito (importaciones),14106.454249,Millones - Dólares estadounidenses corrientes,2009,Dato revisado,Trimestral,Q4
3,         Débito (importaciones),62904.504777,Millones - Dólares estadounidenses corrientes,2010,Dato revisado,Anual,
3,         Débito (importaciones),13764.501787,Millones - Dólares estadounidenses corrientes,2010,Dato revisado,Trimestral,Q1
3,         Débito (importaciones),14842.039747,Millones - Dólares estadounidenses corrientes,2010,Dato revisado,Trimestral,Q2
3,         Débito (importaciones),16678.094122,Millones - Dólares estadounidenses corrientes,2010,Dato revisado,Trimestral,Q3
3,         Débito (importaciones),17619.869121,Millones - Dólares estadounidenses corrientes,2010,Dato revisado,Trimestral,Q4
3,         Débito (importaciones),83551.818728,Millones - Dólares estadounidenses corrientes,2011,Dato revisado,Anual,
3,         Débito (importaciones),18343.40688,Millones - Dólares estadounidenses corrientes,2011,Dato revisado,Trimestral,Q1
3,         Débito (importaciones),20450.89614,Millones - Dólares estadounidenses corrientes,2011,Dato revisado,Trimestral,Q2
3,         Débito (importaciones),21886.700799,Millones - Dólares estadounidenses corrientes,2011,Dato revisado,Trimestral,Q3
3,         Débito (importaciones),22870.814909,Millones - Dólares estadounidenses corrientes,2011,Dato revisado,Trimestral,Q4
3,         Débito (importaciones),90596.971064,Millones - Dólares estadounidenses corrientes,2012,Dato revisado,Anual,
3,         Débito (importaciones),21771.363351,Millones - Dólares estadounidenses corrientes,2012,Dato revisado,Trimestral,Q1
3,         Débito (importaciones),22767.664539,Millones - Dólares estadounidenses corrientes,2012,Dato revisado,Trimestral,Q2
3,         Débito (importaciones),22843.658791,Millones - Dólares estadounidenses corrientes,2012,Dato revisado,Trimestral,Q3
3,         Débito (importaciones),23214.284383,Millones - Dólares estadounidenses corrientes,2012,Dato revisado,Trimestral,Q4
3,         Débito (importaciones),90785.556326,Millones - Dólares estadounidenses corrientes,2013,Dato revisado,Anual,
3,         Débito (importaciones),22032.547249,Millones - Dólares estadounidenses corrientes,2013,Dato revisado,Trimestral,Q1
3,         Débito (importaciones),22211.002673,Millones - Dólares estadounidenses corrientes,2013,Dato revisado,Trimestral,Q2
3,         Débito (importaciones),23055.2216,Millones - Dólares estadounidenses corrientes,2013,Dato revisado,Trimestral,Q3
3,         Débito (importaciones),23486.784804,Millones - Dólares estadounidenses corrientes,2013,Dato revisado,Trimestral,Q4
3,         Débito (importaciones),95428.528849,Millones - Dólares estadounidenses corrientes,2014,Dato revisado,Anual,
3,         Débito (importaciones),22409.417951,Millones - Dólares estadounidenses corrientes,2014,Dato revisado,Trimestral,Q1
3,         Débito (importaciones),23600.536376,Millones - Dólares estadounidenses corrientes,2014,Dato revisado,Trimestral,Q2
3,         Débito (importaciones),25346.246309,Millones - Dólares estadounidenses corrientes,2014,Dato revisado,Trimestral,Q3
3,         Débito (importaciones),24072.328213,Millones - Dólares estadounidenses corrientes,2014,Dato revisado,Trimestral,Q4
3,         Débito (importaciones),76868.70623,Millones - Dólares estadounidenses corrientes,2015,Dato revisado,Anual,
3,         Débito (importaciones),20063.071661,Millones - Dólares estadounidenses corrientes,2015,Dato revisado,Trimestral,Q1
3,         Débito (importaciones),19440.047947,Millones - Dólares estadounidenses corrientes,2015,Dato revisado,Trimestral,Q2
3,         Débito (importaciones),19685.421689,Millones - Dólares estadounidenses corrientes,2015,Dato revisado,Trimestral,Q3
3,         Débito (importaciones),17680.164933,Millones - Dólares estadounidenses corrientes,2015,Dato revisado,Trimestral,Q4
3,         Débito (importaciones),67334.169283,Millones - Dólares estadounidenses corrientes,2016,Dato revisado,Anual,
3,         Débito (importaciones),15615.897992,Millones - Dólares estadounidenses corrientes,2016,Dato revisado,Trimestral,Q1
3,         Débito (importaciones),16448.320376,Millones - Dólares estadounidenses corrientes,2016,Dato revisado,Trimestral,Q2
3,         Débito (importaciones),17556.738575,Millones - Dólares estadounidenses corrientes,2016,Dato revisado,Trimestral,Q3
3,         Débito (importaciones),17713.21234,Millones - Dólares estadounidenses corrientes,2016,Dato revisado,Trimestral,Q4
3,         Débito (importaciones),72579.431709,Millones - Dólares estadounidenses corrientes,2017,Dato revisado,Anual,
3,         Débito (importaciones),17919.779622,Millones - Dólares estadounidenses corrientes,2017,Dato revisado,Trimestral,Q1
3,         Débito (importaciones),17556.096653,Millones - Dólares estadounidenses corrientes,2017,Dato revisado,Trimestral,Q2
3,         Débito (importaciones),18442.629676,Millones - Dólares estadounidenses corrientes,2017,Dato revisado,Trimestral,Q3
3,         Débito (importaciones),18660.925758,Millones - Dólares estadounidenses corrientes,2017,Dato revisado,Trimestral,Q4
3,         Débito (importaciones),82840.692817,Millones - Dólares estadounidenses corrientes,2018,Dato revisado,Anual,
3,         Débito (importaciones),19169.670097,Millones - Dólares estadounidenses corrientes,2018,Dato revisado,Trimestral,Q1
3,         Débito (importaciones),20768.494681,Millones - Dólares estadounidenses corrientes,2018,Dato revisado,Trimestral,Q2
3,         Débito (importaciones),20858.224997,Millones - Dólares estadounidenses corrientes,2018,Dato revisado,Trimestral,Q3
3,         Débito (importaciones),22044.303042,Millones - Dólares estadounidenses corrientes,2018,Dato revisado,Trimestral,Q4
3,         Débito (importaciones),83127.006751,Millones - Dólares estadounidenses corrientes,2019,Dato revisado,Anual,
3,         Débito (importaciones),20371.751553,Millones - Dólares estadounidenses corrientes,2019,Dato revisado,Trimestral,Q1
3,         Débito (importaciones),20964.847248,Millones - Dólares estadounidenses corrientes,2019,Dato revisado,Trimestral,Q2
3,         Débito (importaciones),21217.586289,Millones - Dólares estadounidenses corrientes,2019,Dato revisado,Trimestral,Q3
3,         Débito (importaciones),20572.821661,Millones - Dólares estadounidenses corrientes,2019,Dato revisado,Trimestral,Q4
3,         Débito (importaciones),61687.013473,Millones - Dólares estadounidenses corrientes,2020,Dato revisado,Anual,
3,         Débito (importaciones),17407.968983,Millones - Dólares estadounidenses corrientes,2020,Dato revisado,Trimestral,Q1
3,         Débito (importaciones),12655.207101,Millones - Dólares estadounidenses corrientes,2020,Dato revisado,Trimestral,Q2
3,         Débito (importaciones),14678.459571,Millones - Dólares estadounidenses corrientes,2020,Dato revisado,Trimestral,Q3
3,         Débito (importaciones),16945.377818,Millones - Dólares estadounidenses corrientes,2020,Dato revisado,Trimestral,Q4
3,         Débito (importaciones),86731.967552,Millones - Dólares estadounidenses corrientes,2021,Dato revisado,Anual,
3,         Débito (importaciones),18040.875662,Millones - Dólares estadounidenses corrientes,2021,Dato revisado,Trimestral,Q1
3,         Débito (importaciones),19856.436354,Millones - Dólares estadounidenses corrientes,2021,Dato revisado,Trimestral,Q2
3,         Débito (importaciones),22440.966303,Millones - Dólares estadounidenses corrientes,2021,Dato revisado,Trimestral,Q3
3,         Débito (importaciones),26393.689233,Millones - Dólares estadounidenses corrientes,2021,Dato revisado,Trimestral,Q4
3,         Débito (importaciones),115009.807613,Millones - Dólares estadounidenses corrientes,2022,Dato revisado,Anual,
3,         Débito (importaciones),27136.92166,Millones - Dólares estadounidenses corrientes,2022,Dato revisado,Trimestral,Q1
3,         Débito (importaciones),29357.23939,Millones - Dólares estadounidenses corrientes,2022,Dato revisado,Trimestral,Q2
3,         Débito (importaciones),30731.416123,Millones - Dólares estadounidenses corrientes,2022,Dato revisado,Trimestral,Q3
3,         Débito (importaciones),27784.23044,Millones - Dólares estadounidenses corrientes,2022,Dato revisado,Trimestral,Q4
3,         Débito (importaciones),100314.247147,Millones - Dólares estadounidenses corrientes,2023,Dato provisional,Anual,
3,         Débito (importaciones),25545.169691,Millones - Dólares estadounidenses corrientes,2023,Dato provisional,Trimestral,Q1
3,         Débito (importaciones),24442.21186,Millones - Dólares estadounidenses corrientes,2023,Dato provisional,Trimestral,Q2
3,         Débito (importaciones),24843.113783,Millones - Dólares estadounidenses corrientes,2023,Dato provisional,Trimestral,Q3
3,         Débito (importaciones),25483.751813,Millones - Dólares estadounidenses corrientes,2023,Dato provisional,Trimestral,Q4
3,         Débito (importaciones),102683.550018,Millones - Dólares estadounidenses corrientes,2024,Dato provisional,Anual,
3,         Débito (importaciones),23813.162564,Millones - Dólares estadounidenses corrientes,2024,Dato provisional,Trimestral,Q1
3,         Débito (importaciones),25474.782372,Millones - Dólares estadounidenses corrientes,2024,Dato provisional,Trimestral,Q2
3,         Débito (importaciones),26326.659283,Millones - Dólares estadounidenses corrientes,2024,Dato provisional,Trimestral,Q3
3,         Débito (importaciones),27068.945799,Millones - Dólares estadounidenses corrientes,2024,Dato provisional,Trimestral,Q4
3,         Débito (importaciones),80949.475896,Millones - Dólares estadounidenses corrientes,2025,Dato preliminar,Anual,
3,         Débito (importaciones),25537.015888,Millones - Dólares estadounidenses corrientes,2025,Dato preliminar,Trimestral,Q1
3,         Débito (importaciones),26780.395966,Millones - Dólares estadounidenses corrientes,2025,Dato preliminar,Trimestral,Q2
3,         Débito (importaciones),28632.064042,Millones - Dólares estadounidenses corrientes,2025,Dato preliminar,Trimestral,Q3
4,              1.A Bienes y servicios,1328.66691385,Millones - Dólares estadounidenses corrientes,2000,Dato revisado,Anual,
4,              1.A Bienes y servicios,260.17144562,Millones - Dólares estadounidenses corrientes,2000,Dato revisado,Trimestral,Q1
4,              1.A Bienes y servicios,268.16557018,Millones - Dólares estadounidenses corrientes,2000,Dato revisado,Trimestral,Q2
4,              1.A Bienes y servicios,484.1037598,Millones - Dólares estadounidenses corrientes,2000,Dato revisado,Trimestral,Q3
4,              1.A Bienes y servicios,316.22613825,Millones - Dólares estadounidenses corrientes,2000,Dato revisado,Trimestral,Q4
4,              1.A Bienes y servicios,-970.53837127,Millones - Dólares estadounidenses corrientes,2001,Dato revisado,Anual,
4,              1.A Bienes y servicios,-288.2020211,Millones - Dólares estadounidenses corrientes,2001,Dato revisado,Trimestral,Q1
4,              1.A Bienes y servicios,-329.3903569,Millones - Dólares estadounidenses corrientes,2001,Dato revisado,Trimestral,Q2
4,              1.A Bienes y servicios,-37.09237247,Millones - Dólares estadounidenses corrientes,2001,Dato revisado,Trimestral,Q3
4,              1.A Bienes y servicios,-315.8536208,Millones - Dólares estadounidenses corrientes,2001,Dato revisado,Trimestral,Q4
4,              1.A Bienes y servicios,-1313.6285276,Millones - Dólares estadounidenses corrientes,2002,Dato revisado,Anual,
4,              1.A Bienes y servicios,-116.491246,Millones - Dólares estadounidenses corrientes,2002,Dato revisado,Trimestral,Q1
4,              1.A Bienes y servicios,-303.69317,Millones - Dólares estadounidenses corrientes,2002,Dato revisado,Trimestral,Q2
4,              1.A Bienes y servicios,-412.1675334,Millones - Dólares estadounidenses corrientes,2002,Dato revisado,Trimestral,Q3
4,              1.A Bienes y servicios,-481.2765782,Millones - Dólares estadounidenses corrientes,2002,Dato revisado,Trimestral,Q4
4,              1.A Bienes y servicios,-1032.73123073,Millones - Dólares estadounidenses corrientes,2003,Dato revisado,Anual,
4,              1.A Bienes y servicios,-470.3427031,Millones - Dólares estadounidenses corrientes,2003,Dato revisado,Trimestral,Q1
4,              1.A Bienes y servicios,-108.0533344,Millones - Dólares estadounidenses corrientes,2003,Dato revisado,Trimestral,Q2
4,              1.A Bienes y servicios,-17.48238153,Millones - Dólares estadounidenses corrientes,2003,Dato revisado,Trimestral,Q3
4,              1.A Bienes y servicios,-436.8528117,Millones - Dólares estadounidenses corrientes,2003,Dato revisado,Trimestral,Q4
4,              1.A Bienes y servicios,-483.13368585,Millones - Dólares estadounidenses corrientes,2004,Dato revisado,Anual,
4,              1.A Bienes y servicios,-283.5903211,Millones - Dólares estadounidenses corrientes,2004,Dato revisado,Trimestral,Q1
4,              1.A Bienes y servicios,-174.1735145,Millones - Dólares estadounidenses corrientes,2004,Dato revisado,Trimestral,Q2
4,              1.A Bienes y servicios,176.29967735,Millones - Dólares estadounidenses corrientes,2004,Dato revisado,Trimestral,Q3
4,              1.A Bienes y servicios,-201.6695276,Millones - Dólares estadounidenses corrientes,2004,Dato revisado,Trimestral,Q4
4,              1.A Bienes y servicios,-690.61444702,Millones - Dólares estadounidenses corrientes,2005,Dato revisado,Anual,
4,              1.A Bienes y servicios,-138.048013,Millones - Dólares estadounidenses corrientes,2005,Dato revisado,Trimestral,Q1
4,              1.A Bienes y servicios,-11.31911822,Millones - Dólares estadounidenses corrientes,2005,Dato revisado,Trimestral,Q2
4,              1.A Bienes y servicios,-412.3649381,Millones - Dólares estadounidenses corrientes,2005,Dato revisado,Trimestral,Q3
4,              1.A Bienes y servicios,-128.8823777,Millones - Dólares estadounidenses corrientes,2005,Dato revisado,Trimestral,Q4
4,              1.A Bienes y servicios,-1951.5444711,Millones - Dólares estadounidenses corrientes,2006,Dato revisado,Anual,
4,              1.A Bienes y servicios,-201.5116448,Millones - Dólares estadounidenses corrientes,2006,Dato revisado,Trimestral,Q1
4,              1.A Bienes y servicios,-436.785164,Millones - Dólares estadounidenses corrientes,2006,Dato revisado,Trimestral,Q2
4,              1.A Bienes y servicios,-653.1148673,Millones - Dólares estadounidenses corrientes,2006,Dato revisado,Trimestral,Q3
4,              1.A Bienes y servicios,-660.132795,Millones - Dólares estadounidenses corrientes,2006,Dato revisado,Trimestral,Q4
4,              1.A Bienes y servicios,-3441.4720174,Millones - Dólares estadounidenses corrientes,2007,Dato revisado,Anual,
4,              1.A Bienes y servicios,-1355.607235,Millones - Dólares estadounidenses corrientes,2007,Dato revisado,Trimestral,Q1
4,              1.A Bienes y servicios,-713.8339644,Millones - Dólares estadounidenses corrientes,2007,Dato revisado,Trimestral,Q2
4,              1.A Bienes y servicios,-948.4610166,Millones - Dólares estadounidenses corrientes,2007,Dato revisado,Trimestral,Q3
4,              1.A Bienes y servicios,-423.5698014,Millones - Dólares estadounidenses corrientes,2007,Dato revisado,Trimestral,Q4
4,              1.A Bienes y servicios,-2302.39754411,Millones - Dólares estadounidenses corrientes,2008,Dato revisado,Anual,
4,              1.A Bienes y servicios,-177.171862,Millones - Dólares estadounidenses corrientes,2008,Dato revisado,Trimestral,Q1
4,              1.A Bienes y servicios,296.66111189,Millones - Dólares estadounidenses corrientes,2008,Dato revisado,Trimestral,Q2
4,              1.A Bienes y servicios,-649.335851,Millones - Dólares estadounidenses corrientes,2008,Dato revisado,Trimestral,Q3
4,              1.A Bienes y servicios,-1772.550943,Millones - Dólares estadounidenses corrientes,2008,Dato revisado,Trimestral,Q4
4,              1.A Bienes y servicios,-805.72772649,Millones - Dólares estadounidenses corrientes,2009,Dato revisado,Anual,
4,              1.A Bienes y servicios,-350.1937038,Millones - Dólares estadounidenses corrientes,2009,Dato revisado,Trimestral,Q1
4,              1.A Bienes y servicios,128.38372031,Millones - Dólares estadounidenses corrientes,2009,Dato revisado,Trimestral,Q2
4,              1.A Bienes y servicios,-293.8155318,Millones - Dólares estadounidenses corrientes,2009,Dato revisado,Trimestral,Q3
4,              1.A Bienes y servicios,-290.1022112,Millones - Dólares estadounidenses corrientes,2009,Dato revisado,Trimestral,Q4
4,              1.A Bienes y servicios,-2246.15021298,Millones - Dólares estadounidenses corrientes,2010,Dato revisado,Anual,
4,              1.A Bienes y servicios,257.96519275,Millones - Dólares estadounidenses corrientes,2010,Dato revisado,Trimestral,Q1
4,              1.A Bienes y servicios,224.97493327,Millones - Dólares estadounidenses corrientes,2010,Dato revisado,Trimestral,Q2
4,              1.A Bienes y servicios,-1525.096899,Millones - Dólares estadounidenses corrientes,2010,Dato revisado,Trimestral,Q3
4,              1.A Bienes y servicios,-1203.99344,Millones - Dólares estadounidenses corrientes,2010,Dato revisado,Trimestral,Q4
4,              1.A Bienes y servicios,527.5733701465,Millones - Dólares estadounidenses corrientes,2011,Dato revisado,Anual,
4,              1.A Bienes y servicios,6.5864745465,Millones - Dólares estadounidenses corrientes,2011,Dato revisado,Trimestral,Q1
4,              1.A Bienes y servicios,619.54749993,Millones - Dólares estadounidenses corrientes,2011,Dato revisado,Trimestral,Q2
4,              1.A Bienes y servicios,-350.8019828,Millones - Dólares estadounidenses corrientes,2011,Dato revisado,Trimestral,Q3
4,              1.A Bienes y servicios,252.24137847,Millones - Dólares estadounidenses corrientes,2011,Dato revisado,Trimestral,Q4
4,              1.A Bienes y servicios,-1464.99236914,Millones - Dólares estadounidenses corrientes,2012,Dato revisado,Anual,
4,              1.A Bienes y servicios,905.07306546,Millones - Dólares estadounidenses corrientes,2012,Dato revisado,Trimestral,Q1
4,              1.A Bienes y servicios,-820.245554,Millones - Dólares estadounidenses corrientes,2012,Dato revisado,Trimestral,Q2
4,              1.A Bienes y servicios,-1341.260509,Millones - Dólares estadounidenses corrientes,2012,Dato revisado,Trimestral,Q3
4,              1.A Bienes y servicios,-208.5593716,Millones - Dólares estadounidenses corrientes,2012,Dato revisado,Trimestral,Q4
4,              1.A Bienes y servicios,-3250.49785725,Millones - Dólares estadounidenses corrientes,2013,Dato revisado,Anual,
4,              1.A Bienes y servicios,-827.6869963,Millones - Dólares estadounidenses corrientes,2013,Dato revisado,Trimestral,Q1
4,              1.A Bienes y servicios,-81.88419145,Millones - Dólares estadounidenses corrientes,2013,Dato revisado,Trimestral,Q2
4,              1.A Bienes y servicios,-1464.4866,Millones - Dólares estadounidenses corrientes,2013,Dato revisado,Trimestral,Q3
4,              1.A Bienes y servicios,-876.4400695,Millones - Dólares estadounidenses corrientes,2013,Dato revisado,Trimestral,Q4
4,              1.A Bienes y servicios,-12332.276475,Millones - Dólares estadounidenses corrientes,2014,Dato revisado,Anual,
4,              1.A Bienes y servicios,-1965.198639,Millones - Dólares estadounidenses corrientes,2014,Dato revisado,Trimestral,Q1
4,              1.A Bienes y servicios,-2062.726252,Millones - Dólares estadounidenses corrientes,2014,Dato revisado,Trimestral,Q2
4,              1.A Bienes y servicios,-2728.691237,Millones - Dólares estadounidenses corrientes,2014,Dato revisado,Trimestral,Q3
4,              1.A Bienes y servicios,-5575.660347,Millones - Dólares estadounidenses corrientes,2014,Dato revisado,Trimestral,Q4
4,              1.A Bienes y servicios,-19004.381509,Millones - Dólares estadounidenses corrientes,2015,Dato revisado,Anual,
4,              1.A Bienes y servicios,-4869.048053,Millones - Dólares estadounidenses corrientes,2015,Dato revisado,Trimestral,Q1
4,              1.A Bienes y servicios,-3785.090761,Millones - Dólares estadounidenses corrientes,2015,Dato revisado,Trimestral,Q2
4,              1.A Bienes y servicios,-5391.751824,Millones - Dólares estadounidenses corrientes,2015,Dato revisado,Trimestral,Q3
4,              1.A Bienes y servicios,-4958.490871,Millones - Dólares estadounidenses corrientes,2015,Dato revisado,Trimestral,Q4
4,              1.A Bienes y servicios,-13451.129309,Millones - Dólares estadounidenses corrientes,2016,Dato revisado,Anual,
4,              1.A Bienes y servicios,-3970.873862,Millones - Dólares estadounidenses corrientes,2016,Dato revisado,Trimestral,Q1
4,              1.A Bienes y servicios,-2935.217342,Millones - Dólares estadounidenses corrientes,2016,Dato revisado,Trimestral,Q2
4,              1.A Bienes y servicios,-3559.991024,Millones - Dólares estadounidenses corrientes,2016,Dato revisado,Trimestral,Q3
4,              1.A Bienes y servicios,-2985.047081,Millones - Dólares estadounidenses corrientes,2016,Dato revisado,Trimestral,Q4
4,              1.A Bienes y servicios,-8761.508928,Millones - Dólares estadounidenses corrientes,2017,Dato revisado,Anual,
4,              1.A Bienes y servicios,-2729.663334,Millones - Dólares estadounidenses corrientes,2017,Dato revisado,Trimestral,Q1
4,              1.A Bienes y servicios,-2551.393438,Millones - Dólares estadounidenses corrientes,2017,Dato revisado,Trimestral,Q2
4,              1.A Bienes y servicios,-2325.998505,Millones - Dólares estadounidenses corrientes,2017,Dato revisado,Trimestral,Q3
4,              1.A Bienes y servicios,-1154.453651,Millones - Dólares estadounidenses corrientes,2017,Dato revisado,Trimestral,Q4
4,              1.A Bienes y servicios,-10556.191985,Millones - Dólares estadounidenses corrientes,2018,Dato revisado,Anual,
4,              1.A Bienes y servicios,-1839.605863,Millones - Dólares estadounidenses corrientes,2018,Dato revisado,Trimestral,Q1
4,              1.A Bienes y servicios,-2557.282621,Millones - Dólares estadounidenses corrientes,2018,Dato revisado,Trimestral,Q2
4,              1.A Bienes y servicios,-2671.934783,Millones - Dólares estadounidenses corrientes,2018,Dato revisado,Trimestral,Q3
4,              1.A Bienes y servicios,-3487.368718,Millones - Dólares estadounidenses corrientes,2018,Dato revisado,Trimestral,Q4
4,              1.A Bienes y servicios,-14148.162444,Millones - Dólares estadounidenses corrientes,2019,Dato revisado,Anual,
4,              1.A Bienes y servicios,-3137.506641,Millones - Dólares estadounidenses corrientes,2019,Dato revisado,Trimestral,Q1
4,              1.A Bienes y servicios,-2997.801777,Millones - Dólares estadounidenses corrientes,2019,Dato revisado,Trimestral,Q2
4,              1.A Bienes y servicios,-4406.038758,Millones - Dólares estadounidenses corrientes,2019,Dato revisado,Trimestral,Q3
4,              1.A Bienes y servicios,-3606.815268,Millones - Dólares estadounidenses corrientes,2019,Dato revisado,Trimestral,Q4
4,              1.A Bienes y servicios,-13104.751155,Millones - Dólares estadounidenses corrientes,2020,Dato revisado,Anual,
4,              1.A Bienes y servicios,-3098.351514,Millones - Dólares estadounidenses corrientes,2020,Dato revisado,Trimestral,Q1
4,              1.A Bienes y servicios,-2651.009698,Millones - Dólares estadounidenses corrientes,2020,Dato revisado,Trimestral,Q2
4,              1.A Bienes y servicios,-3263.039371,Millones - Dólares estadounidenses corrientes,2020,Dato revisado,Trimestral,Q3
4,              1.A Bienes y servicios,-4092.350572,Millones - Dólares estadounidenses corrientes,2020,Dato revisado,Trimestral,Q4
4,              1.A Bienes y servicios,-20000.67916,Millones - Dólares estadounidenses corrientes,2021,Dato revisado,Anual,
4,              1.A Bienes y servicios,-3688.06894,Millones - Dólares estadounidenses corrientes,2021,Dato revisado,Trimestral,Q1
4,              1.A Bienes y servicios,-5021.710596,Millones - Dólares estadounidenses corrientes,2021,Dato revisado,Trimestral,Q2
4,              1.A Bienes y servicios,-5258.663424,Millones - Dólares estadounidenses corrientes,2021,Dato revisado,Trimestral,Q3
4,              1.A Bienes y servicios,-6032.2362,Millones - Dólares estadounidenses corrientes,2021,Dato revisado,Trimestral,Q4
4,              1.A Bienes y servicios,-16067.806443,Millones - Dólares estadounidenses corrientes,2022,Dato revisado,Anual,
4,              1.A Bienes y servicios,-4950.451239,Millones - Dólares estadounidenses corrientes,2022,Dato revisado,Trimestral,Q1
4,              1.A Bienes y servicios,-3049.941472,Millones - Dólares estadounidenses corrientes,2022,Dato revisado,Trimestral,Q2
4,              1.A Bienes y servicios,-4409.30452,Millones - Dólares estadounidenses corrientes,2022,Dato revisado,Trimestral,Q3
4,              1.A Bienes y servicios,-3658.109212,Millones - Dólares estadounidenses corrientes,2022,Dato revisado,Trimestral,Q4
4,              1.A Bienes y servicios,-7766.425387,Millones - Dólares estadounidenses corrientes,2023,Dato provisional,Anual,
4,              1.A Bienes y servicios,-2165.747843,Millones - Dólares estadounidenses corrientes,2023,Dato provisional,Trimestral,Q1
4,              1.A Bienes y servicios,-2045.047653,Millones - Dólares estadounidenses corrientes,2023,Dato provisional,Trimestral,Q2
4,              1.A Bienes y servicios,-1390.051205,Millones - Dólares estadounidenses corrientes,2023,Dato provisional,Trimestral,Q3
4,              1.A Bienes y servicios,-2165.578686,Millones - Dólares estadounidenses corrientes,2023,Dato provisional,Trimestral,Q4
4,              1.A Bienes y servicios,-9551.424053,Millones - Dólares estadounidenses corrientes,2024,Dato provisional,Anual,
4,              1.A Bienes y servicios,-1770.114162,Millones - Dólares estadounidenses corrientes,2024,Dato provisional,Trimestral,Q1
4,              1.A Bienes y servicios,-2338.684905,Millones - Dólares estadounidenses corrientes,2024,Dato provisional,Trimestral,Q2
4,              1.A Bienes y servicios,-2333.4419,Millones - Dólares estadounidenses corrientes,2024,Dato provisional,Trimestral,Q3
4,              1.A Bienes y servicios,-3109.183086,Millones - Dólares estadounidenses corrientes,2024,Dato provisional,Trimestral,Q4
4,              1.A Bienes y servicios,-10349.029258,Millones - Dólares estadounidenses corrientes,2025,Dato preliminar,Anual,
4,              1.A Bienes y servicios,-2681.70512,Millones - Dólares estadounidenses corrientes,2025,Dato preliminar,Trimestral,Q1
4,              1.A Bienes y servicios,-3771.115857,Millones - Dólares estadounidenses corrientes,2025,Dato preliminar,Trimestral,Q2
4,              1.A Bienes y servicios,-3896.208281,Millones - Dólares estadounidenses corrientes,2025,Dato preliminar,Trimestral,Q3
5,                   Crédito (exportaciones),15806.6650611,Millones - Dólares estadounidenses corrientes,2000,Dato revisado,Anual,
5,                   Crédito (exportaciones),3735.0923805,Millones - Dólares estadounidenses corrientes,2000,Dato revisado,Trimestral,Q1
5,                   Crédito (exportaciones),3843.2061759,Millones - Dólares estadounidenses corrientes,2000,Dato revisado,Trimestral,Q2
5,                   Crédito (exportaciones),4119.7563671,Millones - Dólares estadounidenses corrientes,2000,Dato revisado,Trimestral,Q3
5,                   Crédito (exportaciones),4108.6101376,Millones - Dólares estadounidenses corrientes,2000,Dato revisado,Trimestral,Q4
5,                   Crédito (exportaciones),15063.0819188,Millones - Dólares estadounidenses corrientes,2001,Dato revisado,Anual,
5,                   Crédito (exportaciones),3627.2535032,Millones - Dólares estadounidenses corrientes,2001,Dato revisado,Trimestral,Q1
5,                   Crédito (exportaciones),3808.2207341,Millones - Dólares estadounidenses corrientes,2001,Dato revisado,Trimestral,Q2
5,                   Crédito (exportaciones),3955.4111031,Millones - Dólares estadounidenses corrientes,2001,Dato revisado,Trimestral,Q3
5,                   Crédito (exportaciones),3672.1965784,Millones - Dólares estadounidenses corrientes,2001,Dato revisado,Trimestral,Q4
5,                   Crédito (exportaciones),14257.3101269,Millones - Dólares estadounidenses corrientes,2002,Dato revisado,Anual,
5,                   Crédito (exportaciones),3307.1773782,Millones - Dólares estadounidenses corrientes,2002,Dato revisado,Trimestral,Q1
5,                   Crédito (exportaciones),3711.2647298,Millones - Dólares estadounidenses corrientes,2002,Dato revisado,Trimestral,Q2
5,                   Crédito (exportaciones),3595.9791796,Millones - Dólares estadounidenses corrientes,2002,Dato revisado,Trimestral,Q3
5,                   Crédito (exportaciones),3642.8888393,Millones - Dólares estadounidenses corrientes,2002,Dato revisado,Trimestral,Q4
5,                   Crédito (exportaciones),15727.8879685,Millones - Dólares estadounidenses corrientes,2003,Dato revisado,Anual,
5,                   Crédito (exportaciones),3491.8897963,Millones - Dólares estadounidenses corrientes,2003,Dato revisado,Trimestral,Q1
5,                   Crédito (exportaciones),3860.2611902,Millones - Dólares estadounidenses corrientes,2003,Dato revisado,Trimestral,Q2
5,                   Crédito (exportaciones),4336.1430347,Millones - Dólares estadounidenses corrientes,2003,Dato revisado,Trimestral,Q3
5,                   Crédito (exportaciones),4039.5939473,Millones - Dólares estadounidenses corrientes,2003,Dato revisado,Trimestral,Q4
5,                   Crédito (exportaciones),19632.2053564,Millones - Dólares estadounidenses corrientes,2004,Dato revisado,Anual,
5,                   Crédito (exportaciones),4052.1654251,Millones - Dólares estadounidenses corrientes,2004,Dato revisado,Trimestral,Q1
5,                   Crédito (exportaciones),4685.172678,Millones - Dólares estadounidenses corrientes,2004,Dato revisado,Trimestral,Q2
5,                   Crédito (exportaciones),5322.3491576,Millones - Dólares estadounidenses corrientes,2004,Dato revisado,Trimestral,Q3
5,                   Crédito (exportaciones),5572.5180957,Millones - Dólares estadounidenses corrientes,2004,Dato revisado,Trimestral,Q4
5,                   Crédito (exportaciones),24664.820327,Millones - Dólares estadounidenses corrientes,2005,Dato revisado,Anual,
5,                   Crédito (exportaciones),5374.3967915,Millones - Dólares estadounidenses corrientes,2005,Dato revisado,Trimestral,Q1
5,                   Crédito (exportaciones),6399.2811905,Millones - Dólares estadounidenses corrientes,2005,Dato revisado,Trimestral,Q2
5,                   Crédito (exportaciones),6323.047104,Millones - Dólares estadounidenses corrientes,2005,Dato revisado,Trimestral,Q3
5,                   Crédito (exportaciones),6568.095241,Millones - Dólares estadounidenses corrientes,2005,Dato revisado,Trimestral,Q4
5,                   Crédito (exportaciones),28861.7295295,Millones - Dólares estadounidenses corrientes,2006,Dato revisado,Anual,
5,                   Crédito (exportaciones),6499.6419682,Millones - Dólares estadounidenses corrientes,2006,Dato revisado,Trimestral,Q1
5,                   Crédito (exportaciones),7068.2604059,Millones - Dólares estadounidenses corrientes,2006,Dato revisado,Trimestral,Q2
5,                   Crédito (exportaciones),7475.485636,Millones - Dólares estadounidenses corrientes,2006,Dato revisado,Trimestral,Q3
5,                   Crédito (exportaciones),7818.3415194,Millones - Dólares estadounidenses corrientes,2006,Dato revisado,Trimestral,Q4
5,                   Crédito (exportaciones),35127.7311465,Millones - Dólares estadounidenses corrientes,2007,Dato revisado,Anual,
5,                   Crédito (exportaciones),7314.193145,Millones - Dólares estadounidenses corrientes,2007,Dato revisado,Trimestral,Q1
5,                   Crédito (exportaciones),8516.9568447,Millones - Dólares estadounidenses corrientes,2007,Dato revisado,Trimestral,Q2
5,                   Crédito (exportaciones),8991.1494698,Millones - Dólares estadounidenses corrientes,2007,Dato revisado,Trimestral,Q3
5,                   Crédito (exportaciones),10305.431687,Millones - Dólares estadounidenses corrientes,2007,Dato revisado,Trimestral,Q4
5,                   Crédito (exportaciones),43941.065345,Millones - Dólares estadounidenses corrientes,2008,Dato revisado,Anual,
5,                   Crédito (exportaciones),10188.458043,Millones - Dólares estadounidenses corrientes,2008,Dato revisado,Trimestral,Q1
5,                   Crédito (exportaciones),11938.242381,Millones - Dólares estadounidenses corrientes,2008,Dato revisado,Trimestral,Q2
5,                   Crédito (exportaciones),11789.857788,Millones - Dólares estadounidenses corrientes,2008,Dato revisado,Trimestral,Q3
5,                   Crédito (exportaciones),10024.507133,Millones - Dólares estadounidenses corrientes,2008,Dato revisado,Trimestral,Q4
5,                   Crédito (exportaciones),39349.5312584,Millones - Dólares estadounidenses corrientes,2009,Dato revisado,Anual,
5,                   Crédito (exportaciones),9184.6796936,Millones - Dólares estadounidenses corrientes,2009,Dato revisado,Trimestral,Q1
5,                   Crédito (exportaciones),9359.9057241,Millones - Dólares estadounidenses corrientes,2009,Dato revisado,Trimestral,Q2
5,                   Crédito (exportaciones),9998.5251047,Millones - Dólares estadounidenses corrientes,2009,Dato revisado,Trimestral,Q3
5,                   Crédito (exportaciones),10806.420736,Millones - Dólares estadounidenses corrientes,2009,Dato revisado,Trimestral,Q4
5,                   Crédito (exportaciones),46785.45179,Millones - Dólares estadounidenses corrientes,2010,Dato revisado,Anual,
5,                   Crédito (exportaciones),10832.660598,Millones - Dólares estadounidenses corrientes,2010,Dato revisado,Trimestral,Q1
5,                   Crédito (exportaciones),11592.119647,Millones - Dólares estadounidenses corrientes,2010,Dato revisado,Trimestral,Q2
5,                   Crédito (exportaciones),11613.279087,Millones - Dólares estadounidenses corrientes,2010,Dato revisado,Trimestral,Q3
5,                   Crédito (exportaciones),12747.392458,Millones - Dólares estadounidenses corrientes,2010,Dato revisado,Trimestral,Q4
5,                   Crédito (exportaciones),64787.888897,Millones - Dólares estadounidenses corrientes,2011,Dato revisado,Anual,
5,                   Crédito (exportaciones),14308.83224,Millones - Dólares estadounidenses corrientes,2011,Dato revisado,Trimestral,Q1
5,                   Crédito (exportaciones),16504.534625,Millones - Dólares estadounidenses corrientes,2011,Dato revisado,Trimestral,Q2
5,                   Crédito (exportaciones),16499.36756,Millones - Dólares estadounidenses corrientes,2011,Dato revisado,Trimestral,Q3
5,                   Crédito (exportaciones),17475.154472,Millones - Dólares estadounidenses corrientes,2011,Dato revisado,Trimestral,Q4
5,                   Crédito (exportaciones),69151.698476,Millones - Dólares estadounidenses corrientes,2012,Dato revisado,Anual,
5,                   Crédito (exportaciones),17551.174664,Millones - Dólares estadounidenses corrientes,2012,Dato revisado,Trimestral,Q1
5,                   Crédito (exportaciones),17047.252113,Millones - Dólares estadounidenses corrientes,2012,Dato revisado,Trimestral,Q2
5,                   Crédito (exportaciones),16827.415643,Millones - Dólares estadounidenses corrientes,2012,Dato revisado,Trimestral,Q3
5,                   Crédito (exportaciones),17725.856056,Millones - Dólares estadounidenses corrientes,2012,Dato revisado,Trimestral,Q4
5,                   Crédito (exportaciones),68566.793473,Millones - Dólares estadounidenses corrientes,2013,Dato revisado,Anual,
5,                   Crédito (exportaciones),16308.884231,Millones - Dólares estadounidenses corrientes,2013,Dato revisado,Trimestral,Q1
5,                   Crédito (exportaciones),17543.396896,Millones - Dólares estadounidenses corrientes,2013,Dato revisado,Trimestral,Q2
5,                   Crédito (exportaciones),16940.462854,Millones - Dólares estadounidenses corrientes,2013,Dato revisado,Trimestral,Q3
5,                   Crédito (exportaciones),17774.049492,Millones - Dólares estadounidenses corrientes,2013,Dato revisado,Trimestral,Q4
5,                   Crédito (exportaciones),65426.481788,Millones - Dólares estadounidenses corrientes,2014,Dato revisado,Anual,
5,                   Crédito (exportaciones),15964.416442,Millones - Dólares estadounidenses corrientes,2014,Dato revisado,Trimestral,Q1
5,                   Crédito (exportaciones),16979.664087,Millones - Dólares estadounidenses corrientes,2014,Dato revisado,Trimestral,Q2
5,                   Crédito (exportaciones),17661.240668,Millones - Dólares estadounidenses corrientes,2014,Dato revisado,Trimestral,Q3
5,                   Crédito (exportaciones),14821.160591,Millones - Dólares estadounidenses corrientes,2014,Dato revisado,Trimestral,Q4
5,                   Crédito (exportaciones),47006.535262,Millones - Dólares estadounidenses corrientes,2015,Dato revisado,Anual,
5,                   Crédito (exportaciones),12106.260659,Millones - Dólares estadounidenses corrientes,2015,Dato revisado,Trimestral,Q1
5,                   Crédito (exportaciones),12345.980966,Millones - Dólares estadounidenses corrientes,2015,Dato revisado,Trimestral,Q2
5,                   Crédito (exportaciones),11659.568059,Millones - Dólares estadounidenses corrientes,2015,Dato revisado,Trimestral,Q3
5,                   Crédito (exportaciones),10894.725578,Millones - Dólares estadounidenses corrientes,2015,Dato revisado,Trimestral,Q4
5,                   Crédito (exportaciones),42768.836037,Millones - Dólares estadounidenses corrientes,2016,Dato revisado,Anual,
5,                   Crédito (exportaciones),9220.759411,Millones - Dólares estadounidenses corrientes,2016,Dato revisado,Trimestral,Q1
5,                   Crédito (exportaciones),10738.509519,Millones - Dólares estadounidenses corrientes,2016,Dato revisado,Trimestral,Q2
5,                   Crédito (exportaciones),11018.201387,Millones - Dólares estadounidenses corrientes,2016,Dato revisado,Trimestral,Q3
5,                   Crédito (exportaciones),11791.36572,Millones - Dólares estadounidenses corrientes,2016,Dato revisado,Trimestral,Q4
5,                   Crédito (exportaciones),49321.637421,Millones - Dólares estadounidenses corrientes,2017,Dato revisado,Anual,
5,                   Crédito (exportaciones),11377.193371,Millones - Dólares estadounidenses corrientes,2017,Dato revisado,Trimestral,Q1
5,                   Crédito (exportaciones),11786.042132,Millones - Dólares estadounidenses corrientes,2017,Dato revisado,Trimestral,Q2
5,                   Crédito (exportaciones),12521.06988,Millones - Dólares estadounidenses corrientes,2017,Dato revisado,Trimestral,Q3
5,                   Crédito (exportaciones),13637.332038,Millones - Dólares estadounidenses corrientes,2017,Dato revisado,Trimestral,Q4
5,                   Crédito (exportaciones),53724.018797,Millones - Dólares estadounidenses corrientes,2018,Dato revisado,Anual,
5,                   Crédito (exportaciones),12657.3546,Millones - Dólares estadounidenses corrientes,2018,Dato revisado,Trimestral,Q1
5,                   Crédito (exportaciones),13634.371773,Millones - Dólares estadounidenses corrientes,2018,Dato revisado,Trimestral,Q2
5,                   Crédito (exportaciones),13649.764011,Millones - Dólares estadounidenses corrientes,2018,Dato revisado,Trimestral,Q3
5,                   Crédito (exportaciones),13782.528413,Millones - Dólares estadounidenses corrientes,2018,Dato revisado,Trimestral,Q4
5,                   Crédito (exportaciones),51324.02002,Millones - Dólares estadounidenses corrientes,2019,Dato revisado,Anual,
5,                   Crédito (exportaciones),12627.020688,Millones - Dólares estadounidenses corrientes,2019,Dato revisado,Trimestral,Q1
5,                   Crédito (exportaciones),13422.0357,Millones - Dólares estadounidenses corrientes,2019,Dato revisado,Trimestral,Q2
5,                   Crédito (exportaciones),12544.770144,Millones - Dólares estadounidenses corrientes,2019,Dato revisado,Trimestral,Q3
5,                   Crédito (exportaciones),12730.193488,Millones - Dólares estadounidenses corrientes,2019,Dato revisado,Trimestral,Q4
5,                   Crédito (exportaciones),38223.6324565,Millones - Dólares estadounidenses corrientes,2020,Dato revisado,Anual,
5,                   Crédito (exportaciones),11574.707891,Millones - Dólares estadounidenses corrientes,2020,Dato revisado,Trimestral,Q1
5,                   Crédito (exportaciones),7745.8152488,Millones - Dólares estadounidenses corrientes,2020,Dato revisado,Trimestral,Q2
5,                   Crédito (exportaciones),8923.0570212,Millones - Dólares estadounidenses corrientes,2020,Dato revisado,Trimestral,Q3
5,                   Crédito (exportaciones),9980.0522955,Millones - Dólares estadounidenses corrientes,2020,Dato revisado,Trimestral,Q4
5,                   Crédito (exportaciones),50913.440354,Millones - Dólares estadounidenses corrientes,2021,Dato revisado,Anual,
5,                   Crédito (exportaciones),10856.500213,Millones - Dólares estadounidenses corrientes,2021,Dato revisado,Trimestral,Q1
5,                   Crédito (exportaciones),11316.80546,Millones - Dólares estadounidenses corrientes,2021,Dato revisado,Trimestral,Q2
5,                   Crédito (exportaciones),13232.477205,Millones - Dólares estadounidenses corrientes,2021,Dato revisado,Trimestral,Q3
5,                   Crédito (exportaciones),15507.657476,Millones - Dólares estadounidenses corrientes,2021,Dato revisado,Trimestral,Q4
5,                   Crédito (exportaciones),73501.089336,Millones - Dólares estadounidenses corrientes,2022,Dato revisado,Anual,
5,                   Crédito (exportaciones),16664.799895,Millones - Dólares estadounidenses corrientes,2022,Dato revisado,Trimestral,Q1
5,                   Crédito (exportaciones),19666.814346,Millones - Dólares estadounidenses corrientes,2022,Dato revisado,Trimestral,Q2
5,                   Crédito (exportaciones),19467.592037,Millones - Dólares estadounidenses corrientes,2022,Dato revisado,Trimestral,Q3
5,                   Crédito (exportaciones),17701.883058,Millones - Dólares estadounidenses corrientes,2022,Dato revisado,Trimestral,Q4
5,                   Crédito (exportaciones),68655.559273,Millones - Dólares estadounidenses corrientes,2023,Dato provisional,Anual,
5,                   Crédito (exportaciones),17168.163697,Millones - Dólares estadounidenses corrientes,2023,Dato provisional,Trimestral,Q1
5,                   Crédito (exportaciones),16613.887928,Millones - Dólares estadounidenses corrientes,2023,Dato provisional,Trimestral,Q2
5,                   Crédito (exportaciones),17378.838649,Millones - Dólares estadounidenses corrientes,2023,Dato provisional,Trimestral,Q3
5,                   Crédito (exportaciones),17494.668999,Millones - Dólares estadounidenses corrientes,2023,Dato provisional,Trimestral,Q4
5,                   Crédito (exportaciones),69193.139899,Millones - Dólares estadounidenses corrientes,2024,Dato provisional,Anual,
5,                   Crédito (exportaciones),16123.393292,Millones - Dólares estadounidenses corrientes,2024,Dato provisional,Trimestral,Q1
5,                   Crédito (exportaciones),17244.580096,Millones - Dólares estadounidenses corrientes,2024,Dato provisional,Trimestral,Q2
5,                   Crédito (exportaciones),17871.80147,Millones - Dólares estadounidenses corrientes,2024,Dato provisional,Trimestral,Q3
5,                   Crédito (exportaciones),17953.365041,Millones - Dólares estadounidenses corrientes,2024,Dato provisional,Trimestral,Q4
5,                   Crédito (exportaciones),53105.027542,Millones - Dólares estadounidenses corrientes,2025,Dato preliminar,Anual,
5,                   Crédito (exportaciones),17061.155794,Millones - Dólares estadounidenses corrientes,2025,Dato preliminar,Trimestral,Q1
5,                   Crédito (exportaciones),17362.926348,Millones - Dólares estadounidenses corrientes,2025,Dato preliminar,Trimestral,Q2
5,                   Crédito (exportaciones),18680.9454,Millones - Dólares estadounidenses corrientes,2025,Dato preliminar,Trimestral,Q3
6,                   Débito (importaciones),14477.9981474,Millones - Dólares estadounidenses corrientes,2000,Dato revisado,Anual,
6,                   Débito (importaciones),3474.9209349,Millones - Dólares estadounidenses corrientes,2000,Dato revisado,Trimestral,Q1
6,                   Débito (importaciones),3575.0406058,Millones - Dólares estadounidenses corrientes,2000,Dato revisado,Trimestral,Q2
6,                   Débito (importaciones),3635.6526073,Millones - Dólares estadounidenses corrientes,2000,Dato revisado,Trimestral,Q3
6,                   Débito (importaciones),3792.3839994,Millones - Dólares estadounidenses corrientes,2000,Dato revisado,Trimestral,Q4
6,                   Débito (importaciones),16033.6202901,Millones - Dólares estadounidenses corrientes,2001,Dato revisado,Anual,
6,                   Débito (importaciones),3915.4555243,Millones - Dólares estadounidenses corrientes,2001,Dato revisado,Trimestral,Q1
6,                   Débito (importaciones),4137.611091,Millones - Dólares estadounidenses corrientes,2001,Dato revisado,Trimestral,Q2
6,                   Débito (importaciones),3992.5034756,Millones - Dólares estadounidenses corrientes,2001,Dato revisado,Trimestral,Q3
6,                   Débito (importaciones),3988.0501992,Millones - Dólares estadounidenses corrientes,2001,Dato revisado,Trimestral,Q4
6,                   Débito (importaciones),15570.9386548,Millones - Dólares estadounidenses corrientes,2002,Dato revisado,Anual,
6,                   Débito (importaciones),3423.6686243,Millones - Dólares estadounidenses corrientes,2002,Dato revisado,Trimestral,Q1
6,                   Débito (importaciones),4014.9578999,Millones - Dólares estadounidenses corrientes,2002,Dato revisado,Trimestral,Q2
6,                   Débito (importaciones),4008.146713,Millones - Dólares estadounidenses corrientes,2002,Dato revisado,Trimestral,Q3
6,                   Débito (importaciones),4124.1654176,Millones - Dólares estadounidenses corrientes,2002,Dato revisado,Trimestral,Q4
6,                   Débito (importaciones),16760.6191992,Millones - Dólares estadounidenses corrientes,2003,Dato revisado,Anual,
6,                   Débito (importaciones),3962.2324994,Millones - Dólares estadounidenses corrientes,2003,Dato revisado,Trimestral,Q1
6,                   Débito (importaciones),3968.3145246,Millones - Dólares estadounidenses corrientes,2003,Dato revisado,Trimestral,Q2
6,                   Débito (importaciones),4353.6254162,Millones - Dólares estadounidenses corrientes,2003,Dato revisado,Trimestral,Q3
6,                   Débito (importaciones),4476.446759,Millones - Dólares estadounidenses corrientes,2003,Dato revisado,Trimestral,Q4
6,                   Débito (importaciones),20115.3390421,Millones - Dólares estadounidenses corrientes,2004,Dato revisado,Anual,
6,                   Débito (importaciones),4335.7557462,Millones - Dólares estadounidenses corrientes,2004,Dato revisado,Trimestral,Q1
6,                   Débito (importaciones),4859.3461924,Millones - Dólares estadounidenses corrientes,2004,Dato revisado,Trimestral,Q2
6,                   Débito (importaciones),5146.0494802,Millones - Dólares estadounidenses corrientes,2004,Dato revisado,Trimestral,Q3
6,                   Débito (importaciones),5774.1876233,Millones - Dólares estadounidenses corrientes,2004,Dato revisado,Trimestral,Q4
6,                   Débito (importaciones),25355.4347741,Millones - Dólares estadounidenses corrientes,2005,Dato revisado,Anual,
6,                   Débito (importaciones),5512.4448045,Millones - Dólares estadounidenses corrientes,2005,Dato revisado,Trimestral,Q1
6,                   Débito (importaciones),6410.6003087,Millones - Dólares estadounidenses corrientes,2005,Dato revisado,Trimestral,Q2
6,                   Débito (importaciones),6735.4120422,Millones - Dólares estadounidenses corrientes,2005,Dato revisado,Trimestral,Q3
6,                   Débito (importaciones),6696.9776187,Millones - Dólares estadounidenses corrientes,2005,Dato revisado,Trimestral,Q4
6,                   Débito (importaciones),30813.2740006,Millones - Dólares estadounidenses corrientes,2006,Dato revisado,Anual,
6,                   Débito (importaciones),6701.1536129,Millones - Dólares estadounidenses corrientes,2006,Dato revisado,Trimestral,Q1
6,                   Débito (importaciones),7505.0455699,Millones - Dólares estadounidenses corrientes,2006,Dato revisado,Trimestral,Q2
6,                   Débito (importaciones),8128.6005033,Millones - Dólares estadounidenses corrientes,2006,Dato revisado,Trimestral,Q3
6,                   Débito (importaciones),8478.4743145,Millones - Dólares estadounidenses corrientes,2006,Dato revisado,Trimestral,Q4
6,                   Débito (importaciones),38569.2031631,Millones - Dólares estadounidenses corrientes,2007,Dato revisado,Anual,
6,                   Débito (importaciones),8669.8003796,Millones - Dólares estadounidenses corrientes,2007,Dato revisado,Trimestral,Q1
6,                   Débito (importaciones),9230.7908091,Millones - Dólares estadounidenses corrientes,2007,Dato revisado,Trimestral,Q2
6,                   Débito (importaciones),9939.6104864,Millones - Dólares estadounidenses corrientes,2007,Dato revisado,Trimestral,Q3
6,                   Débito (importaciones),10729.001488,Millones - Dólares estadounidenses corrientes,2007,Dato revisado,Trimestral,Q4
6,                   Débito (importaciones),46243.462889,Millones - Dólares estadounidenses corrientes,2008,Dato revisado,Anual,
6,                   Débito (importaciones),10365.629905,Millones - Dólares estadounidenses corrientes,2008,Dato revisado,Trimestral,Q1
6,                   Débito (importaciones),11641.581269,Millones - Dólares estadounidenses corrientes,2008,Dato revisado,Trimestral,Q2
6,                   Débito (importaciones),12439.193639,Millones - Dólares estadounidenses corrientes,2008,Dato revisado,Trimestral,Q3
6,                   Débito (importaciones),11797.058076,Millones - Dólares estadounidenses corrientes,2008,Dato revisado,Trimestral,Q4
6,                   Débito (importaciones),40155.2589842,Millones - Dólares estadounidenses corrientes,2009,Dato revisado,Anual,
6,                   Débito (importaciones),9534.8733975,Millones - Dólares estadounidenses corrientes,2009,Dato revisado,Trimestral,Q1
6,                   Débito (importaciones),9231.5220037,Millones - Dólares estadounidenses corrientes,2009,Dato revisado,Trimestral,Q2
6,                   Débito (importaciones),10292.340636,Millones - Dólares estadounidenses corrientes,2009,Dato revisado,Trimestral,Q3
6,                   Débito (importaciones),11096.522947,Millones - Dólares estadounidenses corrientes,2009,Dato revisado,Trimestral,Q4
6,                   Débito (importaciones),49031.602002,Millones - Dólares estadounidenses corrientes,2010,Dato revisado,Anual,
6,                   Débito (importaciones),10574.695405,Millones - Dólares estadounidenses corrientes,2010,Dato revisado,Trimestral,Q1
6,                   Débito (importaciones),11367.144713,Millones - Dólares estadounidenses corrientes,2010,Dato revisado,Trimestral,Q2
6,                   Débito (importaciones),13138.375986,Millones - Dólares estadounidenses corrientes,2010,Dato revisado,Trimestral,Q3
6,                   Débito (importaciones),13951.385898,Millones - Dólares estadounidenses corrientes,2010,Dato revisado,Trimestral,Q4
6,                   Débito (importaciones),64260.315526,Millones - Dólares estadounidenses corrientes,2011,Dato revisado,Anual,
6,                   Débito (importaciones),14302.245765,Millones - Dólares estadounidenses corrientes,2011,Dato revisado,Trimestral,Q1
6,                   Débito (importaciones),15884.987125,Millones - Dólares estadounidenses corrientes,2011,Dato revisado,Trimestral,Q2
6,                   Débito (importaciones),16850.169543,Millones - Dólares estadounidenses corrientes,2011,Dato revisado,Trimestral,Q3
6,                   Débito (importaciones),17222.913093,Millones - Dólares estadounidenses corrientes,2011,Dato revisado,Trimestral,Q4
6,                   Débito (importaciones),70616.690844,Millones - Dólares estadounidenses corrientes,2012,Dato revisado,Anual,
6,                   Débito (importaciones),16646.101598,Millones - Dólares estadounidenses corrientes,2012,Dato revisado,Trimestral,Q1
6,                   Débito (importaciones),17867.497667,Millones - Dólares estadounidenses corrientes,2012,Dato revisado,Trimestral,Q2
6,                   Débito (importaciones),18168.676152,Millones - Dólares estadounidenses corrientes,2012,Dato revisado,Trimestral,Q3
6,                   Débito (importaciones),17934.415427,Millones - Dólares estadounidenses corrientes,2012,Dato revisado,Trimestral,Q4
6,                   Débito (importaciones),71817.291331,Millones - Dólares estadounidenses corrientes,2013,Dato revisado,Anual,
6,                   Débito (importaciones),17136.571227,Millones - Dólares estadounidenses corrientes,2013,Dato revisado,Trimestral,Q1
6,                   Débito (importaciones),17625.281087,Millones - Dólares estadounidenses corrientes,2013,Dato revisado,Trimestral,Q2
6,                   Débito (importaciones),18404.949455,Millones - Dólares estadounidenses corrientes,2013,Dato revisado,Trimestral,Q3
6,                   Débito (importaciones),18650.489562,Millones - Dólares estadounidenses corrientes,2013,Dato revisado,Trimestral,Q4
6,                   Débito (importaciones),77758.758263,Millones - Dólares estadounidenses corrientes,2014,Dato revisado,Anual,
6,                   Débito (importaciones),17929.615081,Millones - Dólares estadounidenses corrientes,2014,Dato revisado,Trimestral,Q1
6,                   Débito (importaciones),19042.390339,Millones - Dólares estadounidenses corrientes,2014,Dato revisado,Trimestral,Q2
6,                   Débito (importaciones),20389.931905,Millones - Dólares estadounidenses corrientes,2014,Dato revisado,Trimestral,Q3
6,                   Débito (importaciones),20396.820938,Millones - Dólares estadounidenses corrientes,2014,Dato revisado,Trimestral,Q4
6,                   Débito (importaciones),66010.916771,Millones - Dólares estadounidenses corrientes,2015,Dato revisado,Anual,
6,                   Débito (importaciones),16975.308712,Millones - Dólares estadounidenses corrientes,2015,Dato revisado,Trimestral,Q1
6,                   Débito (importaciones),16131.071726,Millones - Dólares estadounidenses corrientes,2015,Dato revisado,Trimestral,Q2
6,                   Débito (importaciones),17051.319884,Millones - Dólares estadounidenses corrientes,2015,Dato revisado,Trimestral,Q3
6,                   Débito (importaciones),15853.216449,Millones - Dólares estadounidenses corrientes,2015,Dato revisado,Trimestral,Q4
6,                   Débito (importaciones),56219.965346,Millones - Dólares estadounidenses corrientes,2016,Dato revisado,Anual,
6,                   Débito (importaciones),13191.633273,Millones - Dólares estadounidenses corrientes,2016,Dato revisado,Trimestral,Q1
6,                   Débito (importaciones),13673.726862,Millones - Dólares estadounidenses corrientes,2016,Dato revisado,Trimestral,Q2
6,                   Débito (importaciones),14578.192411,Millones - Dólares estadounidenses corrientes,2016,Dato revisado,Trimestral,Q3
6,                   Débito (importaciones),14776.4128,Millones - Dólares estadounidenses corrientes,2016,Dato revisado,Trimestral,Q4
6,                   Débito (importaciones),58083.14635,Millones - Dólares estadounidenses corrientes,2017,Dato revisado,Anual,
6,                   Débito (importaciones),14106.856706,Millones - Dólares estadounidenses corrientes,2017,Dato revisado,Trimestral,Q1
6,                   Débito (importaciones),14337.43557,Millones - Dólares estadounidenses corrientes,2017,Dato revisado,Trimestral,Q2
6,                   Débito (importaciones),14847.068385,Millones - Dólares estadounidenses corrientes,2017,Dato revisado,Trimestral,Q3
6,                   Débito (importaciones),14791.785689,Millones - Dólares estadounidenses corrientes,2017,Dato revisado,Trimestral,Q4
6,                   Débito (importaciones),64280.210785,Millones - Dólares estadounidenses corrientes,2018,Dato revisado,Anual,
6,                   Débito (importaciones),14496.960463,Millones - Dólares estadounidenses corrientes,2018,Dato revisado,Trimestral,Q1
6,                   Débito (importaciones),16191.654395,Millones - Dólares estadounidenses corrientes,2018,Dato revisado,Trimestral,Q2
6,                   Débito (importaciones),16321.698795,Millones - Dólares estadounidenses corrientes,2018,Dato revisado,Trimestral,Q3
6,                   Débito (importaciones),17269.897132,Millones - Dólares estadounidenses corrientes,2018,Dato revisado,Trimestral,Q4
6,                   Débito (importaciones),65472.182464,Millones - Dólares estadounidenses corrientes,2019,Dato revisado,Anual,
6,                   Débito (importaciones),15764.527329,Millones - Dólares estadounidenses corrientes,2019,Dato revisado,Trimestral,Q1
6,                   Débito (importaciones),16419.837477,Millones - Dólares estadounidenses corrientes,2019,Dato revisado,Trimestral,Q2
6,                   Débito (importaciones),16950.808902,Millones - Dólares estadounidenses corrientes,2019,Dato revisado,Trimestral,Q3
6,                   Débito (importaciones),16337.008756,Millones - Dólares estadounidenses corrientes,2019,Dato revisado,Trimestral,Q4
6,                   Débito (importaciones),51328.383612,Millones - Dólares estadounidenses corrientes,2020,Dato revisado,Anual,
6,                   Débito (importaciones),14673.059405,Millones - Dólares estadounidenses corrientes,2020,Dato revisado,Trimestral,Q1
6,                   Débito (importaciones),10396.824947,Millones - Dólares estadounidenses corrientes,2020,Dato revisado,Trimestral,Q2
6,                   Débito (importaciones),12186.096392,Millones - Dólares estadounidenses corrientes,2020,Dato revisado,Trimestral,Q3
6,                   Débito (importaciones),14072.402868,Millones - Dólares estadounidenses corrientes,2020,Dato revisado,Trimestral,Q4
6,                   Débito (importaciones),70914.119513,Millones - Dólares estadounidenses corrientes,2021,Dato revisado,Anual,
6,                   Débito (importaciones),14544.569152,Millones - Dólares estadounidenses corrientes,2021,Dato revisado,Trimestral,Q1
6,                   Débito (importaciones),16338.516056,Millones - Dólares estadounidenses corrientes,2021,Dato revisado,Trimestral,Q2
6,                   Débito (importaciones),18491.140629,Millones - Dólares estadounidenses corrientes,2021,Dato revisado,Trimestral,Q3
6,                   Débito (importaciones),21539.893676,Millones - Dólares estadounidenses corrientes,2021,Dato revisado,Trimestral,Q4
6,                   Débito (importaciones),89568.895778,Millones - Dólares estadounidenses corrientes,2022,Dato revisado,Anual,
6,                   Débito (importaciones),21615.251134,Millones - Dólares estadounidenses corrientes,2022,Dato revisado,Trimestral,Q1
6,                   Débito (importaciones),22716.755818,Millones - Dólares estadounidenses corrientes,2022,Dato revisado,Trimestral,Q2
6,                   Débito (importaciones),23876.896556,Millones - Dólares estadounidenses corrientes,2022,Dato revisado,Trimestral,Q3
6,                   Débito (importaciones),21359.99227,Millones - Dólares estadounidenses corrientes,2022,Dato revisado,Trimestral,Q4
6,                   Débito (importaciones),76421.98466,Millones - Dólares estadounidenses corrientes,2023,Dato provisional,Anual,
6,                   Débito (importaciones),19333.91154,Millones - Dólares estadounidenses corrientes,2023,Dato provisional,Trimestral,Q1
6,                   Débito (importaciones),18658.935581,Millones - Dólares estadounidenses corrientes,2023,Dato provisional,Trimestral,Q2
6,                   Débito (importaciones),18768.889854,Millones - Dólares estadounidenses corrientes,2023,Dato provisional,Trimestral,Q3
6,                   Débito (importaciones),19660.247685,Millones - Dólares estadounidenses corrientes,2023,Dato provisional,Trimestral,Q4
6,                   Débito (importaciones),78744.563952,Millones - Dólares estadounidenses corrientes,2024,Dato provisional,Anual,
6,                   Débito (importaciones),17893.507454,Millones - Dólares estadounidenses corrientes,2024,Dato provisional,Trimestral,Q1
6,                   Débito (importaciones),19583.265001,Millones - Dólares estadounidenses corrientes,2024,Dato provisional,Trimestral,Q2
6,                   Débito (importaciones),20205.24337,Millones - Dólares estadounidenses corrientes,2024,Dato provisional,Trimestral,Q3
6,                   Débito (importaciones),21062.548127,Millones - Dólares estadounidenses corrientes,2024,Dato provisional,Trimestral,Q4
6,                   Débito (importaciones),63454.056799,Millones - Dólares estadounidenses corrientes,2025,Dato preliminar,Anual,
6,                   Débito (importaciones),19742.860914,Millones - Dólares estadounidenses corrientes,2025,Dato preliminar,Trimestral,Q1
6,                   Débito (importaciones),21134.042204,Millones - Dólares estadounidenses corrientes,2025,Dato preliminar,Trimestral,Q2
6,                   Débito (importaciones),22577.153681,Millones - Dólares estadounidenses corrientes,2025,Dato preliminar,Trimestral,Q3
7,                        1.A.a Bienes,2702.19562894,Millones - Dólares estadounidenses corrientes,2000,Dato revisado,Anual,
7,                        1.A.a Bienes,582.56818797,Millones - Dólares estadounidenses corrientes,2000,Dato revisado,Trimestral,Q1
7,                        1.A.a Bienes,584.68272251,Millones - Dólares estadounidenses corrientes,2000,Dato revisado,Trimestral,Q2
7,                        1.A.a Bienes,827.42804378,Millones - Dólares estadounidenses corrientes,2000,Dato revisado,Trimestral,Q3
7,                        1.A.a Bienes,707.51667468,Millones - Dólares estadounidenses corrientes,2000,Dato revisado,Trimestral,Q4
7,                        1.A.a Bienes,630.741235103,Millones - Dólares estadounidenses corrientes,2001,Dato revisado,Anual,
7,                        1.A.a Bienes,69.084157525,Millones - Dólares estadounidenses corrientes,2001,Dato revisado,Trimestral,Q1
7,                        1.A.a Bienes,56.066466848,Millones - Dólares estadounidenses corrientes,2001,Dato revisado,Trimestral,Q2
7,                        1.A.a Bienes,372.03778232,Millones - Dólares estadounidenses corrientes,2001,Dato revisado,Trimestral,Q3
7,                        1.A.a Bienes,133.55282841,Millones - Dólares estadounidenses corrientes,2001,Dato revisado,Trimestral,Q4
7,                        1.A.a Bienes,342.589385245,Millones - Dólares estadounidenses corrientes,2002,Dato revisado,Anual,
7,                        1.A.a Bienes,256.26868696,Millones - Dólares estadounidenses corrientes,2002,Dato revisado,Trimestral,Q1
7,                        1.A.a Bienes,75.266412297,Millones - Dólares estadounidenses corrientes,2002,Dato revisado,Trimestral,Q2
7,                        1.A.a Bienes,23.062972578,Millones - Dólares estadounidenses corrientes,2002,Dato revisado,Trimestral,Q3
7,                        1.A.a Bienes,-12.00868659,Millones - Dólares estadounidenses corrientes,2002,Dato revisado,Trimestral,Q4
7,                        1.A.a Bienes,602.819355002,Millones - Dólares estadounidenses corrientes,2003,Dato revisado,Anual,
7,                        1.A.a Bienes,-128.1483589,Millones - Dólares estadounidenses corrientes,2003,Dato revisado,Trimestral,Q1
7,                        1.A.a Bienes,266.82602906,Millones - Dólares estadounidenses corrientes,2003,Dato revisado,Trimestral,Q2
7,                        1.A.a Bienes,410.4902589,Millones - Dólares estadounidenses corrientes,2003,Dato revisado,Trimestral,Q3
7,                        1.A.a Bienes,53.651425942,Millones - Dólares estadounidenses corrientes,2003,Dato revisado,Trimestral,Q4
7,                        1.A.a Bienes,1356.44284582,Millones - Dólares estadounidenses corrientes,2004,Dato revisado,Anual,
7,                        1.A.a Bienes,109.60730683,Millones - Dólares estadounidenses corrientes,2004,Dato revisado,Trimestral,Q1
7,                        1.A.a Bienes,291.04521307,Millones - Dólares estadounidenses corrientes,2004,Dato revisado,Trimestral,Q2
7,                        1.A.a Bienes,634.73842707,Millones - Dólares estadounidenses corrientes,2004,Dato revisado,Trimestral,Q3
7,                        1.A.a Bienes,321.05189885,Millones - Dólares estadounidenses corrientes,2004,Dato revisado,Trimestral,Q4
7,                        1.A.a Bienes,1614.29644273,Millones - Dólares estadounidenses corrientes,2005,Dato revisado,Anual,
7,                        1.A.a Bienes,436.17006396,Millones - Dólares estadounidenses corrientes,2005,Dato revisado,Trimestral,Q1
7,                        1.A.a Bienes,560.87127759,Millones - Dólares estadounidenses corrientes,2005,Dato revisado,Trimestral,Q2
7,                        1.A.a Bienes,269.73425278,Millones - Dólares estadounidenses corrientes,2005,Dato revisado,Trimestral,Q3
7,                        1.A.a Bienes,347.5208484,Millones - Dólares estadounidenses corrientes,2005,Dato revisado,Trimestral,Q4
7,                        1.A.a Bienes,356.227892285,Millones - Dólares estadounidenses corrientes,2006,Dato revisado,Anual,
7,                        1.A.a Bienes,212.47432366,Millones - Dólares estadounidenses corrientes,2006,Dato revisado,Trimestral,Q1
7,                        1.A.a Bienes,190.32677904,Millones - Dólares estadounidenses corrientes,2006,Dato revisado,Trimestral,Q2
7,                        1.A.a Bienes,46.660338895,Millones - Dólares estadounidenses corrientes,2006,Dato revisado,Trimestral,Q3
7,                        1.A.a Bienes,-93.23354931,Millones - Dólares estadounidenses corrientes,2006,Dato revisado,Trimestral,Q4
7,                        1.A.a Bienes,-560.51960551,Millones - Dólares estadounidenses corrientes,2007,Dato revisado,Anual,
7,                        1.A.a Bienes,-753.8802962,Millones - Dólares estadounidenses corrientes,2007,Dato revisado,Trimestral,Q1
7,                        1.A.a Bienes,-63.18330477,Millones - Dólares estadounidenses corrientes,2007,Dato revisado,Trimestral,Q2
7,                        1.A.a Bienes,-148.9358129,Millones - Dólares estadounidenses corrientes,2007,Dato revisado,Trimestral,Q3
7,                        1.A.a Bienes,405.47980836,Millones - Dólares estadounidenses corrientes,2007,Dato revisado,Trimestral,Q4
7,                        1.A.a Bienes,964.58057358,Millones - Dólares estadounidenses corrientes,2008,Dato revisado,Anual,
7,                        1.A.a Bienes,454.30854346,Millones - Dólares estadounidenses corrientes,2008,Dato revisado,Trimestral,Q1
7,                        1.A.a Bienes,1117.7990272,Millones - Dólares estadounidenses corrientes,2008,Dato revisado,Trimestral,Q2
7,                        1.A.a Bienes,304.90701762,Millones - Dólares estadounidenses corrientes,2008,Dato revisado,Trimestral,Q3
7,                        1.A.a Bienes,-912.4340147,Millones - Dólares estadounidenses corrientes,2008,Dato revisado,Trimestral,Q4
7,                        1.A.a Bienes,2549.25967901,Millones - Dólares estadounidenses corrientes,2009,Dato revisado,Anual,
7,                        1.A.a Bienes,297.84973022,Millones - Dólares estadounidenses corrientes,2009,Dato revisado,Trimestral,Q1
7,                        1.A.a Bienes,851.31747388,Millones - Dólares estadounidenses corrientes,2009,Dato revisado,Trimestral,Q2
7,                        1.A.a Bienes,510.26621841,Millones - Dólares estadounidenses corrientes,2009,Dato revisado,Trimestral,Q3
7,                        1.A.a Bienes,889.8262565,Millones - Dólares estadounidenses corrientes,2009,Dato revisado,Trimestral,Q4
7,                        1.A.a Bienes,2356.08272612,Millones - Dólares estadounidenses corrientes,2010,Dato revisado,Anual,
7,                        1.A.a Bienes,1108.4225462,Millones - Dólares estadounidenses corrientes,2010,Dato revisado,Trimestral,Q1
7,                        1.A.a Bienes,1287.772921,Millones - Dólares estadounidenses corrientes,2010,Dato revisado,Trimestral,Q2
7,                        1.A.a Bienes,-257.0184254,Millones - Dólares estadounidenses corrientes,2010,Dato revisado,Trimestral,Q3
7,                        1.A.a Bienes,216.90568432,Millones - Dólares estadounidenses corrientes,2010,Dato revisado,Trimestral,Q4
7,                        1.A.a Bienes,6136.6459063,Millones - Dólares estadounidenses corrientes,2011,Dato revisado,Anual,
7,                        1.A.a Bienes,1269.2741805,Millones - Dólares estadounidenses corrientes,2011,Dato revisado,Trimestral,Q1
7,                        1.A.a Bienes,2041.1376704,Millones - Dólares estadounidenses corrientes,2011,Dato revisado,Trimestral,Q2
7,                        1.A.a Bienes,1050.1943247,Millones - Dólares estadounidenses corrientes,2011,Dato revisado,Trimestral,Q3
7,                        1.A.a Bienes,1776.0397307,Millones - Dólares estadounidenses corrientes,2011,Dato revisado,Trimestral,Q4
7,                        1.A.a Bienes,4955.57417959,Millones - Dólares estadounidenses corrientes,2012,Dato revisado,Anual,
7,                        1.A.a Bienes,2265.1687202,Millones - Dólares estadounidenses corrientes,2012,Dato revisado,Trimestral,Q1
7,                        1.A.a Bienes,901.81034419,Millones - Dólares estadounidenses corrientes,2012,Dato revisado,Trimestral,Q2
7,                        1.A.a Bienes,403.5142351,Millones - Dólares estadounidenses corrientes,2012,Dato revisado,Trimestral,Q3
7,                        1.A.a Bienes,1385.0808801,Millones - Dólares estadounidenses corrientes,2012,Dato revisado,Trimestral,Q4
7,                        1.A.a Bienes,3179.22432419,Millones - Dólares estadounidenses corrientes,2013,Dato revisado,Anual,
7,                        1.A.a Bienes,750.72337448,Millones - Dólares estadounidenses corrientes,2013,Dato revisado,Trimestral,Q1
7,                        1.A.a Bienes,1450.3777186,Millones - Dólares estadounidenses corrientes,2013,Dato revisado,Trimestral,Q2
7,                        1.A.a Bienes,254.83664798,Millones - Dólares estadounidenses corrientes,2013,Dato revisado,Trimestral,Q3
7,                        1.A.a Bienes,723.28658313,Millones - Dólares estadounidenses corrientes,2013,Dato revisado,Trimestral,Q4
7,                        1.A.a Bienes,-4640.5954625,Millones - Dólares estadounidenses corrientes,2014,Dato revisado,Anual,
7,                        1.A.a Bienes,-282.2381012,Millones - Dólares estadounidenses corrientes,2014,Dato revisado,Trimestral,Q1
7,                        1.A.a Bienes,-239.791265,Millones - Dólares estadounidenses corrientes,2014,Dato revisado,Trimestral,Q2
7,                        1.A.a Bienes,-701.3757803,Millones - Dólares estadounidenses corrientes,2014,Dato revisado,Trimestral,Q3
7,                        1.A.a Bienes,-3417.190316,Millones - Dólares estadounidenses corrientes,2014,Dato revisado,Trimestral,Q4
7,                        1.A.a Bienes,-13478.638989,Millones - Dólares estadounidenses corrientes,2015,Dato revisado,Anual,
7,                        1.A.a Bienes,-3423.120658,Millones - Dólares estadounidenses corrientes,2015,Dato revisado,Trimestral,Q1
7,                        1.A.a Bienes,-2211.279955,Millones - Dólares estadounidenses corrientes,2015,Dato revisado,Trimestral,Q2
7,                        1.A.a Bienes,-3972.723723,Millones - Dólares estadounidenses corrientes,2015,Dato revisado,Trimestral,Q3
7,                        1.A.a Bienes,-3871.514653,Millones - Dólares estadounidenses corrientes,2015,Dato revisado,Trimestral,Q4
7,                        1.A.a Bienes,-9175.715829,Millones - Dólares estadounidenses corrientes,2016,Dato revisado,Anual,
7,                        1.A.a Bienes,-2974.947201,Millones - Dólares estadounidenses corrientes,2016,Dato revisado,Trimestral,Q1
7,                        1.A.a Bienes,-1769.224219,Millones - Dólares estadounidenses corrientes,2016,Dato revisado,Trimestral,Q2
7,                        1.A.a Bienes,-2339.881975,Millones - Dólares estadounidenses corrientes,2016,Dato revisado,Trimestral,Q3
7,                        1.A.a Bienes,-2091.662434,Millones - Dólares estadounidenses corrientes,2016,Dato revisado,Trimestral,Q4
7,                        1.A.a Bienes,-4284.56280188,Millones - Dólares estadounidenses corrientes,2017,Dato revisado,Anual,
7,                        1.A.a Bienes,-1727.291834,Millones - Dólares estadounidenses corrientes,2017,Dato revisado,Trimestral,Q1
7,                        1.A.a Bienes,-1462.752184,Millones - Dólares estadounidenses corrientes,2017,Dato revisado,Trimestral,Q2
7,                        1.A.a Bienes,-998.7537997,Millones - Dólares estadounidenses corrientes,2017,Dato revisado,Trimestral,Q3
7,                        1.A.a Bienes,-95.76498418,Millones - Dólares estadounidenses corrientes,2017,Dato revisado,Trimestral,Q4
7,                        1.A.a Bienes,-6393.954919,Millones - Dólares estadounidenses corrientes,2018,Dato revisado,Anual,
7,                        1.A.a Bienes,-1121.67906,Millones - Dólares estadounidenses corrientes,2018,Dato revisado,Trimestral,Q1
7,                        1.A.a Bienes,-1350.331924,Millones - Dólares estadounidenses corrientes,2018,Dato revisado,Trimestral,Q2
7,                        1.A.a Bienes,-1410.784741,Millones - Dólares estadounidenses corrientes,2018,Dato revisado,Trimestral,Q3
7,                        1.A.a Bienes,-2511.159194,Millones - Dólares estadounidenses corrientes,2018,Dato revisado,Trimestral,Q4
7,                        1.A.a Bienes,-9862.769301,Millones - Dólares estadounidenses corrientes,2019,Dato revisado,Anual,
7,                        1.A.a Bienes,-2310.411897,Millones - Dólares estadounidenses corrientes,2019,Dato revisado,Trimestral,Q1
7,                        1.A.a Bienes,-1755.329497,Millones - Dólares estadounidenses corrientes,2019,Dato revisado,Trimestral,Q2
7,                        1.A.a Bienes,-3039.120896,Millones - Dólares estadounidenses corrientes,2019,Dato revisado,Trimestral,Q3
7,                        1.A.a Bienes,-2757.907011,Millones - Dólares estadounidenses corrientes,2019,Dato revisado,Trimestral,Q4
7,                        1.A.a Bienes,-8869.788063,Millones - Dólares estadounidenses corrientes,2020,Dato revisado,Anual,
7,                        1.A.a Bienes,-2244.412453,Millones - Dólares estadounidenses corrientes,2020,Dato revisado,Trimestral,Q1
7,                        1.A.a Bienes,-1549.534569,Millones - Dólares estadounidenses corrientes,2020,Dato revisado,Trimestral,Q2
7,                        1.A.a Bienes,-2204.182086,Millones - Dólares estadounidenses corrientes,2020,Dato revisado,Trimestral,Q3
7,                        1.A.a Bienes,-2871.658955,Millones - Dólares estadounidenses corrientes,2020,Dato revisado,Trimestral,Q4
7,                        1.A.a Bienes,-13983.64129,Millones - Dólares estadounidenses corrientes,2021,Dato revisado,Anual,
7,                        1.A.a Bienes,-2587.520595,Millones - Dólares estadounidenses corrientes,2021,Dato revisado,Trimestral,Q1
7,                        1.A.a Bienes,-3548.139476,Millones - Dólares estadounidenses corrientes,2021,Dato revisado,Trimestral,Q2
7,                        1.A.a Bienes,-3692.520111,Millones - Dólares estadounidenses corrientes,2021,Dato revisado,Trimestral,Q3
7,                        1.A.a Bienes,-4155.461108,Millones - Dólares estadounidenses corrientes,2021,Dato revisado,Trimestral,Q4
7,                        1.A.a Bienes,-12178.24898,Millones - Dólares estadounidenses corrientes,2022,Dato revisado,Anual,
7,                        1.A.a Bienes,-3733.974519,Millones - Dólares estadounidenses corrientes,2022,Dato revisado,Trimestral,Q1
7,                        1.A.a Bienes,-1974.622141,Millones - Dólares estadounidenses corrientes,2022,Dato revisado,Trimestral,Q2
7,                        1.A.a Bienes,-3684.467215,Millones - Dólares estadounidenses corrientes,2022,Dato revisado,Trimestral,Q3
7,                        1.A.a Bienes,-2785.185105,Millones - Dólares estadounidenses corrientes,2022,Dato revisado,Trimestral,Q4
7,                        1.A.a Bienes,-6807.557955,Millones - Dólares estadounidenses corrientes,2023,Dato provisional,Anual,
7,                        1.A.a Bienes,-1917.446736,Millones - Dólares estadounidenses corrientes,2023,Dato provisional,Trimestral,Q1
7,                        1.A.a Bienes,-1699.255925,Millones - Dólares estadounidenses corrientes,2023,Dato provisional,Trimestral,Q2
7,                        1.A.a Bienes,-1352.982071,Millones - Dólares estadounidenses corrientes,2023,Dato provisional,Trimestral,Q3
7,                        1.A.a Bienes,-1837.873223,Millones - Dólares estadounidenses corrientes,2023,Dato provisional,Trimestral,Q4
7,                        1.A.a Bienes,-9155.769854,Millones - Dólares estadounidenses corrientes,2024,Dato provisional,Anual,
7,                        1.A.a Bienes,-2105.218868,Millones - Dólares estadounidenses corrientes,2024,Dato provisional,Trimestral,Q1
7,                        1.A.a Bienes,-1967.19717,Millones - Dólares estadounidenses corrientes,2024,Dato provisional,Trimestral,Q2
7,                        1.A.a Bienes,-2318.073541,Millones - Dólares estadounidenses corrientes,2024,Dato provisional,Trimestral,Q3
7,                        1.A.a Bienes,-2765.280275,Millones - Dólares estadounidenses corrientes,2024,Dato provisional,Trimestral,Q4
7,                        1.A.a Bienes,-10734.046959,Millones - Dólares estadounidenses corrientes,2025,Dato preliminar,Anual,
7,                        1.A.a Bienes,-3064.915222,Millones - Dólares estadounidenses corrientes,2025,Dato preliminar,Trimestral,Q1
7,                        1.A.a Bienes,-3631.821328,Millones - Dólares estadounidenses corrientes,2025,Dato preliminar,Trimestral,Q2
7,                        1.A.a Bienes,-4037.310409,Millones - Dólares estadounidenses corrientes,2025,Dato preliminar,Trimestral,Q3
8,                             Crédito (exportaciones),13744.6947415,Millones - Dólares estadounidenses corrientes,2000,Dato revisado,Anual,
8,                             Crédito (exportaciones),3267.3531374,Millones - Dólares estadounidenses corrientes,2000,Dato revisado,Trimestral,Q1
8,                             Crédito (exportaciones),3344.9780036,Millones - Dólares estadounidenses corrientes,2000,Dato revisado,Trimestral,Q2
8,                             Crédito (exportaciones),3587.6426275,Millones - Dólares estadounidenses corrientes,2000,Dato revisado,Trimestral,Q3
8,                             Crédito (exportaciones),3544.720973,Millones - Dólares estadounidenses corrientes,2000,Dato revisado,Trimestral,Q4
8,                             Crédito (exportaciones),12860.4285856,Millones - Dólares estadounidenses corrientes,2001,Dato revisado,Anual,
8,                             Crédito (exportaciones),3113.0422402,Millones - Dólares estadounidenses corrientes,2001,Dato revisado,Trimestral,Q1
8,                             Crédito (exportaciones),3264.2703629,Millones - Dólares estadounidenses corrientes,2001,Dato revisado,Trimestral,Q2
8,                             Crédito (exportaciones),3401.0655781,Millones - Dólares estadounidenses corrientes,2001,Dato revisado,Trimestral,Q3
8,                             Crédito (exportaciones),3082.0504044,Millones - Dólares estadounidenses corrientes,2001,Dato revisado,Trimestral,Q4
8,                             Crédito (exportaciones),12367.0408116,Millones - Dólares estadounidenses corrientes,2002,Dato revisado,Anual,
8,                             Crédito (exportaciones),2842.7707572,Millones - Dólares estadounidenses corrientes,2002,Dato revisado,Trimestral,Q1
8,                             Crédito (exportaciones),3238.6629196,Millones - Dólares estadounidenses corrientes,2002,Dato revisado,Trimestral,Q2
8,                             Crédito (exportaciones),3111.0198571,Millones - Dólares estadounidenses corrientes,2002,Dato revisado,Trimestral,Q3
8,                             Crédito (exportaciones),3174.5872777,Millones - Dólares estadounidenses corrientes,2002,Dato revisado,Trimestral,Q4
8,                             Crédito (exportaciones),13798.2467467,Millones - Dólares estadounidenses corrientes,2003,Dato revisado,Anual,
8,                             Crédito (exportaciones),3062.6227379,Millones - Dólares estadounidenses corrientes,2003,Dato revisado,Trimestral,Q1
8,                             Crédito (exportaciones),3400.1141098,Millones - Dólares estadounidenses corrientes,2003,Dato revisado,Trimestral,Q2
8,                             Crédito (exportaciones),3831.5409999,Millones - Dólares estadounidenses corrientes,2003,Dato revisado,Trimestral,Q3
8,                             Crédito (exportaciones),3503.9688991,Millones - Dólares estadounidenses corrientes,2003,Dato revisado,Trimestral,Q4
8,                             Crédito (exportaciones),17194.9086809,Millones - Dólares estadounidenses corrientes,2004,Dato revisado,Anual,
8,                             Crédito (exportaciones),3525.157061,Millones - Dólares estadounidenses corrientes,2004,Dato revisado,Trimestral,Q1
8,                             Crédito (exportaciones),4142.1810173,Millones - Dólares estadounidenses corrientes,2004,Dato revisado,Trimestral,Q2
8,                             Crédito (exportaciones),4662.8959087,Millones - Dólares estadounidenses corrientes,2004,Dato revisado,Trimestral,Q3
8,                             Crédito (exportaciones),4864.6746939,Millones - Dólares estadounidenses corrientes,2004,Dato revisado,Trimestral,Q4
8,                             Crédito (exportaciones),21708.6627812,Millones - Dólares estadounidenses corrientes,2005,Dato revisado,Anual,
8,                             Crédito (exportaciones),4753.9420204,Millones - Dólares estadounidenses corrientes,2005,Dato revisado,Trimestral,Q1
8,                             Crédito (exportaciones),5700.4157244,Millones - Dólares estadounidenses corrientes,2005,Dato revisado,Trimestral,Q2
8,                             Crédito (exportaciones),5566.8919423,Millones - Dólares estadounidenses corrientes,2005,Dato revisado,Trimestral,Q3
8,                             Crédito (exportaciones),5687.4130941,Millones - Dólares estadounidenses corrientes,2005,Dato revisado,Trimestral,Q4
8,                             Crédito (exportaciones),25166.2439975,Millones - Dólares estadounidenses corrientes,2006,Dato revisado,Anual,
8,                             Crédito (exportaciones),5581.5369507,Millones - Dólares estadounidenses corrientes,2006,Dato revisado,Trimestral,Q1
8,                             Crédito (exportaciones),6249.0257443,Millones - Dólares estadounidenses corrientes,2006,Dato revisado,Trimestral,Q2
8,                             Crédito (exportaciones),6560.1095573,Millones - Dólares estadounidenses corrientes,2006,Dato revisado,Trimestral,Q3
8,                             Crédito (exportaciones),6775.5717452,Millones - Dólares estadounidenses corrientes,2006,Dato revisado,Trimestral,Q4
8,                             Crédito (exportaciones),30555.767082,Millones - Dólares estadounidenses corrientes,2007,Dato revisado,Anual,
8,                             Crédito (exportaciones),6253.2076233,Millones - Dólares estadounidenses corrientes,2007,Dato revisado,Trimestral,Q1
8,                             Crédito (exportaciones),7424.0179342,Millones - Dólares estadounidenses corrientes,2007,Dato revisado,Trimestral,Q2
8,                             Crédito (exportaciones),7838.3775304,Millones - Dólares estadounidenses corrientes,2007,Dato revisado,Trimestral,Q3
8,                             Crédito (exportaciones),9040.1639941,Millones - Dólares estadounidenses corrientes,2007,Dato revisado,Trimestral,Q4
8,                             Crédito (exportaciones),38476.0218354,Millones - Dólares estadounidenses corrientes,2008,Dato revisado,Anual,
8,                             Crédito (exportaciones),8816.2713669,Millones - Dólares estadounidenses corrientes,2008,Dato revisado,Trimestral,Q1
8,                             Crédito (exportaciones),10635.804811,Millones - Dólares estadounidenses corrientes,2008,Dato revisado,Trimestral,Q2
8,                             Crédito (exportaciones),10411.967515,Millones - Dólares estadounidenses corrientes,2008,Dato revisado,Trimestral,Q3
8,                             Crédito (exportaciones),8611.9781425,Millones - Dólares estadounidenses corrientes,2008,Dato revisado,Trimestral,Q4
8,                             Crédito (exportaciones),33977.3474623,Millones - Dólares estadounidenses corrientes,2009,Dato revisado,Anual,
8,                             Crédito (exportaciones),7897.657747,Millones - Dólares estadounidenses corrientes,2009,Dato revisado,Trimestral,Q1
8,                             Crédito (exportaciones),8108.5571288,Millones - Dólares estadounidenses corrientes,2009,Dato revisado,Trimestral,Q2
8,                             Crédito (exportaciones),8633.8847592,Millones - Dólares estadounidenses corrientes,2009,Dato revisado,Trimestral,Q3
8,                             Crédito (exportaciones),9337.2478273,Millones - Dólares estadounidenses corrientes,2009,Dato revisado,Trimestral,Q4
8,                             Crédito (exportaciones),40761.9155427,Millones - Dólares estadounidenses corrientes,2010,Dato revisado,Anual,
8,                             Crédito (exportaciones),9443.3472167,Millones - Dólares estadounidenses corrientes,2010,Dato revisado,Trimestral,Q1
8,                             Crédito (exportaciones),10229.365195,Millones - Dólares estadounidenses corrientes,2010,Dato revisado,Trimestral,Q2
8,                             Crédito (exportaciones),10051.742024,Millones - Dólares estadounidenses corrientes,2010,Dato revisado,Trimestral,Q3
8,                             Crédito (exportaciones),11037.461107,Millones - Dólares estadounidenses corrientes,2010,Dato revisado,Trimestral,Q4
8,                             Crédito (exportaciones),58262.191478,Millones - Dólares estadounidenses corrientes,2011,Dato revisado,Anual,
8,                             Crédito (exportaciones),12822.560957,Millones - Dólares estadounidenses corrientes,2011,Dato revisado,Trimestral,Q1
8,                             Crédito (exportaciones),15009.293998,Millones - Dólares estadounidenses corrientes,2011,Dato revisado,Trimestral,Q2
8,                             Crédito (exportaciones),14794.586752,Millones - Dólares estadounidenses corrientes,2011,Dato revisado,Trimestral,Q3
8,                             Crédito (exportaciones),15635.749771,Millones - Dólares estadounidenses corrientes,2011,Dato revisado,Trimestral,Q4
8,                             Crédito (exportaciones),61603.864424,Millones - Dólares estadounidenses corrientes,2012,Dato revisado,Anual,
8,                             Crédito (exportaciones),15730.863044,Millones - Dólares estadounidenses corrientes,2012,Dato revisado,Trimestral,Q1
8,                             Crédito (exportaciones),15331.6787,Millones - Dólares estadounidenses corrientes,2012,Dato revisado,Trimestral,Q2
8,                             Crédito (exportaciones),14910.210384,Millones - Dólares estadounidenses corrientes,2012,Dato revisado,Trimestral,Q3
8,                             Crédito (exportaciones),15631.112296,Millones - Dólares estadounidenses corrientes,2012,Dato revisado,Trimestral,Q4
8,                             Crédito (exportaciones),60282.300134,Millones - Dólares estadounidenses corrientes,2013,Dato revisado,Anual,
8,                             Crédito (exportaciones),14444.91397,Millones - Dólares estadounidenses corrientes,2013,Dato revisado,Trimestral,Q1
8,                             Crédito (exportaciones),15549.463828,Millones - Dólares estadounidenses corrientes,2013,Dato revisado,Trimestral,Q2
8,                             Crédito (exportaciones),14849.585514,Millones - Dólares estadounidenses corrientes,2013,Dato revisado,Trimestral,Q3
8,                             Crédito (exportaciones),15438.336822,Millones - Dólares estadounidenses corrientes,2013,Dato revisado,Trimestral,Q4
8,                             Crédito (exportaciones),56898.749075,Millones - Dólares estadounidenses corrientes,2014,Dato revisado,Anual,
8,                             Crédito (exportaciones),13941.790775,Millones - Dólares estadounidenses corrientes,2014,Dato revisado,Trimestral,Q1
8,                             Crédito (exportaciones),14933.567697,Millones - Dólares estadounidenses corrientes,2014,Dato revisado,Trimestral,Q2
8,                             Crédito (exportaciones),15463.024602,Millones - Dólares estadounidenses corrientes,2014,Dato revisado,Trimestral,Q3
8,                             Crédito (exportaciones),12560.366001,Millones - Dólares estadounidenses corrientes,2014,Dato revisado,Trimestral,Q4
8,                             Crédito (exportaciones),38572.1130825,Millones - Dólares estadounidenses corrientes,2015,Dato revisado,Anual,
8,                             Crédito (exportaciones),10053.223831,Millones - Dólares estadounidenses corrientes,2015,Dato revisado,Trimestral,Q1
8,                             Crédito (exportaciones),10372.043629,Millones - Dólares estadounidenses corrientes,2015,Dato revisado,Trimestral,Q2
8,                             Crédito (exportaciones),9513.2203181,Millones - Dólares estadounidenses corrientes,2015,Dato revisado,Trimestral,Q3
8,                             Crédito (exportaciones),8633.6253044,Millones - Dólares estadounidenses corrientes,2015,Dato revisado,Trimestral,Q4
8,                             Crédito (exportaciones),34063.2335993,Millones - Dólares estadounidenses corrientes,2016,Dato revisado,Anual,
8,                             Crédito (exportaciones),7192.4508445,Millones - Dólares estadounidenses corrientes,2016,Dato revisado,Trimestral,Q1
8,                             Crédito (exportaciones),8776.9628284,Millones - Dólares estadounidenses corrientes,2016,Dato revisado,Trimestral,Q2
8,                             Crédito (exportaciones),8765.7009159,Millones - Dólares estadounidenses corrientes,2016,Dato revisado,Trimestral,Q3
8,                             Crédito (exportaciones),9328.1190105,Millones - Dólares estadounidenses corrientes,2016,Dato revisado,Trimestral,Q4
8,                             Crédito (exportaciones),39785.6126244,Millones - Dólares estadounidenses corrientes,2017,Dato revisado,Anual,
8,                             Crédito (exportaciones),9187.2188418,Millones - Dólares estadounidenses corrientes,2017,Dato revisado,Trimestral,Q1
8,                             Crédito (exportaciones),9472.8324916,Millones - Dólares estadounidenses corrientes,2017,Dato revisado,Trimestral,Q2
8,                             Crédito (exportaciones),10177.635321,Millones - Dólares estadounidenses corrientes,2017,Dato revisado,Trimestral,Q3
8,                             Crédito (exportaciones),10947.92597,Millones - Dólares estadounidenses corrientes,2017,Dato revisado,Trimestral,Q4
8,                             Crédito (exportaciones),42993.0493528,Millones - Dólares estadounidenses corrientes,2018,Dato revisado,Anual,
8,                             Crédito (exportaciones),9968.0722568,Millones - Dólares estadounidenses corrientes,2018,Dato revisado,Trimestral,Q1
8,                             Crédito (exportaciones),11149.534203,Millones - Dólares estadounidenses corrientes,2018,Dato revisado,Trimestral,Q2
8,                             Crédito (exportaciones),11061.46692,Millones - Dólares estadounidenses corrientes,2018,Dato revisado,Trimestral,Q3
8,                             Crédito (exportaciones),10813.975973,Millones - Dólares estadounidenses corrientes,2018,Dato revisado,Trimestral,Q4
8,                             Crédito (exportaciones),40655.6006593,Millones - Dólares estadounidenses corrientes,2019,Dato revisado,Anual,
8,                             Crédito (exportaciones),9933.3520963,Millones - Dólares estadounidenses corrientes,2019,Dato revisado,Trimestral,Q1
8,                             Crédito (exportaciones),11017.863595,Millones - Dólares estadounidenses corrientes,2019,Dato revisado,Trimestral,Q2
8,                             Crédito (exportaciones),9897.1879089,Millones - Dólares estadounidenses corrientes,2019,Dato revisado,Trimestral,Q3
8,                             Crédito (exportaciones),9807.1970591,Millones - Dólares estadounidenses corrientes,2019,Dato revisado,Trimestral,Q4
8,                             Crédito (exportaciones),32308.9671948,Millones - Dólares estadounidenses corrientes,2020,Dato revisado,Anual,
8,                             Crédito (exportaciones),9065.8729166,Millones - Dólares estadounidenses corrientes,2020,Dato revisado,Trimestral,Q1
8,                             Crédito (exportaciones),6849.778091,Millones - Dólares estadounidenses corrientes,2020,Dato revisado,Trimestral,Q2
8,                             Crédito (exportaciones),7912.9262089,Millones - Dólares estadounidenses corrientes,2020,Dato revisado,Trimestral,Q3
8,                             Crédito (exportaciones),8480.3899783,Millones - Dólares estadounidenses corrientes,2020,Dato revisado,Trimestral,Q4
8,                             Crédito (exportaciones),42735.5744459,Millones - Dólares estadounidenses corrientes,2021,Dato revisado,Anual,
8,                             Crédito (exportaciones),9278.569166,Millones - Dólares estadounidenses corrientes,2021,Dato revisado,Trimestral,Q1
8,                             Crédito (exportaciones),9542.7400369,Millones - Dólares estadounidenses corrientes,2021,Dato revisado,Trimestral,Q2
8,                             Crédito (exportaciones),11075.900373,Millones - Dólares estadounidenses corrientes,2021,Dato revisado,Trimestral,Q3
8,                             Crédito (exportaciones),12838.36487,Millones - Dólares estadounidenses corrientes,2021,Dato revisado,Trimestral,Q4
8,                             Crédito (exportaciones),59473.45166,Millones - Dólares estadounidenses corrientes,2022,Dato revisado,Anual,
8,                             Crédito (exportaciones),13584.987928,Millones - Dólares estadounidenses corrientes,2022,Dato revisado,Trimestral,Q1
8,                             Crédito (exportaciones),16337.933512,Millones - Dólares estadounidenses corrientes,2022,Dato revisado,Trimestral,Q2
8,                             Crédito (exportaciones),15661.462877,Millones - Dólares estadounidenses corrientes,2022,Dato revisado,Trimestral,Q3
8,                             Crédito (exportaciones),13889.067343,Millones - Dólares estadounidenses corrientes,2022,Dato revisado,Trimestral,Q4
8,                             Crédito (exportaciones),52641.941236,Millones - Dólares estadounidenses corrientes,2023,Dato provisional,Anual,
8,                             Crédito (exportaciones),13490.229526,Millones - Dólares estadounidenses corrientes,2023,Dato provisional,Trimestral,Q1
8,                             Crédito (exportaciones),12824.583338,Millones - Dólares estadounidenses corrientes,2023,Dato provisional,Trimestral,Q2
8,                             Crédito (exportaciones),13191.632224,Millones - Dólares estadounidenses corrientes,2023,Dato provisional,Trimestral,Q3
8,                             Crédito (exportaciones),13135.496148,Millones - Dólares estadounidenses corrientes,2023,Dato provisional,Trimestral,Q4
8,                             Crédito (exportaciones),51090.686412,Millones - Dólares estadounidenses corrientes,2024,Dato provisional,Anual,
8,                             Crédito (exportaciones),11763.559204,Millones - Dólares estadounidenses corrientes,2024,Dato provisional,Trimestral,Q1
8,                             Crédito (exportaciones),13152.600673,Millones - Dólares estadounidenses corrientes,2024,Dato provisional,Trimestral,Q2
8,                             Crédito (exportaciones),13008.538417,Millones - Dólares estadounidenses corrientes,2024,Dato provisional,Trimestral,Q3
8,                             Crédito (exportaciones),13165.988118,Millones - Dólares estadounidenses corrientes,2024,Dato provisional,Trimestral,Q4
8,                             Crédito (exportaciones),38280.524136,Millones - Dólares estadounidenses corrientes,2025,Dato preliminar,Anual,
8,                             Crédito (exportaciones),12236.189927,Millones - Dólares estadounidenses corrientes,2025,Dato preliminar,Trimestral,Q1
8,                             Crédito (exportaciones),12729.983063,Millones - Dólares estadounidenses corrientes,2025,Dato preliminar,Trimestral,Q2
8,                             Crédito (exportaciones),13314.351146,Millones - Dólares estadounidenses corrientes,2025,Dato preliminar,Trimestral,Q3
9,                             Débito (importaciones),11042.4991125,Millones - Dólares estadounidenses corrientes,2000,Dato revisado,Anual,
9,                             Débito (importaciones),2684.7849494,Millones - Dólares estadounidenses corrientes,2000,Dato revisado,Trimestral,Q1
9,                             Débito (importaciones),2760.2952811,Millones - Dólares estadounidenses corrientes,2000,Dato revisado,Trimestral,Q2
9,                             Débito (importaciones),2760.2145837,Millones - Dólares estadounidenses corrientes,2000,Dato revisado,Trimestral,Q3
9,                             Débito (importaciones),2837.2042983,Millones - Dólares estadounidenses corrientes,2000,Dato revisado,Trimestral,Q4
9,                             Débito (importaciones),12229.6873504,Millones - Dólares estadounidenses corrientes,2001,Dato revisado,Anual,
9,                             Débito (importaciones),3043.9580826,Millones - Dólares estadounidenses corrientes,2001,Dato revisado,Trimestral,Q1
9,                             Débito (importaciones),3208.203896,Millones - Dólares estadounidenses corrientes,2001,Dato revisado,Trimestral,Q2
9,                             Débito (importaciones),3029.0277958,Millones - Dólares estadounidenses corrientes,2001,Dato revisado,Trimestral,Q3
9,                             Débito (importaciones),2948.497576,Millones - Dólares estadounidenses corrientes,2001,Dato revisado,Trimestral,Q4
9,                             Débito (importaciones),12024.4514263,Millones - Dólares estadounidenses corrientes,2002,Dato revisado,Anual,
9,                             Débito (importaciones),2586.5020702,Millones - Dólares estadounidenses corrientes,2002,Dato revisado,Trimestral,Q1
9,                             Débito (importaciones),3163.3965073,Millones - Dólares estadounidenses corrientes,2002,Dato revisado,Trimestral,Q2
9,                             Débito (importaciones),3087.9568845,Millones - Dólares estadounidenses corrientes,2002,Dato revisado,Trimestral,Q3
9,                             Débito (importaciones),3186.5959643,Millones - Dólares estadounidenses corrientes,2002,Dato revisado,Trimestral,Q4
9,                             Débito (importaciones),13195.4273916,Millones - Dólares estadounidenses corrientes,2003,Dato revisado,Anual,
9,                             Débito (importaciones),3190.7710967,Millones - Dólares estadounidenses corrientes,2003,Dato revisado,Trimestral,Q1
9,                             Débito (importaciones),3133.2880808,Millones - Dólares estadounidenses corrientes,2003,Dato revisado,Trimestral,Q2
9,                             Débito (importaciones),3421.050741,Millones - Dólares estadounidenses corrientes,2003,Dato revisado,Trimestral,Q3
9,                             Débito (importaciones),3450.3174731,Millones - Dólares estadounidenses corrientes,2003,Dato revisado,Trimestral,Q4
9,                             Débito (importaciones),15838.465835,Millones - Dólares estadounidenses corrientes,2004,Dato revisado,Anual,
9,                             Débito (importaciones),3415.5497541,Millones - Dólares estadounidenses corrientes,2004,Dato revisado,Trimestral,Q1
9,                             Débito (importaciones),3851.1358043,Millones - Dólares estadounidenses corrientes,2004,Dato revisado,Trimestral,Q2
9,                             Débito (importaciones),4028.1574816,Millones - Dólares estadounidenses corrientes,2004,Dato revisado,Trimestral,Q3
9,                             Débito (importaciones),4543.622795,Millones - Dólares estadounidenses corrientes,2004,Dato revisado,Trimestral,Q4
9,                             Débito (importaciones),20094.3663384,Millones - Dólares estadounidenses corrientes,2005,Dato revisado,Anual,
9,                             Débito (importaciones),4317.7719564,Millones - Dólares estadounidenses corrientes,2005,Dato revisado,Trimestral,Q1
9,                             Débito (importaciones),5139.5444468,Millones - Dólares estadounidenses corrientes,2005,Dato revisado,Trimestral,Q2
9,                             Débito (importaciones),5297.1576895,Millones - Dólares estadounidenses corrientes,2005,Dato revisado,Trimestral,Q3
9,                             Débito (importaciones),5339.8922457,Millones - Dólares estadounidenses corrientes,2005,Dato revisado,Trimestral,Q4
9,                             Débito (importaciones),24810.0161052,Millones - Dólares estadounidenses corrientes,2006,Dato revisado,Anual,
9,                             Débito (importaciones),5369.0626271,Millones - Dólares estadounidenses corrientes,2006,Dato revisado,Trimestral,Q1
9,                             Débito (importaciones),6058.6989652,Millones - Dólares estadounidenses corrientes,2006,Dato revisado,Trimestral,Q2
9,                             Débito (importaciones),6513.4492184,Millones - Dólares estadounidenses corrientes,2006,Dato revisado,Trimestral,Q3
9,                             Débito (importaciones),6868.8052945,Millones - Dólares estadounidenses corrientes,2006,Dato revisado,Trimestral,Q4
9,                             Débito (importaciones),31116.2866876,Millones - Dólares estadounidenses corrientes,2007,Dato revisado,Anual,
9,                             Débito (importaciones),7007.0879195,Millones - Dólares estadounidenses corrientes,2007,Dato revisado,Trimestral,Q1
9,                             Débito (importaciones),7487.201239,Millones - Dólares estadounidenses corrientes,2007,Dato revisado,Trimestral,Q2
9,                             Débito (importaciones),7987.3133433,Millones - Dólares estadounidenses corrientes,2007,Dato revisado,Trimestral,Q3
9,                             Débito (importaciones),8634.6841858,Millones - Dólares estadounidenses corrientes,2007,Dato revisado,Trimestral,Q4
9,                             Débito (importaciones),37511.4412612,Millones - Dólares estadounidenses corrientes,2008,Dato revisado,Anual,
9,                             Débito (importaciones),8361.9628234,Millones - Dólares estadounidenses corrientes,2008,Dato revisado,Trimestral,Q1
9,                             Débito (importaciones),9518.0057836,Millones - Dólares estadounidenses corrientes,2008,Dato revisado,Trimestral,Q2
9,                             Débito (importaciones),10107.060497,Millones - Dólares estadounidenses corrientes,2008,Dato revisado,Trimestral,Q3
9,                             Débito (importaciones),9524.4121572,Millones - Dólares estadounidenses corrientes,2008,Dato revisado,Trimestral,Q4
9,                             Débito (importaciones),31428.0877834,Millones - Dólares estadounidenses corrientes,2009,Dato revisado,Anual,
9,                             Débito (importaciones),7599.8080168,Millones - Dólares estadounidenses corrientes,2009,Dato revisado,Trimestral,Q1
9,                             Débito (importaciones),7257.239655,Millones - Dólares estadounidenses corrientes,2009,Dato revisado,Trimestral,Q2
9,                             Débito (importaciones),8123.6185408,Millones - Dólares estadounidenses corrientes,2009,Dato revisado,Trimestral,Q3
9,                             Débito (importaciones),8447.4215708,Millones - Dólares estadounidenses corrientes,2009,Dato revisado,Trimestral,Q4
9,                             Débito (importaciones),38405.8328153,Millones - Dólares estadounidenses corrientes,2010,Dato revisado,Anual,
9,                             Débito (importaciones),8334.9246704,Millones - Dólares estadounidenses corrientes,2010,Dato revisado,Trimestral,Q1
9,                             Débito (importaciones),8941.5922739,Millones - Dólares estadounidenses corrientes,2010,Dato revisado,Trimestral,Q2
9,                             Débito (importaciones),10308.760449,Millones - Dólares estadounidenses corrientes,2010,Dato revisado,Trimestral,Q3
9,                             Débito (importaciones),10820.555422,Millones - Dólares estadounidenses corrientes,2010,Dato revisado,Trimestral,Q4
9,                             Débito (importaciones),52125.545572,Millones - Dólares estadounidenses corrientes,2011,Dato revisado,Anual,
9,                             Débito (importaciones),11553.286777,Millones - Dólares estadounidenses corrientes,2011,Dato revisado,Trimestral,Q1
9,                             Débito (importaciones),12968.156327,Millones - Dólares estadounidenses corrientes,2011,Dato revisado,Trimestral,Q2
9,                             Débito (importaciones),13744.392427,Millones - Dólares estadounidenses corrientes,2011,Dato revisado,Trimestral,Q3
9,                             Débito (importaciones),13859.710041,Millones - Dólares estadounidenses corrientes,2011,Dato revisado,Trimestral,Q4
9,                             Débito (importaciones),56648.290245,Millones - Dólares estadounidenses corrientes,2012,Dato revisado,Anual,
9,                             Débito (importaciones),13465.694324,Millones - Dólares estadounidenses corrientes,2012,Dato revisado,Trimestral,Q1
9,                             Débito (importaciones),14429.868356,Millones - Dólares estadounidenses corrientes,2012,Dato revisado,Trimestral,Q2
9,                             Débito (importaciones),14506.696149,Millones - Dólares estadounidenses corrientes,2012,Dato revisado,Trimestral,Q3
9,                             Débito (importaciones),14246.031416,Millones - Dólares estadounidenses corrientes,2012,Dato revisado,Trimestral,Q4
9,                             Débito (importaciones),57103.07581,Millones - Dólares estadounidenses corrientes,2013,Dato revisado,Anual,
9,                             Débito (importaciones),13694.190596,Millones - Dólares estadounidenses corrientes,2013,Dato revisado,Trimestral,Q1
9,                             Débito (importaciones),14099.086109,Millones - Dólares estadounidenses corrientes,2013,Dato revisado,Trimestral,Q2
9,                             Débito (importaciones),14594.748866,Millones - Dólares estadounidenses corrientes,2013,Dato revisado,Trimestral,Q3
9,                             Débito (importaciones),14715.050239,Millones - Dólares estadounidenses corrientes,2013,Dato revisado,Trimestral,Q4
9,                             Débito (importaciones),61539.344537,Millones - Dólares estadounidenses corrientes,2014,Dato revisado,Anual,
9,                             Débito (importaciones),14224.028876,Millones - Dólares estadounidenses corrientes,2014,Dato revisado,Trimestral,Q1
9,                             Débito (importaciones),15173.358962,Millones - Dólares estadounidenses corrientes,2014,Dato revisado,Trimestral,Q2
9,                             Débito (importaciones),16164.400382,Millones - Dólares estadounidenses corrientes,2014,Dato revisado,Trimestral,Q3
9,                             Débito (importaciones),15977.556317,Millones - Dólares estadounidenses corrientes,2014,Dato revisado,Trimestral,Q4
9,                             Débito (importaciones),52050.752073,Millones - Dólares estadounidenses corrientes,2015,Dato revisado,Anual,
9,                             Débito (importaciones),13476.344489,Millones - Dólares estadounidenses corrientes,2015,Dato revisado,Trimestral,Q1
9,                             Débito (importaciones),12583.323584,Millones - Dólares estadounidenses corrientes,2015,Dato revisado,Trimestral,Q2
9,                             Débito (importaciones),13485.944042,Millones - Dólares estadounidenses corrientes,2015,Dato revisado,Trimestral,Q3
9,                             Débito (importaciones),12505.139958,Millones - Dólares estadounidenses corrientes,2015,Dato revisado,Trimestral,Q4
9,                             Débito (importaciones),43238.949429,Millones - Dólares estadounidenses corrientes,2016,Dato revisado,Anual,
9,                             Débito (importaciones),10167.398045,Millones - Dólares estadounidenses corrientes,2016,Dato revisado,Trimestral,Q1
9,                             Débito (importaciones),10546.187048,Millones - Dólares estadounidenses corrientes,2016,Dato revisado,Trimestral,Q2
9,                             Débito (importaciones),11105.582891,Millones - Dólares estadounidenses corrientes,2016,Dato revisado,Trimestral,Q3
9,                             Débito (importaciones),11419.781445,Millones - Dólares estadounidenses corrientes,2016,Dato revisado,Trimestral,Q4
9,                             Débito (importaciones),44070.175426,Millones - Dólares estadounidenses corrientes,2017,Dato revisado,Anual,
9,                             Débito (importaciones),10914.510676,Millones - Dólares estadounidenses corrientes,2017,Dato revisado,Trimestral,Q1
9,                             Débito (importaciones),10935.584676,Millones - Dólares estadounidenses corrientes,2017,Dato revisado,Trimestral,Q2
9,                             Débito (importaciones),11176.38912,Millones - Dólares estadounidenses corrientes,2017,Dato revisado,Trimestral,Q3
9,                             Débito (importaciones),11043.690954,Millones - Dólares estadounidenses corrientes,2017,Dato revisado,Trimestral,Q4
9,                             Débito (importaciones),49387.004272,Millones - Dólares estadounidenses corrientes,2018,Dato revisado,Anual,
9,                             Débito (importaciones),11089.751317,Millones - Dólares estadounidenses corrientes,2018,Dato revisado,Trimestral,Q1
9,                             Débito (importaciones),12499.866128,Millones - Dólares estadounidenses corrientes,2018,Dato revisado,Trimestral,Q2
9,                             Débito (importaciones),12472.25166,Millones - Dólares estadounidenses corrientes,2018,Dato revisado,Trimestral,Q3
9,                             Débito (importaciones),13325.135167,Millones - Dólares estadounidenses corrientes,2018,Dato revisado,Trimestral,Q4
9,                             Débito (importaciones),50518.369961,Millones - Dólares estadounidenses corrientes,2019,Dato revisado,Anual,
9,                             Débito (importaciones),12243.763994,Millones - Dólares estadounidenses corrientes,2019,Dato revisado,Trimestral,Q1
9,                             Débito (importaciones),12773.193092,Millones - Dólares estadounidenses corrientes,2019,Dato revisado,Trimestral,Q2
9,                             Débito (importaciones),12936.308805,Millones - Dólares estadounidenses corrientes,2019,Dato revisado,Trimestral,Q3
9,                             Débito (importaciones),12565.10407,Millones - Dólares estadounidenses corrientes,2019,Dato revisado,Trimestral,Q4
9,                             Débito (importaciones),41178.7552576,Millones - Dólares estadounidenses corrientes,2020,Dato revisado,Anual,
9,                             Débito (importaciones),11310.285369,Millones - Dólares estadounidenses corrientes,2020,Dato revisado,Trimestral,Q1
9,                             Débito (importaciones),8399.3126596,Millones - Dólares estadounidenses corrientes,2020,Dato revisado,Trimestral,Q2
9,                             Débito (importaciones),10117.108295,Millones - Dólares estadounidenses corrientes,2020,Dato revisado,Trimestral,Q3
9,                             Débito (importaciones),11352.048934,Millones - Dólares estadounidenses corrientes,2020,Dato revisado,Trimestral,Q4
9,                             Débito (importaciones),56719.215737,Millones - Dólares estadounidenses corrientes,2021,Dato revisado,Anual,
9,                             Débito (importaciones),11866.089761,Millones - Dólares estadounidenses corrientes,2021,Dato revisado,Trimestral,Q1
9,                             Débito (importaciones),13090.879513,Millones - Dólares estadounidenses corrientes,2021,Dato revisado,Trimestral,Q2
9,                             Débito (importaciones),14768.420485,Millones - Dólares estadounidenses corrientes,2021,Dato revisado,Trimestral,Q3
9,                             Débito (importaciones),16993.825978,Millones - Dólares estadounidenses corrientes,2021,Dato revisado,Trimestral,Q4
9,                             Débito (importaciones),71651.70064,Millones - Dólares estadounidenses corrientes,2022,Dato revisado,Anual,
9,                             Débito (importaciones),17318.962447,Millones - Dólares estadounidenses corrientes,2022,Dato revisado,Trimestral,Q1
9,                             Débito (importaciones),18312.555652,Millones - Dólares estadounidenses corrientes,2022,Dato revisado,Trimestral,Q2
9,                             Débito (importaciones),19345.930092,Millones - Dólares estadounidenses corrientes,2022,Dato revisado,Trimestral,Q3
9,                             Débito (importaciones),16674.252449,Millones - Dólares estadounidenses corrientes,2022,Dato revisado,Trimestral,Q4
9,                             Débito (importaciones),59449.499192,Millones - Dólares estadounidenses corrientes,2023,Dato provisional,Anual,
9,                             Débito (importaciones),15407.676262,Millones - Dólares estadounidenses corrientes,2023,Dato provisional,Trimestral,Q1
9,                             Débito (importaciones),14523.839264,Millones - Dólares estadounidenses corrientes,2023,Dato provisional,Trimestral,Q2
9,                             Débito (importaciones),14544.614295,Millones - Dólares estadounidenses corrientes,2023,Dato provisional,Trimestral,Q3
9,                             Débito (importaciones),14973.369371,Millones - Dólares estadounidenses corrientes,2023,Dato provisional,Trimestral,Q4
9,                             Débito (importaciones),60246.456266,Millones - Dólares estadounidenses corrientes,2024,Dato provisional,Anual,
9,                             Débito (importaciones),13868.778072,Millones - Dólares estadounidenses corrientes,2024,Dato provisional,Trimestral,Q1
9,                             Débito (importaciones),15119.797843,Millones - Dólares estadounidenses corrientes,2024,Dato provisional,Trimestral,Q2
9,                             Débito (importaciones),15326.611959,Millones - Dólares estadounidenses corrientes,2024,Dato provisional,Trimestral,Q3
9,                             Débito (importaciones),15931.268392,Millones - Dólares estadounidenses corrientes,2024,Dato provisional,Trimestral,Q4
9,                             Débito (importaciones),49014.571095,Millones - Dólares estadounidenses corrientes,2025,Dato preliminar,Anual,
9,                             Débito (importaciones),15301.105149,Millones - Dólares estadounidenses corrientes,2025,Dato preliminar,Trimestral,Q1
9,                             Débito (importaciones),16361.804391,Millones - Dólares estadounidenses corrientes,2025,Dato preliminar,Trimestral,Q2
9,                             Débito (importaciones),17351.661555,Millones - Dólares estadounidenses corrientes,2025,Dato preliminar,Trimestral,Q3
20,                        1.A.b Servicios,-1373.528715,Millones - Dólares estadounidenses corrientes,2000,Dato revisado,Anual,
20,                        1.A.b Servicios,-322.3967423,Millones - Dólares estadounidenses corrientes,2000,Dato revisado,Trimestral,Q1
20,                        1.A.b Servicios,-316.5171523,Millones - Dólares estadounidenses corrientes,2000,Dato revisado,Trimestral,Q2
20,                        1.A.b Servicios,-343.324284,Millones - Dólares estadounidenses corrientes,2000,Dato revisado,Trimestral,Q3
20,                        1.A.b Servicios,-391.2905364,Millones - Dólares estadounidenses corrientes,2000,Dato revisado,Trimestral,Q4
20,                        1.A.b Servicios,-1601.2796064,Millones - Dólares estadounidenses corrientes,2001,Dato revisado,Anual,
20,                        1.A.b Servicios,-357.2861786,Millones - Dólares estadounidenses corrientes,2001,Dato revisado,Trimestral,Q1
20,                        1.A.b Servicios,-385.4568238,Millones - Dólares estadounidenses corrientes,2001,Dato revisado,Trimestral,Q2
20,                        1.A.b Servicios,-409.1301548,Millones - Dólares estadounidenses corrientes,2001,Dato revisado,Trimestral,Q3
20,                        1.A.b Servicios,-449.4064492,Millones - Dólares estadounidenses corrientes,2001,Dato revisado,Trimestral,Q4
20,                        1.A.b Servicios,-1656.2179129,Millones - Dólares estadounidenses corrientes,2002,Dato revisado,Anual,
20,                        1.A.b Servicios,-372.759933,Millones - Dólares estadounidenses corrientes,2002,Dato revisado,Trimestral,Q1
20,                        1.A.b Servicios,-378.9595823,Millones - Dólares estadounidenses corrientes,2002,Dato revisado,Trimestral,Q2
20,                        1.A.b Servicios,-435.230506,Millones - Dólares estadounidenses corrientes,2002,Dato revisado,Trimestral,Q3
20,                        1.A.b Servicios,-469.2678916,Millones - Dólares estadounidenses corrientes,2002,Dato revisado,Trimestral,Q4
20,                        1.A.b Servicios,-1635.5505857,Millones - Dólares estadounidenses corrientes,2003,Dato revisado,Anual,
20,                        1.A.b Servicios,-342.1943442,Millones - Dólares estadounidenses corrientes,2003,Dato revisado,Trimestral,Q1
20,                        1.A.b Servicios,-374.8793634,Millones - Dólares estadounidenses corrientes,2003,Dato revisado,Trimestral,Q2
20,                        1.A.b Servicios,-427.9726404,Millones - Dólares estadounidenses corrientes,2003,Dato revisado,Trimestral,Q3
20,                        1.A.b Servicios,-490.5042377,Millones - Dólares estadounidenses corrientes,2003,Dato revisado,Trimestral,Q4
20,                        1.A.b Servicios,-1839.5765316,Millones - Dólares estadounidenses corrientes,2004,Dato revisado,Anual,
20,                        1.A.b Servicios,-393.1976279,Millones - Dólares estadounidenses corrientes,2004,Dato revisado,Trimestral,Q1
20,                        1.A.b Servicios,-465.2187275,Millones - Dólares estadounidenses corrientes,2004,Dato revisado,Trimestral,Q2
20,                        1.A.b Servicios,-458.4387497,Millones - Dólares estadounidenses corrientes,2004,Dato revisado,Trimestral,Q3
20,                        1.A.b Servicios,-522.7214265,Millones - Dólares estadounidenses corrientes,2004,Dato revisado,Trimestral,Q4
20,                        1.A.b Servicios,-2304.9108898,Millones - Dólares estadounidenses corrientes,2005,Dato revisado,Anual,
20,                        1.A.b Servicios,-574.218077,Millones - Dólares estadounidenses corrientes,2005,Dato revisado,Trimestral,Q1
20,                        1.A.b Servicios,-572.1903958,Millones - Dólares estadounidenses corrientes,2005,Dato revisado,Trimestral,Q2
20,                        1.A.b Servicios,-682.0991909,Millones - Dólares estadounidenses corrientes,2005,Dato revisado,Trimestral,Q3
20,                        1.A.b Servicios,-476.4032261,Millones - Dólares estadounidenses corrientes,2005,Dato revisado,Trimestral,Q4
20,                        1.A.b Servicios,-2307.7723633,Millones - Dólares estadounidenses corrientes,2006,Dato revisado,Anual,
20,                        1.A.b Servicios,-413.9859684,Millones - Dólares estadounidenses corrientes,2006,Dato revisado,Trimestral,Q1
20,                        1.A.b Servicios,-627.111943,Millones - Dólares estadounidenses corrientes,2006,Dato revisado,Trimestral,Q2
20,                        1.A.b Servicios,-699.7752062,Millones - Dólares estadounidenses corrientes,2006,Dato revisado,Trimestral,Q3
20,                        1.A.b Servicios,-566.8992457,Millones - Dólares estadounidenses corrientes,2006,Dato revisado,Trimestral,Q4
20,                        1.A.b Servicios,-2880.9524115,Millones - Dólares estadounidenses corrientes,2007,Dato revisado,Anual,
20,                        1.A.b Servicios,-601.7269385,Millones - Dólares estadounidenses corrientes,2007,Dato revisado,Trimestral,Q1
20,                        1.A.b Servicios,-650.6506596,Millones - Dólares estadounidenses corrientes,2007,Dato revisado,Trimestral,Q2
20,                        1.A.b Servicios,-799.5252037,Millones - Dólares estadounidenses corrientes,2007,Dato revisado,Trimestral,Q3
20,                        1.A.b Servicios,-829.0496097,Millones - Dólares estadounidenses corrientes,2007,Dato revisado,Trimestral,Q4
20,                        1.A.b Servicios,-3266.978118,Millones - Dólares estadounidenses corrientes,2008,Dato revisado,Anual,
20,                        1.A.b Servicios,-631.4804055,Millones - Dólares estadounidenses corrientes,2008,Dato revisado,Trimestral,Q1
20,                        1.A.b Servicios,-821.1379153,Millones - Dólares estadounidenses corrientes,2008,Dato revisado,Trimestral,Q2
20,                        1.A.b Servicios,-954.2428686,Millones - Dólares estadounidenses corrientes,2008,Dato revisado,Trimestral,Q3
20,                        1.A.b Servicios,-860.1169286,Millones - Dólares estadounidenses corrientes,2008,Dato revisado,Trimestral,Q4
20,                        1.A.b Servicios,-3354.9874059,Millones - Dólares estadounidenses corrientes,2009,Dato revisado,Anual,
20,                        1.A.b Servicios,-648.0434341,Millones - Dólares estadounidenses corrientes,2009,Dato revisado,Trimestral,Q1
20,                        1.A.b Servicios,-722.9337536,Millones - Dólares estadounidenses corrientes,2009,Dato revisado,Trimestral,Q2
20,                        1.A.b Servicios,-804.0817502,Millones - Dólares estadounidenses corrientes,2009,Dato revisado,Trimestral,Q3
20,                        1.A.b Servicios,-1179.928468,Millones - Dólares estadounidenses corrientes,2009,Dato revisado,Trimestral,Q4
20,                        1.A.b Servicios,-4602.2329405,Millones - Dólares estadounidenses corrientes,2010,Dato revisado,Anual,
20,                        1.A.b Servicios,-850.4573535,Millones - Dólares estadounidenses corrientes,2010,Dato revisado,Trimestral,Q1
20,                        1.A.b Servicios,-1062.797988,Millones - Dólares estadounidenses corrientes,2010,Dato revisado,Trimestral,Q2
20,                        1.A.b Servicios,-1268.078474,Millones - Dólares estadounidenses corrientes,2010,Dato revisado,Trimestral,Q3
20,                        1.A.b Servicios,-1420.899125,Millones - Dólares estadounidenses corrientes,2010,Dato revisado,Trimestral,Q4
20,                        1.A.b Servicios,-5609.072537,Millones - Dólares estadounidenses corrientes,2011,Dato revisado,Anual,
20,                        1.A.b Servicios,-1262.687706,Millones - Dólares estadounidenses corrientes,2011,Dato revisado,Trimestral,Q1
20,                        1.A.b Servicios,-1421.590171,Millones - Dólares estadounidenses corrientes,2011,Dato revisado,Trimestral,Q2
20,                        1.A.b Servicios,-1400.996308,Millones - Dólares estadounidenses corrientes,2011,Dato revisado,Trimestral,Q3
20,                        1.A.b Servicios,-1523.798352,Millones - Dólares estadounidenses corrientes,2011,Dato revisado,Trimestral,Q4
20,                        1.A.b Servicios,-6420.566549,Millones - Dólares estadounidenses corrientes,2012,Dato revisado,Anual,
20,                        1.A.b Servicios,-1360.095655,Millones - Dólares estadounidenses corrientes,2012,Dato revisado,Trimestral,Q1
20,                        1.A.b Servicios,-1722.055898,Millones - Dólares estadounidenses corrientes,2012,Dato revisado,Trimestral,Q2
20,                        1.A.b Servicios,-1744.774744,Millones - Dólares estadounidenses corrientes,2012,Dato revisado,Trimestral,Q3
20,                        1.A.b Servicios,-1593.640252,Millones - Dólares estadounidenses corrientes,2012,Dato revisado,Trimestral,Q4
20,                        1.A.b Servicios,-6429.722182,Millones - Dólares estadounidenses corrientes,2013,Dato revisado,Anual,
20,                        1.A.b Servicios,-1578.410371,Millones - Dólares estadounidenses corrientes,2013,Dato revisado,Trimestral,Q1
20,                        1.A.b Servicios,-1532.26191,Millones - Dólares estadounidenses corrientes,2013,Dato revisado,Trimestral,Q2
20,                        1.A.b Servicios,-1719.323248,Millones - Dólares estadounidenses corrientes,2013,Dato revisado,Trimestral,Q3
20,                        1.A.b Servicios,-1599.726653,Millones - Dólares estadounidenses corrientes,2013,Dato revisado,Trimestral,Q4
20,                        1.A.b Servicios,-7691.681013,Millones - Dólares estadounidenses corrientes,2014,Dato revisado,Anual,
20,                        1.A.b Servicios,-1682.960538,Millones - Dólares estadounidenses corrientes,2014,Dato revisado,Trimestral,Q1
20,                        1.A.b Servicios,-1822.934987,Millones - Dólares estadounidenses corrientes,2014,Dato revisado,Trimestral,Q2
20,                        1.A.b Servicios,-2027.315457,Millones - Dólares estadounidenses corrientes,2014,Dato revisado,Trimestral,Q3
20,                        1.A.b Servicios,-2158.470031,Millones - Dólares estadounidenses corrientes,2014,Dato revisado,Trimestral,Q4
20,                        1.A.b Servicios,-5525.742519,Millones - Dólares estadounidenses corrientes,2015,Dato revisado,Anual,
20,                        1.A.b Servicios,-1445.927395,Millones - Dólares estadounidenses corrientes,2015,Dato revisado,Trimestral,Q1
20,                        1.A.b Servicios,-1573.810806,Millones - Dólares estadounidenses corrientes,2015,Dato revisado,Trimestral,Q2
20,                        1.A.b Servicios,-1419.028101,Millones - Dólares estadounidenses corrientes,2015,Dato revisado,Trimestral,Q3
20,                        1.A.b Servicios,-1086.976217,Millones - Dólares estadounidenses corrientes,2015,Dato revisado,Trimestral,Q4
20,                        1.A.b Servicios,-4275.4134811,Millones - Dólares estadounidenses corrientes,2016,Dato revisado,Anual,
20,                        1.A.b Servicios,-995.9266616,Millones - Dólares estadounidenses corrientes,2016,Dato revisado,Trimestral,Q1
20,                        1.A.b Servicios,-1165.993123,Millones - Dólares estadounidenses corrientes,2016,Dato revisado,Trimestral,Q2
20,                        1.A.b Servicios,-1220.10905,Millones - Dólares estadounidenses corrientes,2016,Dato revisado,Trimestral,Q3
20,                        1.A.b Servicios,-893.3846465,Millones - Dólares estadounidenses corrientes,2016,Dato revisado,Trimestral,Q4
20,                        1.A.b Servicios,-4476.946125,Millones - Dólares estadounidenses corrientes,2017,Dato revisado,Anual,
20,                        1.A.b Servicios,-1002.3715,Millones - Dólares estadounidenses corrientes,2017,Dato revisado,Trimestral,Q1
20,                        1.A.b Servicios,-1088.641253,Millones - Dólares estadounidenses corrientes,2017,Dato revisado,Trimestral,Q2
20,                        1.A.b Servicios,-1327.244705,Millones - Dólares estadounidenses corrientes,2017,Dato revisado,Trimestral,Q3
20,                        1.A.b Servicios,-1058.688667,Millones - Dólares estadounidenses corrientes,2017,Dato revisado,Trimestral,Q4
20,                        1.A.b Servicios,-4162.2370672,Millones - Dólares estadounidenses corrientes,2018,Dato revisado,Anual,
20,                        1.A.b Servicios,-717.926803,Millones - Dólares estadounidenses corrientes,2018,Dato revisado,Trimestral,Q1
20,                        1.A.b Servicios,-1206.950697,Millones - Dólares estadounidenses corrientes,2018,Dato revisado,Trimestral,Q2
20,                        1.A.b Servicios,-1261.150043,Millones - Dólares estadounidenses corrientes,2018,Dato revisado,Trimestral,Q3
20,                        1.A.b Servicios,-976.2095242,Millones - Dólares estadounidenses corrientes,2018,Dato revisado,Trimestral,Q4
20,                        1.A.b Servicios,-4285.3931429,Millones - Dólares estadounidenses corrientes,2019,Dato revisado,Anual,
20,                        1.A.b Servicios,-827.094744,Millones - Dólares estadounidenses corrientes,2019,Dato revisado,Trimestral,Q1
20,                        1.A.b Servicios,-1242.47228,Millones - Dólares estadounidenses corrientes,2019,Dato revisado,Trimestral,Q2
20,                        1.A.b Servicios,-1366.917862,Millones - Dólares estadounidenses corrientes,2019,Dato revisado,Trimestral,Q3
20,                        1.A.b Servicios,-848.9082569,Millones - Dólares estadounidenses corrientes,2019,Dato revisado,Trimestral,Q4
20,                        1.A.b Servicios,-4234.9630923,Millones - Dólares estadounidenses corrientes,2020,Dato revisado,Anual,
20,                        1.A.b Servicios,-853.9390613,Millones - Dólares estadounidenses corrientes,2020,Dato revisado,Trimestral,Q1
20,                        1.A.b Servicios,-1101.475129,Millones - Dólares estadounidenses corrientes,2020,Dato revisado,Trimestral,Q2
20,                        1.A.b Servicios,-1058.857285,Millones - Dólares estadounidenses corrientes,2020,Dato revisado,Trimestral,Q3
20,                        1.A.b Servicios,-1220.691617,Millones - Dólares estadounidenses corrientes,2020,Dato revisado,Trimestral,Q4
20,                        1.A.b Servicios,-6017.037869,Millones - Dólares estadounidenses corrientes,2021,Dato revisado,Anual,
20,                        1.A.b Servicios,-1100.548345,Millones - Dólares estadounidenses corrientes,2021,Dato revisado,Trimestral,Q1
20,                        1.A.b Servicios,-1473.57112,Millones - Dólares estadounidenses corrientes,2021,Dato revisado,Trimestral,Q2
20,                        1.A.b Servicios,-1566.143312,Millones - Dólares estadounidenses corrientes,2021,Dato revisado,Trimestral,Q3
20,                        1.A.b Servicios,-1876.775092,Millones - Dólares estadounidenses corrientes,2021,Dato revisado,Trimestral,Q4
20,                        1.A.b Servicios,-3889.5574633,Millones - Dólares estadounidenses corrientes,2022,Dato revisado,Anual,
20,                        1.A.b Servicios,-1216.47672,Millones - Dólares estadounidenses corrientes,2022,Dato revisado,Trimestral,Q1
20,                        1.A.b Servicios,-1075.319332,Millones - Dólares estadounidenses corrientes,2022,Dato revisado,Trimestral,Q2
20,                        1.A.b Servicios,-724.8373047,Millones - Dólares estadounidenses corrientes,2022,Dato revisado,Trimestral,Q3
20,                        1.A.b Servicios,-872.9241066,Millones - Dólares estadounidenses corrientes,2022,Dato revisado,Trimestral,Q4
20,                        1.A.b Servicios,-958.86743197,Millones - Dólares estadounidenses corrientes,2023,Dato provisional,Anual,
20,                        1.A.b Servicios,-248.3011068,Millones - Dólares estadounidenses corrientes,2023,Dato provisional,Trimestral,Q1
20,                        1.A.b Servicios,-345.7917279,Millones - Dólares estadounidenses corrientes,2023,Dato provisional,Trimestral,Q2
20,                        1.A.b Servicios,-37.06913347,Millones - Dólares estadounidenses corrientes,2023,Dato provisional,Trimestral,Q3
20,                        1.A.b Servicios,-327.7054638,Millones - Dólares estadounidenses corrientes,2023,Dato provisional,Trimestral,Q4
20,                        1.A.b Servicios,-395.65419934,Millones - Dólares estadounidenses corrientes,2024,Dato provisional,Anual,
20,                        1.A.b Servicios,335.10470605,Millones - Dólares estadounidenses corrientes,2024,Dato provisional,Trimestral,Q1
20,                        1.A.b Servicios,-371.4877349,Millones - Dólares estadounidenses corrientes,2024,Dato provisional,Trimestral,Q2
20,                        1.A.b Servicios,-15.36835869,Millones - Dólares estadounidenses corrientes,2024,Dato provisional,Trimestral,Q3
20,                        1.A.b Servicios,-343.9028118,Millones - Dólares estadounidenses corrientes,2024,Dato provisional,Trimestral,Q4
20,                        1.A.b Servicios,385.01770088,Millones - Dólares estadounidenses corrientes,2025,Dato preliminar,Anual,
20,                        1.A.b Servicios,383.21010228,Millones - Dólares estadounidenses corrientes,2025,Dato preliminar,Trimestral,Q1
20,                        1.A.b Servicios,-139.2945292,Millones - Dólares estadounidenses corrientes,2025,Dato preliminar,Trimestral,Q2
20,                        1.A.b Servicios,141.1021278,Millones - Dólares estadounidenses corrientes,2025,Dato preliminar,Trimestral,Q3
21,                             Crédito (exportaciones),2061.97031969,Millones - Dólares estadounidenses corrientes,2000,Dato revisado,Anual,
21,                             Crédito (exportaciones),467.73924315,Millones - Dólares estadounidenses corrientes,2000,Dato revisado,Trimestral,Q1
21,                             Crédito (exportaciones),498.22817231,Millones - Dólares estadounidenses corrientes,2000,Dato revisado,Trimestral,Q2
21,                             Crédito (exportaciones),532.11373963,Millones - Dólares estadounidenses corrientes,2000,Dato revisado,Trimestral,Q3
21,                             Crédito (exportaciones),563.8891646,Millones - Dólares estadounidenses corrientes,2000,Dato revisado,Trimestral,Q4
21,                             Crédito (exportaciones),2202.65333331,Millones - Dólares estadounidenses corrientes,2001,Dato revisado,Anual,
21,                             Crédito (exportaciones),514.21126301,Millones - Dólares estadounidenses corrientes,2001,Dato revisado,Trimestral,Q1
21,                             Crédito (exportaciones),543.95037126,Millones - Dólares estadounidenses corrientes,2001,Dato revisado,Trimestral,Q2
21,                             Crédito (exportaciones),554.34552499,Millones - Dólares estadounidenses corrientes,2001,Dato revisado,Trimestral,Q3
21,                             Crédito (exportaciones),590.14617405,Millones - Dólares estadounidenses corrientes,2001,Dato revisado,Trimestral,Q4
21,                             Crédito (exportaciones),1890.26931537,Millones - Dólares estadounidenses corrientes,2002,Dato revisado,Anual,
21,                             Crédito (exportaciones),464.40662103,Millones - Dólares estadounidenses corrientes,2002,Dato revisado,Trimestral,Q1
21,                             Crédito (exportaciones),472.60181021,Millones - Dólares estadounidenses corrientes,2002,Dato revisado,Trimestral,Q2
21,                             Crédito (exportaciones),484.95932248,Millones - Dólares estadounidenses corrientes,2002,Dato revisado,Trimestral,Q3
21,                             Crédito (exportaciones),468.30156165,Millones - Dólares estadounidenses corrientes,2002,Dato revisado,Trimestral,Q4
21,                             Crédito (exportaciones),1929.64122179,Millones - Dólares estadounidenses corrientes,2003,Dato revisado,Anual,
21,                             Crédito (exportaciones),429.26705844,Millones - Dólares estadounidenses corrientes,2003,Dato revisado,Trimestral,Q1
21,                             Crédito (exportaciones),460.14708038,Millones - Dólares estadounidenses corrientes,2003,Dato revisado,Trimestral,Q2
21,                             Crédito (exportaciones),504.60203477,Millones - Dólares estadounidenses corrientes,2003,Dato revisado,Trimestral,Q3
21,                             Crédito (exportaciones),535.6250482,Millones - Dólares estadounidenses corrientes,2003,Dato revisado,Trimestral,Q4
21,                             Crédito (exportaciones),2437.29667545,Millones - Dólares estadounidenses corrientes,2004,Dato revisado,Anual,
21,                             Crédito (exportaciones),527.00836417,Millones - Dólares estadounidenses corrientes,2004,Dato revisado,Trimestral,Q1
21,                             Crédito (exportaciones),542.99166062,Millones - Dólares estadounidenses corrientes,2004,Dato revisado,Trimestral,Q2
21,                             Crédito (exportaciones),659.45324886,Millones - Dólares estadounidenses corrientes,2004,Dato revisado,Trimestral,Q3
21,                             Crédito (exportaciones),707.8434018,Millones - Dólares estadounidenses corrientes,2004,Dato revisado,Trimestral,Q4
21,                             Crédito (exportaciones),2956.15754579,Millones - Dólares estadounidenses corrientes,2005,Dato revisado,Anual,
21,                             Crédito (exportaciones),620.45477105,Millones - Dólares estadounidenses corrientes,2005,Dato revisado,Trimestral,Q1
21,                             Crédito (exportaciones),698.86546605,Millones - Dólares estadounidenses corrientes,2005,Dato revisado,Trimestral,Q2
21,                             Crédito (exportaciones),756.15516176,Millones - Dólares estadounidenses corrientes,2005,Dato revisado,Trimestral,Q3
21,                             Crédito (exportaciones),880.68214693,Millones - Dólares estadounidenses corrientes,2005,Dato revisado,Trimestral,Q4
21,                             Crédito (exportaciones),3695.48553202,Millones - Dólares estadounidenses corrientes,2006,Dato revisado,Anual,
21,                             Crédito (exportaciones),918.10501743,Millones - Dólares estadounidenses corrientes,2006,Dato revisado,Trimestral,Q1
21,                             Crédito (exportaciones),819.23466161,Millones - Dólares estadounidenses corrientes,2006,Dato revisado,Trimestral,Q2
21,                             Crédito (exportaciones),915.37607868,Millones - Dólares estadounidenses corrientes,2006,Dato revisado,Trimestral,Q3
21,                             Crédito (exportaciones),1042.7697743,Millones - Dólares estadounidenses corrientes,2006,Dato revisado,Trimestral,Q4
21,                             Crédito (exportaciones),4571.9640642,Millones - Dólares estadounidenses corrientes,2007,Dato revisado,Anual,
21,                             Crédito (exportaciones),1060.9855217,Millones - Dólares estadounidenses corrientes,2007,Dato revisado,Trimestral,Q1
21,                             Crédito (exportaciones),1092.9389105,Millones - Dólares estadounidenses corrientes,2007,Dato revisado,Trimestral,Q2
21,                             Crédito (exportaciones),1152.7719394,Millones - Dólares estadounidenses corrientes,2007,Dato revisado,Trimestral,Q3
21,                             Crédito (exportaciones),1265.2676926,Millones - Dólares estadounidenses corrientes,2007,Dato revisado,Trimestral,Q4
21,                             Crédito (exportaciones),5465.0435104,Millones - Dólares estadounidenses corrientes,2008,Dato revisado,Anual,
21,                             Crédito (exportaciones),1372.186676,Millones - Dólares estadounidenses corrientes,2008,Dato revisado,Trimestral,Q1
21,                             Crédito (exportaciones),1302.43757,Millones - Dólares estadounidenses corrientes,2008,Dato revisado,Trimestral,Q2
21,                             Crédito (exportaciones),1377.8902737,Millones - Dólares estadounidenses corrientes,2008,Dato revisado,Trimestral,Q3
21,                             Crédito (exportaciones),1412.5289907,Millones - Dólares estadounidenses corrientes,2008,Dato revisado,Trimestral,Q4
21,                             Crédito (exportaciones),5372.1837962,Millones - Dólares estadounidenses corrientes,2009,Dato revisado,Anual,
21,                             Crédito (exportaciones),1287.0219466,Millones - Dólares estadounidenses corrientes,2009,Dato revisado,Trimestral,Q1
21,                             Crédito (exportaciones),1251.3485952,Millones - Dólares estadounidenses corrientes,2009,Dato revisado,Trimestral,Q2
21,                             Crédito (exportaciones),1364.6403455,Millones - Dólares estadounidenses corrientes,2009,Dato revisado,Trimestral,Q3
21,                             Crédito (exportaciones),1469.1729089,Millones - Dólares estadounidenses corrientes,2009,Dato revisado,Trimestral,Q4
21,                             Crédito (exportaciones),6023.5362465,Millones - Dólares estadounidenses corrientes,2010,Dato revisado,Anual,
21,                             Crédito (exportaciones),1389.3133811,Millones - Dólares estadounidenses corrientes,2010,Dato revisado,Trimestral,Q1
21,                             Crédito (exportaciones),1362.7544518,Millones - Dólares estadounidenses corrientes,2010,Dato revisado,Trimestral,Q2
21,                             Crédito (exportaciones),1561.5370627,Millones - Dólares estadounidenses corrientes,2010,Dato revisado,Trimestral,Q3
21,                             Crédito (exportaciones),1709.9313509,Millones - Dólares estadounidenses corrientes,2010,Dato revisado,Trimestral,Q4
21,                             Crédito (exportaciones),6525.6974186,Millones - Dólares estadounidenses corrientes,2011,Dato revisado,Anual,
21,                             Crédito (exportaciones),1486.2712824,Millones - Dólares estadounidenses corrientes,2011,Dato revisado,Trimestral,Q1
21,                             Crédito (exportaciones),1495.2406275,Millones - Dólares estadounidenses corrientes,2011,Dato revisado,Trimestral,Q2
21,                             Crédito (exportaciones),1704.7808085,Millones - Dólares estadounidenses corrientes,2011,Dato revisado,Trimestral,Q3
21,                             Crédito (exportaciones),1839.4047002,Millones - Dólares estadounidenses corrientes,2011,Dato revisado,Trimestral,Q4
21,                             Crédito (exportaciones),7547.8340521,Millones - Dólares estadounidenses corrientes,2012,Dato revisado,Anual,
21,                             Crédito (exportaciones),1820.3116199,Millones - Dólares estadounidenses corrientes,2012,Dato revisado,Trimestral,Q1
21,                             Crédito (exportaciones),1715.5734123,Millones - Dólares estadounidenses corrientes,2012,Dato revisado,Trimestral,Q2
21,                             Crédito (exportaciones),1917.2052598,Millones - Dólares estadounidenses corrientes,2012,Dato revisado,Trimestral,Q3
21,                             Crédito (exportaciones),2094.7437601,Millones - Dólares estadounidenses corrientes,2012,Dato revisado,Trimestral,Q4
21,                             Crédito (exportaciones),8284.4933392,Millones - Dólares estadounidenses corrientes,2013,Dato revisado,Anual,
21,                             Crédito (exportaciones),1863.9702605,Millones - Dólares estadounidenses corrientes,2013,Dato revisado,Trimestral,Q1
21,                             Crédito (exportaciones),1993.933068,Millones - Dólares estadounidenses corrientes,2013,Dato revisado,Trimestral,Q2
21,                             Crédito (exportaciones),2090.8773403,Millones - Dólares estadounidenses corrientes,2013,Dato revisado,Trimestral,Q3
21,                             Crédito (exportaciones),2335.7126704,Millones - Dólares estadounidenses corrientes,2013,Dato revisado,Trimestral,Q4
21,                             Crédito (exportaciones),8527.7327122,Millones - Dólares estadounidenses corrientes,2014,Dato revisado,Anual,
21,                             Crédito (exportaciones),2022.6256668,Millones - Dólares estadounidenses corrientes,2014,Dato revisado,Trimestral,Q1
21,                             Crédito (exportaciones),2046.0963899,Millones - Dólares estadounidenses corrientes,2014,Dato revisado,Trimestral,Q2
21,                             Crédito (exportaciones),2198.2160655,Millones - Dólares estadounidenses corrientes,2014,Dato revisado,Trimestral,Q3
21,                             Crédito (exportaciones),2260.79459,Millones - Dólares estadounidenses corrientes,2014,Dato revisado,Trimestral,Q4
21,                             Crédito (exportaciones),8434.4221794,Millones - Dólares estadounidenses corrientes,2015,Dato revisado,Anual,
21,                             Crédito (exportaciones),2053.0368277,Millones - Dólares estadounidenses corrientes,2015,Dato revisado,Trimestral,Q1
21,                             Crédito (exportaciones),1973.9373371,Millones - Dólares estadounidenses corrientes,2015,Dato revisado,Trimestral,Q2
21,                             Crédito (exportaciones),2146.3477412,Millones - Dólares estadounidenses corrientes,2015,Dato revisado,Trimestral,Q3
21,                             Crédito (exportaciones),2261.1002734,Millones - Dólares estadounidenses corrientes,2015,Dato revisado,Trimestral,Q4
21,                             Crédito (exportaciones),8705.6024378,Millones - Dólares estadounidenses corrientes,2016,Dato revisado,Anual,
21,                             Crédito (exportaciones),2028.3085666,Millones - Dólares estadounidenses corrientes,2016,Dato revisado,Trimestral,Q1
21,                             Crédito (exportaciones),1961.5466909,Millones - Dólares estadounidenses corrientes,2016,Dato revisado,Trimestral,Q2
21,                             Crédito (exportaciones),2252.5004711,Millones - Dólares estadounidenses corrientes,2016,Dato revisado,Trimestral,Q3
21,                             Crédito (exportaciones),2463.2467092,Millones - Dólares estadounidenses corrientes,2016,Dato revisado,Trimestral,Q4
21,                             Crédito (exportaciones),9536.0247974,Millones - Dólares estadounidenses corrientes,2017,Dato revisado,Anual,
21,                             Crédito (exportaciones),2189.9745293,Millones - Dólares estadounidenses corrientes,2017,Dato revisado,Trimestral,Q1
21,                             Crédito (exportaciones),2313.2096402,Millones - Dólares estadounidenses corrientes,2017,Dato revisado,Trimestral,Q2
21,                             Crédito (exportaciones),2343.4345596,Millones - Dólares estadounidenses corrientes,2017,Dato revisado,Trimestral,Q3
21,                             Crédito (exportaciones),2689.4060683,Millones - Dólares estadounidenses corrientes,2017,Dato revisado,Trimestral,Q4
21,                             Crédito (exportaciones),10730.9694457,Millones - Dólares estadounidenses corrientes,2018,Dato revisado,Anual,
21,                             Crédito (exportaciones),2689.2823433,Millones - Dólares estadounidenses corrientes,2018,Dato revisado,Trimestral,Q1
21,                             Crédito (exportaciones),2484.8375701,Millones - Dólares estadounidenses corrientes,2018,Dato revisado,Trimestral,Q2
21,                             Crédito (exportaciones),2588.2970918,Millones - Dólares estadounidenses corrientes,2018,Dato revisado,Trimestral,Q3
21,                             Crédito (exportaciones),2968.5524405,Millones - Dólares estadounidenses corrientes,2018,Dato revisado,Trimestral,Q4
21,                             Crédito (exportaciones),10668.4193599,Millones - Dólares estadounidenses corrientes,2019,Dato revisado,Anual,
21,                             Crédito (exportaciones),2693.6685916,Millones - Dólares estadounidenses corrientes,2019,Dato revisado,Trimestral,Q1
21,                             Crédito (exportaciones),2404.1721047,Millones - Dólares estadounidenses corrientes,2019,Dato revisado,Trimestral,Q2
21,                             Crédito (exportaciones),2647.582235,Millones - Dólares estadounidenses corrientes,2019,Dato revisado,Trimestral,Q3
21,                             Crédito (exportaciones),2922.9964286,Millones - Dólares estadounidenses corrientes,2019,Dato revisado,Trimestral,Q4
21,                             Crédito (exportaciones),5914.66526126,Millones - Dólares estadounidenses corrientes,2020,Dato revisado,Anual,
21,                             Crédito (exportaciones),2508.8349741,Millones - Dólares estadounidenses corrientes,2020,Dato revisado,Trimestral,Q1
21,                             Crédito (exportaciones),896.03715776,Millones - Dólares estadounidenses corrientes,2020,Dato revisado,Trimestral,Q2
21,                             Crédito (exportaciones),1010.1308123,Millones - Dólares estadounidenses corrientes,2020,Dato revisado,Trimestral,Q3
21,                             Crédito (exportaciones),1499.6623171,Millones - Dólares estadounidenses corrientes,2020,Dato revisado,Trimestral,Q4
21,                             Crédito (exportaciones),8177.865908,Millones - Dólares estadounidenses corrientes,2021,Dato revisado,Anual,
21,                             Crédito (exportaciones),1577.9310468,Millones - Dólares estadounidenses corrientes,2021,Dato revisado,Trimestral,Q1
21,                             Crédito (exportaciones),1774.0654235,Millones - Dólares estadounidenses corrientes,2021,Dato revisado,Trimestral,Q2
21,                             Crédito (exportaciones),2156.5768315,Millones - Dólares estadounidenses corrientes,2021,Dato revisado,Trimestral,Q3
21,                             Crédito (exportaciones),2669.2926062,Millones - Dólares estadounidenses corrientes,2021,Dato revisado,Trimestral,Q4
21,                             Crédito (exportaciones),14027.6376744,Millones - Dólares estadounidenses corrientes,2022,Dato revisado,Anual,
21,                             Crédito (exportaciones),3079.8119668,Millones - Dólares estadounidenses corrientes,2022,Dato revisado,Trimestral,Q1
21,                             Crédito (exportaciones),3328.8808337,Millones - Dólares estadounidenses corrientes,2022,Dato revisado,Trimestral,Q2
21,                             Crédito (exportaciones),3806.1291592,Millones - Dólares estadounidenses corrientes,2022,Dato revisado,Trimestral,Q3
21,                             Crédito (exportaciones),3812.8157147,Millones - Dólares estadounidenses corrientes,2022,Dato revisado,Trimestral,Q4
21,                             Crédito (exportaciones),16013.6180372,Millones - Dólares estadounidenses corrientes,2023,Dato provisional,Anual,
21,                             Crédito (exportaciones),3677.9341715,Millones - Dólares estadounidenses corrientes,2023,Dato provisional,Trimestral,Q1
21,                             Crédito (exportaciones),3789.3045893,Millones - Dólares estadounidenses corrientes,2023,Dato provisional,Trimestral,Q2
21,                             Crédito (exportaciones),4187.2064253,Millones - Dólares estadounidenses corrientes,2023,Dato provisional,Trimestral,Q3
21,                             Crédito (exportaciones),4359.1728511,Millones - Dólares estadounidenses corrientes,2023,Dato provisional,Trimestral,Q4
21,                             Crédito (exportaciones),18102.4534867,Millones - Dólares estadounidenses corrientes,2024,Dato provisional,Anual,
21,                             Crédito (exportaciones),4359.8340881,Millones - Dólares estadounidenses corrientes,2024,Dato provisional,Trimestral,Q1
21,                             Crédito (exportaciones),4091.9794229,Millones - Dólares estadounidenses corrientes,2024,Dato provisional,Trimestral,Q2
21,                             Crédito (exportaciones),4863.2630525,Millones - Dólares estadounidenses corrientes,2024,Dato provisional,Trimestral,Q3
21,                             Crédito (exportaciones),4787.3769232,Millones - Dólares estadounidenses corrientes,2024,Dato provisional,Trimestral,Q4
21,                             Crédito (exportaciones),14824.5034059,Millones - Dólares estadounidenses corrientes,2025,Dato preliminar,Anual,
21,                             Crédito (exportaciones),4824.9658675,Millones - Dólares estadounidenses corrientes,2025,Dato preliminar,Trimestral,Q1
21,                             Crédito (exportaciones),4632.9432844,Millones - Dólares estadounidenses corrientes,2025,Dato preliminar,Trimestral,Q2
21,                             Crédito (exportaciones),5366.594254,Millones - Dólares estadounidenses corrientes,2025,Dato preliminar,Trimestral,Q3
22,                             Débito (importaciones),3435.49903477,Millones - Dólares estadounidenses corrientes,2000,Dato revisado,Anual,
22,                             Débito (importaciones),790.13598549,Millones - Dólares estadounidenses corrientes,2000,Dato revisado,Trimestral,Q1
22,                             Débito (importaciones),814.74532464,Millones - Dólares estadounidenses corrientes,2000,Dato revisado,Trimestral,Q2
22,                             Débito (importaciones),875.43802361,Millones - Dólares estadounidenses corrientes,2000,Dato revisado,Trimestral,Q3
22,                             Débito (importaciones),955.17970103,Millones - Dólares estadounidenses corrientes,2000,Dato revisado,Trimestral,Q4
22,                             Débito (importaciones),3803.9329397,Millones - Dólares estadounidenses corrientes,2001,Dato revisado,Anual,
22,                             Débito (importaciones),871.49744162,Millones - Dólares estadounidenses corrientes,2001,Dato revisado,Trimestral,Q1
22,                             Débito (importaciones),929.40719501,Millones - Dólares estadounidenses corrientes,2001,Dato revisado,Trimestral,Q2
22,                             Débito (importaciones),963.47567977,Millones - Dólares estadounidenses corrientes,2001,Dato revisado,Trimestral,Q3
22,                             Débito (importaciones),1039.5526233,Millones - Dólares estadounidenses corrientes,2001,Dato revisado,Trimestral,Q4
22,                             Débito (importaciones),3546.48722823,Millones - Dólares estadounidenses corrientes,2002,Dato revisado,Anual,
22,                             Débito (importaciones),837.16655401,Millones - Dólares estadounidenses corrientes,2002,Dato revisado,Trimestral,Q1
22,                             Débito (importaciones),851.56139252,Millones - Dólares estadounidenses corrientes,2002,Dato revisado,Trimestral,Q2
22,                             Débito (importaciones),920.18982844,Millones - Dólares estadounidenses corrientes,2002,Dato revisado,Trimestral,Q3
22,                             Débito (importaciones),937.56945326,Millones - Dólares estadounidenses corrientes,2002,Dato revisado,Trimestral,Q4
22,                             Débito (importaciones),3565.19180759,Millones - Dólares estadounidenses corrientes,2003,Dato revisado,Anual,
22,                             Débito (importaciones),771.46140267,Millones - Dólares estadounidenses corrientes,2003,Dato revisado,Trimestral,Q1
22,                             Débito (importaciones),835.02644382,Millones - Dólares estadounidenses corrientes,2003,Dato revisado,Trimestral,Q2
22,                             Débito (importaciones),932.5746752,Millones - Dólares estadounidenses corrientes,2003,Dato revisado,Trimestral,Q3
22,                             Débito (importaciones),1026.1292859,Millones - Dólares estadounidenses corrientes,2003,Dato revisado,Trimestral,Q4
22,                             Débito (importaciones),4276.87320717,Millones - Dólares estadounidenses corrientes,2004,Dato revisado,Anual,
22,                             Débito (importaciones),920.20599207,Millones - Dólares estadounidenses corrientes,2004,Dato revisado,Trimestral,Q1
22,                             Débito (importaciones),1008.2103882,Millones - Dólares estadounidenses corrientes,2004,Dato revisado,Trimestral,Q2
22,                             Débito (importaciones),1117.8919986,Millones - Dólares estadounidenses corrientes,2004,Dato revisado,Trimestral,Q3
22,                             Débito (importaciones),1230.5648283,Millones - Dólares estadounidenses corrientes,2004,Dato revisado,Trimestral,Q4
22,                             Débito (importaciones),5261.0684357,Millones - Dólares estadounidenses corrientes,2005,Dato revisado,Anual,
22,                             Débito (importaciones),1194.672848,Millones - Dólares estadounidenses corrientes,2005,Dato revisado,Trimestral,Q1
22,                             Débito (importaciones),1271.0558619,Millones - Dólares estadounidenses corrientes,2005,Dato revisado,Trimestral,Q2
22,                             Débito (importaciones),1438.2543527,Millones - Dólares estadounidenses corrientes,2005,Dato revisado,Trimestral,Q3
22,                             Débito (importaciones),1357.0853731,Millones - Dólares estadounidenses corrientes,2005,Dato revisado,Trimestral,Q4
22,                             Débito (importaciones),6003.2578954,Millones - Dólares estadounidenses corrientes,2006,Dato revisado,Anual,
22,                             Débito (importaciones),1332.0909858,Millones - Dólares estadounidenses corrientes,2006,Dato revisado,Trimestral,Q1
22,                             Débito (importaciones),1446.3466047,Millones - Dólares estadounidenses corrientes,2006,Dato revisado,Trimestral,Q2
22,                             Débito (importaciones),1615.1512849,Millones - Dólares estadounidenses corrientes,2006,Dato revisado,Trimestral,Q3
22,                             Débito (importaciones),1609.66902,Millones - Dólares estadounidenses corrientes,2006,Dato revisado,Trimestral,Q4
22,                             Débito (importaciones),7452.9164756,Millones - Dólares estadounidenses corrientes,2007,Dato revisado,Anual,
22,                             Débito (importaciones),1662.7124602,Millones - Dólares estadounidenses corrientes,2007,Dato revisado,Trimestral,Q1
22,                             Débito (importaciones),1743.58957,Millones - Dólares estadounidenses corrientes,2007,Dato revisado,Trimestral,Q2
22,                             Débito (importaciones),1952.2971431,Millones - Dólares estadounidenses corrientes,2007,Dato revisado,Trimestral,Q3
22,                             Débito (importaciones),2094.3173023,Millones - Dólares estadounidenses corrientes,2007,Dato revisado,Trimestral,Q4
22,                             Débito (importaciones),8732.0216284,Millones - Dólares estadounidenses corrientes,2008,Dato revisado,Anual,
22,                             Débito (importaciones),2003.6670815,Millones - Dólares estadounidenses corrientes,2008,Dato revisado,Trimestral,Q1
22,                             Débito (importaciones),2123.5754853,Millones - Dólares estadounidenses corrientes,2008,Dato revisado,Trimestral,Q2
22,                             Débito (importaciones),2332.1331423,Millones - Dólares estadounidenses corrientes,2008,Dato revisado,Trimestral,Q3
22,                             Débito (importaciones),2272.6459193,Millones - Dólares estadounidenses corrientes,2008,Dato revisado,Trimestral,Q4
22,                             Débito (importaciones),8727.1712017,Millones - Dólares estadounidenses corrientes,2009,Dato revisado,Anual,
22,                             Débito (importaciones),1935.0653807,Millones - Dólares estadounidenses corrientes,2009,Dato revisado,Trimestral,Q1
22,                             Débito (importaciones),1974.2823488,Millones - Dólares estadounidenses corrientes,2009,Dato revisado,Trimestral,Q2
22,                             Débito (importaciones),2168.7220956,Millones - Dólares estadounidenses corrientes,2009,Dato revisado,Trimestral,Q3
22,                             Débito (importaciones),2649.1013766,Millones - Dólares estadounidenses corrientes,2009,Dato revisado,Trimestral,Q4
22,                             Débito (importaciones),10625.7691864,Millones - Dólares estadounidenses corrientes,2010,Dato revisado,Anual,
22,                             Débito (importaciones),2239.7707346,Millones - Dólares estadounidenses corrientes,2010,Dato revisado,Trimestral,Q1
22,                             Débito (importaciones),2425.5524395,Millones - Dólares estadounidenses corrientes,2010,Dato revisado,Trimestral,Q2
22,                             Débito (importaciones),2829.6155367,Millones - Dólares estadounidenses corrientes,2010,Dato revisado,Trimestral,Q3
22,                             Débito (importaciones),3130.8304756,Millones - Dólares estadounidenses corrientes,2010,Dato revisado,Trimestral,Q4
22,                             Débito (importaciones),12134.7699548,Millones - Dólares estadounidenses corrientes,2011,Dato revisado,Anual,
22,                             Débito (importaciones),2748.9589883,Millones - Dólares estadounidenses corrientes,2011,Dato revisado,Trimestral,Q1
22,                             Débito (importaciones),2916.830798,Millones - Dólares estadounidenses corrientes,2011,Dato revisado,Trimestral,Q2
22,                             Débito (importaciones),3105.777116,Millones - Dólares estadounidenses corrientes,2011,Dato revisado,Trimestral,Q3
22,                             Débito (importaciones),3363.2030525,Millones - Dólares estadounidenses corrientes,2011,Dato revisado,Trimestral,Q4
22,                             Débito (importaciones),13968.4006009,Millones - Dólares estadounidenses corrientes,2012,Dato revisado,Anual,
22,                             Débito (importaciones),3180.4072747,Millones - Dólares estadounidenses corrientes,2012,Dato revisado,Trimestral,Q1
22,                             Débito (importaciones),3437.6293105,Millones - Dólares estadounidenses corrientes,2012,Dato revisado,Trimestral,Q2
22,                             Débito (importaciones),3661.9800039,Millones - Dólares estadounidenses corrientes,2012,Dato revisado,Trimestral,Q3
22,                             Débito (importaciones),3688.3840118,Millones - Dólares estadounidenses corrientes,2012,Dato revisado,Trimestral,Q4
22,                             Débito (importaciones),14714.2155211,Millones - Dólares estadounidenses corrientes,2013,Dato revisado,Anual,
22,                             Débito (importaciones),3442.3806313,Millones - Dólares estadounidenses corrientes,2013,Dato revisado,Trimestral,Q1
22,                             Débito (importaciones),3526.1949781,Millones - Dólares estadounidenses corrientes,2013,Dato revisado,Trimestral,Q2
22,                             Débito (importaciones),3810.2005887,Millones - Dólares estadounidenses corrientes,2013,Dato revisado,Trimestral,Q3
22,                             Débito (importaciones),3935.439323,Millones - Dólares estadounidenses corrientes,2013,Dato revisado,Trimestral,Q4
22,                             Débito (importaciones),16219.4137257,Millones - Dólares estadounidenses corrientes,2014,Dato revisado,Anual,
22,                             Débito (importaciones),3705.5862049,Millones - Dólares estadounidenses corrientes,2014,Dato revisado,Trimestral,Q1
22,                             Débito (importaciones),3869.0313772,Millones - Dólares estadounidenses corrientes,2014,Dato revisado,Trimestral,Q2
22,                             Débito (importaciones),4225.5315224,Millones - Dólares estadounidenses corrientes,2014,Dato revisado,Trimestral,Q3
22,                             Débito (importaciones),4419.2646212,Millones - Dólares estadounidenses corrientes,2014,Dato revisado,Trimestral,Q4
22,                             Débito (importaciones),13960.1646981,Millones - Dólares estadounidenses corrientes,2015,Dato revisado,Anual,
22,                             Débito (importaciones),3498.9642228,Millones - Dólares estadounidenses corrientes,2015,Dato revisado,Trimestral,Q1
22,                             Débito (importaciones),3547.7481426,Millones - Dólares estadounidenses corrientes,2015,Dato revisado,Trimestral,Q2
22,                             Débito (importaciones),3565.3758419,Millones - Dólares estadounidenses corrientes,2015,Dato revisado,Trimestral,Q3
22,                             Débito (importaciones),3348.0764908,Millones - Dólares estadounidenses corrientes,2015,Dato revisado,Trimestral,Q4
22,                             Débito (importaciones),12981.0159187,Millones - Dólares estadounidenses corrientes,2016,Dato revisado,Anual,
22,                             Débito (importaciones),3024.2352281,Millones - Dólares estadounidenses corrientes,2016,Dato revisado,Trimestral,Q1
22,                             Débito (importaciones),3127.539814,Millones - Dólares estadounidenses corrientes,2016,Dato revisado,Trimestral,Q2
22,                             Débito (importaciones),3472.6095209,Millones - Dólares estadounidenses corrientes,2016,Dato revisado,Trimestral,Q3
22,                             Débito (importaciones),3356.6313557,Millones - Dólares estadounidenses corrientes,2016,Dato revisado,Trimestral,Q4
22,                             Débito (importaciones),14012.9709225,Millones - Dólares estadounidenses corrientes,2017,Dato revisado,Anual,
22,                             Débito (importaciones),3192.3460296,Millones - Dólares estadounidenses corrientes,2017,Dato revisado,Trimestral,Q1
22,                             Débito (importaciones),3401.8508936,Millones - Dólares estadounidenses corrientes,2017,Dato revisado,Trimestral,Q2
22,                             Débito (importaciones),3670.6792645,Millones - Dólares estadounidenses corrientes,2017,Dato revisado,Trimestral,Q3
22,                             Débito (importaciones),3748.0947348,Millones - Dólares estadounidenses corrientes,2017,Dato revisado,Trimestral,Q4
22,                             Débito (importaciones),14893.2065125,Millones - Dólares estadounidenses corrientes,2018,Dato revisado,Anual,
22,                             Débito (importaciones),3407.2091464,Millones - Dólares estadounidenses corrientes,2018,Dato revisado,Trimestral,Q1
22,                             Débito (importaciones),3691.7882668,Millones - Dólares estadounidenses corrientes,2018,Dato revisado,Trimestral,Q2
22,                             Débito (importaciones),3849.4471346,Millones - Dólares estadounidenses corrientes,2018,Dato revisado,Trimestral,Q3
22,                             Débito (importaciones),3944.7619647,Millones - Dólares estadounidenses corrientes,2018,Dato revisado,Trimestral,Q4
22,                             Débito (importaciones),14953.8125028,Millones - Dólares estadounidenses corrientes,2019,Dato revisado,Anual,
22,                             Débito (importaciones),3520.7633356,Millones - Dólares estadounidenses corrientes,2019,Dato revisado,Trimestral,Q1
22,                             Débito (importaciones),3646.6443848,Millones - Dólares estadounidenses corrientes,2019,Dato revisado,Trimestral,Q2
22,                             Débito (importaciones),4014.500097,Millones - Dólares estadounidenses corrientes,2019,Dato revisado,Trimestral,Q3
22,                             Débito (importaciones),3771.9046854,Millones - Dólares estadounidenses corrientes,2019,Dato revisado,Trimestral,Q4
22,                             Débito (importaciones),10149.6283536,Millones - Dólares estadounidenses corrientes,2020,Dato revisado,Anual,
22,                             Débito (importaciones),3362.7740354,Millones - Dólares estadounidenses corrientes,2020,Dato revisado,Trimestral,Q1
22,                             Débito (importaciones),1997.512287,Millones - Dólares estadounidenses corrientes,2020,Dato revisado,Trimestral,Q2
22,                             Débito (importaciones),2068.9880972,Millones - Dólares estadounidenses corrientes,2020,Dato revisado,Trimestral,Q3
22,                             Débito (importaciones),2720.353934,Millones - Dólares estadounidenses corrientes,2020,Dato revisado,Trimestral,Q4
22,                             Débito (importaciones),14194.9037773,Millones - Dólares estadounidenses corrientes,2021,Dato revisado,Anual,
22,                             Débito (importaciones),2678.4793918,Millones - Dólares estadounidenses corrientes,2021,Dato revisado,Trimestral,Q1
22,                             Débito (importaciones),3247.6365432,Millones - Dólares estadounidenses corrientes,2021,Dato revisado,Trimestral,Q2
22,                             Débito (importaciones),3722.720144,Millones - Dólares estadounidenses corrientes,2021,Dato revisado,Trimestral,Q3
22,                             Débito (importaciones),4546.0676983,Millones - Dólares estadounidenses corrientes,2021,Dato revisado,Trimestral,Q4
22,                             Débito (importaciones),17917.1951372,Millones - Dólares estadounidenses corrientes,2022,Dato revisado,Anual,
22,                             Débito (importaciones),4296.2886867,Millones - Dólares estadounidenses corrientes,2022,Dato revisado,Trimestral,Q1
22,                             Débito (importaciones),4404.2001653,Millones - Dólares estadounidenses corrientes,2022,Dato revisado,Trimestral,Q2
22,                             Débito (importaciones),4530.9664639,Millones - Dólares estadounidenses corrientes,2022,Dato revisado,Trimestral,Q3
22,                             Débito (importaciones),4685.7398213,Millones - Dólares estadounidenses corrientes,2022,Dato revisado,Trimestral,Q4
22,                             Débito (importaciones),16972.4854691,Millones - Dólares estadounidenses corrientes,2023,Dato provisional,Anual,
22,                             Débito (importaciones),3926.2352783,Millones - Dólares estadounidenses corrientes,2023,Dato provisional,Trimestral,Q1
22,                             Débito (importaciones),4135.0963172,Millones - Dólares estadounidenses corrientes,2023,Dato provisional,Trimestral,Q2
22,                             Débito (importaciones),4224.2755587,Millones - Dólares estadounidenses corrientes,2023,Dato provisional,Trimestral,Q3
22,                             Débito (importaciones),4686.8783149,Millones - Dólares estadounidenses corrientes,2023,Dato provisional,Trimestral,Q4
22,                             Débito (importaciones),18498.1076861,Millones - Dólares estadounidenses corrientes,2024,Dato provisional,Anual,
22,                             Débito (importaciones),4024.7293821,Millones - Dólares estadounidenses corrientes,2024,Dato provisional,Trimestral,Q1
22,                             Débito (importaciones),4463.4671578,Millones - Dólares estadounidenses corrientes,2024,Dato provisional,Trimestral,Q2
22,                             Débito (importaciones),4878.6314112,Millones - Dólares estadounidenses corrientes,2024,Dato provisional,Trimestral,Q3
22,                             Débito (importaciones),5131.279735,Millones - Dólares estadounidenses corrientes,2024,Dato provisional,Trimestral,Q4
22,                             Débito (importaciones),14439.485705,Millones - Dólares estadounidenses corrientes,2025,Dato preliminar,Anual,
22,                             Débito (importaciones),4441.7557652,Millones - Dólares estadounidenses corrientes,2025,Dato preliminar,Trimestral,Q1
22,                             Débito (importaciones),4772.2378136,Millones - Dólares estadounidenses corrientes,2025,Dato preliminar,Trimestral,Q2
22,                             Débito (importaciones),5225.4921262,Millones - Dólares estadounidenses corrientes,2025,Dato preliminar,Trimestral,Q3
218,              1.B Ingreso primario (Renta factorial),-2156.4418231,Millones - Dólares estadounidenses corrientes,2000,Dato revisado,Anual,
218,              1.B Ingreso primario (Renta factorial),-610.037413,Millones - Dólares estadounidenses corrientes,2000,Dato revisado,Trimestral,Q1
218,              1.B Ingreso primario (Renta factorial),-564.1159302,Millones - Dólares estadounidenses corrientes,2000,Dato revisado,Trimestral,Q2
218,              1.B Ingreso primario (Renta factorial),-536.9819295,Millones - Dólares estadounidenses corrientes,2000,Dato revisado,Trimestral,Q3
218,              1.B Ingreso primario (Renta factorial),-445.3065504,Millones - Dólares estadounidenses corrientes,2000,Dato revisado,Trimestral,Q4
218,              1.B Ingreso primario (Renta factorial),-2423.7931397,Millones - Dólares estadounidenses corrientes,2001,Dato revisado,Anual,
218,              1.B Ingreso primario (Renta factorial),-653.4087569,Millones - Dólares estadounidenses corrientes,2001,Dato revisado,Trimestral,Q1
218,              1.B Ingreso primario (Renta factorial),-632.5002001,Millones - Dólares estadounidenses corrientes,2001,Dato revisado,Trimestral,Q2
218,              1.B Ingreso primario (Renta factorial),-576.8210683,Millones - Dólares estadounidenses corrientes,2001,Dato revisado,Trimestral,Q3
218,              1.B Ingreso primario (Renta factorial),-561.0631144,Millones - Dólares estadounidenses corrientes,2001,Dato revisado,Trimestral,Q4
218,              1.B Ingreso primario (Renta factorial),-2631.3791619,Millones - Dólares estadounidenses corrientes,2002,Dato revisado,Anual,
218,              1.B Ingreso primario (Renta factorial),-698.7512679,Millones - Dólares estadounidenses corrientes,2002,Dato revisado,Trimestral,Q1
218,              1.B Ingreso primario (Renta factorial),-675.4329916,Millones - Dólares estadounidenses corrientes,2002,Dato revisado,Trimestral,Q2
218,              1.B Ingreso primario (Renta factorial),-619.8290929,Millones - Dólares estadounidenses corrientes,2002,Dato revisado,Trimestral,Q3
218,              1.B Ingreso primario (Renta factorial),-637.3658095,Millones - Dólares estadounidenses corrientes,2002,Dato revisado,Trimestral,Q4
218,              1.B Ingreso primario (Renta factorial),-3187.7774985,Millones - Dólares estadounidenses corrientes,2003,Dato revisado,Anual,
218,              1.B Ingreso primario (Renta factorial),-865.6925185,Millones - Dólares estadounidenses corrientes,2003,Dato revisado,Trimestral,Q1
218,              1.B Ingreso primario (Renta factorial),-765.9385486,Millones - Dólares estadounidenses corrientes,2003,Dato revisado,Trimestral,Q2
218,              1.B Ingreso primario (Renta factorial),-813.5677858,Millones - Dólares estadounidenses corrientes,2003,Dato revisado,Trimestral,Q3
218,              1.B Ingreso primario (Renta factorial),-742.5786456,Millones - Dólares estadounidenses corrientes,2003,Dato revisado,Trimestral,Q4
218,              1.B Ingreso primario (Renta factorial),-4015.6816314,Millones - Dólares estadounidenses corrientes,2004,Dato revisado,Anual,
218,              1.B Ingreso primario (Renta factorial),-1119.211489,Millones - Dólares estadounidenses corrientes,2004,Dato revisado,Trimestral,Q1
218,              1.B Ingreso primario (Renta factorial),-925.6466559,Millones - Dólares estadounidenses corrientes,2004,Dato revisado,Trimestral,Q2
218,              1.B Ingreso primario (Renta factorial),-997.8534674,Millones - Dólares estadounidenses corrientes,2004,Dato revisado,Trimestral,Q3
218,              1.B Ingreso primario (Renta factorial),-972.9700191,Millones - Dólares estadounidenses corrientes,2004,Dato revisado,Trimestral,Q4
218,              1.B Ingreso primario (Renta factorial),-5339.043189,Millones - Dólares estadounidenses corrientes,2005,Dato revisado,Anual,
218,              1.B Ingreso primario (Renta factorial),-1305.399857,Millones - Dólares estadounidenses corrientes,2005,Dato revisado,Trimestral,Q1
218,              1.B Ingreso primario (Renta factorial),-1318.258473,Millones - Dólares estadounidenses corrientes,2005,Dato revisado,Trimestral,Q2
218,              1.B Ingreso primario (Renta factorial),-1498.873311,Millones - Dólares estadounidenses corrientes,2005,Dato revisado,Trimestral,Q3
218,              1.B Ingreso primario (Renta factorial),-1216.511548,Millones - Dólares estadounidenses corrientes,2005,Dato revisado,Trimestral,Q4
218,              1.B Ingreso primario (Renta factorial),-5753.683912,Millones - Dólares estadounidenses corrientes,2006,Dato revisado,Anual,
218,              1.B Ingreso primario (Renta factorial),-1518.267388,Millones - Dólares estadounidenses corrientes,2006,Dato revisado,Trimestral,Q1
218,              1.B Ingreso primario (Renta factorial),-1478.69774,Millones - Dólares estadounidenses corrientes,2006,Dato revisado,Trimestral,Q2
218,              1.B Ingreso primario (Renta factorial),-1325.188743,Millones - Dólares estadounidenses corrientes,2006,Dato revisado,Trimestral,Q3
218,              1.B Ingreso primario (Renta factorial),-1431.530041,Millones - Dólares estadounidenses corrientes,2006,Dato revisado,Trimestral,Q4
218,              1.B Ingreso primario (Renta factorial),-7861.057789,Millones - Dólares estadounidenses corrientes,2007,Dato revisado,Anual,
218,              1.B Ingreso primario (Renta factorial),-1919.130813,Millones - Dólares estadounidenses corrientes,2007,Dato revisado,Trimestral,Q1
218,              1.B Ingreso primario (Renta factorial),-1867.629493,Millones - Dólares estadounidenses corrientes,2007,Dato revisado,Trimestral,Q2
218,              1.B Ingreso primario (Renta factorial),-1836.07982,Millones - Dólares estadounidenses corrientes,2007,Dato revisado,Trimestral,Q3
218,              1.B Ingreso primario (Renta factorial),-2238.217663,Millones - Dólares estadounidenses corrientes,2007,Dato revisado,Trimestral,Q4
218,              1.B Ingreso primario (Renta factorial),-9649.509489,Millones - Dólares estadounidenses corrientes,2008,Dato revisado,Anual,
218,              1.B Ingreso primario (Renta factorial),-2427.741494,Millones - Dólares estadounidenses corrientes,2008,Dato revisado,Trimestral,Q1
218,              1.B Ingreso primario (Renta factorial),-2814.853447,Millones - Dólares estadounidenses corrientes,2008,Dato revisado,Trimestral,Q2
218,              1.B Ingreso primario (Renta factorial),-2477.732569,Millones - Dólares estadounidenses corrientes,2008,Dato revisado,Trimestral,Q3
218,              1.B Ingreso primario (Renta factorial),-1929.181979,Millones - Dólares estadounidenses corrientes,2008,Dato revisado,Trimestral,Q4
218,              1.B Ingreso primario (Renta factorial),-8185.522232,Millones - Dólares estadounidenses corrientes,2009,Dato revisado,Anual,
218,              1.B Ingreso primario (Renta factorial),-1782.633993,Millones - Dólares estadounidenses corrientes,2009,Dato revisado,Trimestral,Q1
218,              1.B Ingreso primario (Renta factorial),-1974.083209,Millones - Dólares estadounidenses corrientes,2009,Dato revisado,Trimestral,Q2
218,              1.B Ingreso primario (Renta factorial),-2064.251052,Millones - Dólares estadounidenses corrientes,2009,Dato revisado,Trimestral,Q3
218,              1.B Ingreso primario (Renta factorial),-2364.553978,Millones - Dólares estadounidenses corrientes,2009,Dato revisado,Trimestral,Q4
218,              1.B Ingreso primario (Renta factorial),-10996.292518,Millones - Dólares estadounidenses corrientes,2010,Dato revisado,Anual,
218,              1.B Ingreso primario (Renta factorial),-2494.839721,Millones - Dólares estadounidenses corrientes,2010,Dato revisado,Trimestral,Q1
218,              1.B Ingreso primario (Renta factorial),-2790.673405,Millones - Dólares estadounidenses corrientes,2010,Dato revisado,Trimestral,Q2
218,              1.B Ingreso primario (Renta factorial),-2856.229288,Millones - Dólares estadounidenses corrientes,2010,Dato revisado,Trimestral,Q3
218,              1.B Ingreso primario (Renta factorial),-2854.550104,Millones - Dólares estadounidenses corrientes,2010,Dato revisado,Trimestral,Q4
218,              1.B Ingreso primario (Renta factorial),-15313.135535,Millones - Dólares estadounidenses corrientes,2011,Dato revisado,Anual,
218,              1.B Ingreso primario (Renta factorial),-3162.326923,Millones - Dólares estadounidenses corrientes,2011,Dato revisado,Trimestral,Q1
218,              1.B Ingreso primario (Renta factorial),-3512.976786,Millones - Dólares estadounidenses corrientes,2011,Dato revisado,Trimestral,Q2
218,              1.B Ingreso primario (Renta factorial),-4070.562725,Millones - Dólares estadounidenses corrientes,2011,Dato revisado,Trimestral,Q3
218,              1.B Ingreso primario (Renta factorial),-4567.269101,Millones - Dólares estadounidenses corrientes,2011,Dato revisado,Trimestral,Q4
218,              1.B Ingreso primario (Renta factorial),-15007.67274,Millones - Dólares estadounidenses corrientes,2012,Dato revisado,Anual,
218,              1.B Ingreso primario (Renta factorial),-3897.032467,Millones - Dólares estadounidenses corrientes,2012,Dato revisado,Trimestral,Q1
218,              1.B Ingreso primario (Renta factorial),-3658.113794,Millones - Dólares estadounidenses corrientes,2012,Dato revisado,Trimestral,Q2
218,              1.B Ingreso primario (Renta factorial),-3418.057123,Millones - Dólares estadounidenses corrientes,2012,Dato revisado,Trimestral,Q3
218,              1.B Ingreso primario (Renta factorial),-4034.469356,Millones - Dólares estadounidenses corrientes,2012,Dato revisado,Trimestral,Q4
218,              1.B Ingreso primario (Renta factorial),-14001.521661,Millones - Dólares estadounidenses corrientes,2013,Dato revisado,Anual,
218,              1.B Ingreso primario (Renta factorial),-3663.822721,Millones - Dólares estadounidenses corrientes,2013,Dato revisado,Trimestral,Q1
218,              1.B Ingreso primario (Renta factorial),-3394.473133,Millones - Dólares estadounidenses corrientes,2013,Dato revisado,Trimestral,Q2
218,              1.B Ingreso primario (Renta factorial),-3428.681446,Millones - Dólares estadounidenses corrientes,2013,Dato revisado,Trimestral,Q3
218,              1.B Ingreso primario (Renta factorial),-3514.544361,Millones - Dólares estadounidenses corrientes,2013,Dato revisado,Trimestral,Q4
218,              1.B Ingreso primario (Renta factorial),-12107.912849,Millones - Dólares estadounidenses corrientes,2014,Dato revisado,Anual,
218,              1.B Ingreso primario (Renta factorial),-3209.121532,Millones - Dólares estadounidenses corrientes,2014,Dato revisado,Trimestral,Q1
218,              1.B Ingreso primario (Renta factorial),-3167.287826,Millones - Dólares estadounidenses corrientes,2014,Dato revisado,Trimestral,Q2
218,              1.B Ingreso primario (Renta factorial),-3469.03068,Millones - Dólares estadounidenses corrientes,2014,Dato revisado,Trimestral,Q3
218,              1.B Ingreso primario (Renta factorial),-2262.472811,Millones - Dólares estadounidenses corrientes,2014,Dato revisado,Trimestral,Q4
218,              1.B Ingreso primario (Renta factorial),-5449.5579077,Millones - Dólares estadounidenses corrientes,2015,Dato revisado,Anual,
218,              1.B Ingreso primario (Renta factorial),-1720.915438,Millones - Dólares estadounidenses corrientes,2015,Dato revisado,Trimestral,Q1
218,              1.B Ingreso primario (Renta factorial),-1913.735392,Millones - Dólares estadounidenses corrientes,2015,Dato revisado,Trimestral,Q2
218,              1.B Ingreso primario (Renta factorial),-1292.822389,Millones - Dólares estadounidenses corrientes,2015,Dato revisado,Trimestral,Q3
218,              1.B Ingreso primario (Renta factorial),-522.0846887,Millones - Dólares estadounidenses corrientes,2015,Dato revisado,Trimestral,Q4
218,              1.B Ingreso primario (Renta factorial),-5312.19499,Millones - Dólares estadounidenses corrientes,2016,Dato revisado,Anual,
218,              1.B Ingreso primario (Renta factorial),-1034.006636,Millones - Dólares estadounidenses corrientes,2016,Dato revisado,Trimestral,Q1
218,              1.B Ingreso primario (Renta factorial),-1347.58481,Millones - Dólares estadounidenses corrientes,2016,Dato revisado,Trimestral,Q2
218,              1.B Ingreso primario (Renta factorial),-1525.108787,Millones - Dólares estadounidenses corrientes,2016,Dato revisado,Trimestral,Q3
218,              1.B Ingreso primario (Renta factorial),-1405.494757,Millones - Dólares estadounidenses corrientes,2016,Dato revisado,Trimestral,Q4
218,              1.B Ingreso primario (Renta factorial),-8046.209235,Millones - Dólares estadounidenses corrientes,2017,Dato revisado,Anual,
218,              1.B Ingreso primario (Renta factorial),-2286.453771,Millones - Dólares estadounidenses corrientes,2017,Dato revisado,Trimestral,Q1
218,              1.B Ingreso primario (Renta factorial),-1558.004926,Millones - Dólares estadounidenses corrientes,2017,Dato revisado,Trimestral,Q2
218,              1.B Ingreso primario (Renta factorial),-1993.491466,Millones - Dólares estadounidenses corrientes,2017,Dato revisado,Trimestral,Q3
218,              1.B Ingreso primario (Renta factorial),-2208.259072,Millones - Dólares estadounidenses corrientes,2017,Dato revisado,Trimestral,Q4
218,              1.B Ingreso primario (Renta factorial),-11442.179571,Millones - Dólares estadounidenses corrientes,2018,Dato revisado,Anual,
218,              1.B Ingreso primario (Renta factorial),-2922.2318,Millones - Dólares estadounidenses corrientes,2018,Dato revisado,Trimestral,Q1
218,              1.B Ingreso primario (Renta factorial),-2783.736567,Millones - Dólares estadounidenses corrientes,2018,Dato revisado,Trimestral,Q2
218,              1.B Ingreso primario (Renta factorial),-2769.127625,Millones - Dólares estadounidenses corrientes,2018,Dato revisado,Trimestral,Q3
218,              1.B Ingreso primario (Renta factorial),-2967.083579,Millones - Dólares estadounidenses corrientes,2018,Dato revisado,Trimestral,Q4
218,              1.B Ingreso primario (Renta factorial),-9715.906324,Millones - Dólares estadounidenses corrientes,2019,Dato revisado,Anual,
218,              1.B Ingreso primario (Renta factorial),-2614.60741,Millones - Dólares estadounidenses corrientes,2019,Dato revisado,Trimestral,Q1
218,              1.B Ingreso primario (Renta factorial),-2502.181645,Millones - Dólares estadounidenses corrientes,2019,Dato revisado,Trimestral,Q2
218,              1.B Ingreso primario (Renta factorial),-2301.052053,Millones - Dólares estadounidenses corrientes,2019,Dato revisado,Trimestral,Q3
218,              1.B Ingreso primario (Renta factorial),-2298.065216,Millones - Dólares estadounidenses corrientes,2019,Dato revisado,Trimestral,Q4
218,              1.B Ingreso primario (Renta factorial),-4949.885095,Millones - Dólares estadounidenses corrientes,2020,Dato revisado,Anual,
218,              1.B Ingreso primario (Renta factorial),-1369.448637,Millones - Dólares estadounidenses corrientes,2020,Dato revisado,Trimestral,Q1
218,              1.B Ingreso primario (Renta factorial),-1028.675227,Millones - Dólares estadounidenses corrientes,2020,Dato revisado,Trimestral,Q2
218,              1.B Ingreso primario (Renta factorial),-1171.936899,Millones - Dólares estadounidenses corrientes,2020,Dato revisado,Trimestral,Q3
218,              1.B Ingreso primario (Renta factorial),-1379.824332,Millones - Dólares estadounidenses corrientes,2020,Dato revisado,Trimestral,Q4
218,              1.B Ingreso primario (Renta factorial),-8723.258881,Millones - Dólares estadounidenses corrientes,2021,Dato revisado,Anual,
218,              1.B Ingreso primario (Renta factorial),-1867.196958,Millones - Dólares estadounidenses corrientes,2021,Dato revisado,Trimestral,Q1
218,              1.B Ingreso primario (Renta factorial),-1652.067106,Millones - Dólares estadounidenses corrientes,2021,Dato revisado,Trimestral,Q2
218,              1.B Ingreso primario (Renta factorial),-2339.087625,Millones - Dólares estadounidenses corrientes,2021,Dato revisado,Trimestral,Q3
218,              1.B Ingreso primario (Renta factorial),-2864.907192,Millones - Dólares estadounidenses corrientes,2021,Dato revisado,Trimestral,Q4
218,              1.B Ingreso primario (Renta factorial),-17086.329974,Millones - Dólares estadounidenses corrientes,2022,Dato revisado,Anual,
218,              1.B Ingreso primario (Renta factorial),-3616.840669,Millones - Dólares estadounidenses corrientes,2022,Dato revisado,Trimestral,Q1
218,              1.B Ingreso primario (Renta factorial),-4530.539431,Millones - Dólares estadounidenses corrientes,2022,Dato revisado,Trimestral,Q2
218,              1.B Ingreso primario (Renta factorial),-4794.743412,Millones - Dólares estadounidenses corrientes,2022,Dato revisado,Trimestral,Q3
218,              1.B Ingreso primario (Renta factorial),-4144.206462,Millones - Dólares estadounidenses corrientes,2022,Dato revisado,Trimestral,Q4
218,              1.B Ingreso primario (Renta factorial),-13438.79051,Millones - Dólares estadounidenses corrientes,2023,Dato provisional,Anual,
218,              1.B Ingreso primario (Renta factorial),-3727.091812,Millones - Dólares estadounidenses corrientes,2023,Dato provisional,Trimestral,Q1
218,              1.B Ingreso primario (Renta factorial),-3056.084071,Millones - Dólares estadounidenses corrientes,2023,Dato provisional,Trimestral,Q2
218,              1.B Ingreso primario (Renta factorial),-3507.716503,Millones - Dólares estadounidenses corrientes,2023,Dato provisional,Trimestral,Q3
218,              1.B Ingreso primario (Renta factorial),-3147.898124,Millones - Dólares estadounidenses corrientes,2023,Dato provisional,Trimestral,Q4
218,              1.B Ingreso primario (Renta factorial),-12835.845696,Millones - Dólares estadounidenses corrientes,2024,Dato provisional,Anual,
218,              1.B Ingreso primario (Renta factorial),-3151.984945,Millones - Dólares estadounidenses corrientes,2024,Dato provisional,Trimestral,Q1
218,              1.B Ingreso primario (Renta factorial),-2964.9583,Millones - Dólares estadounidenses corrientes,2024,Dato provisional,Trimestral,Q2
218,              1.B Ingreso primario (Renta factorial),-3342.461578,Millones - Dólares estadounidenses corrientes,2024,Dato provisional,Trimestral,Q3
218,              1.B Ingreso primario (Renta factorial),-3376.440873,Millones - Dólares estadounidenses corrientes,2024,Dato provisional,Trimestral,Q4
218,              1.B Ingreso primario (Renta factorial),-9013.461132,Millones - Dólares estadounidenses corrientes,2025,Dato preliminar,Anual,
218,              1.B Ingreso primario (Renta factorial),-3037.705413,Millones - Dólares estadounidenses corrientes,2025,Dato preliminar,Trimestral,Q1
218,              1.B Ingreso primario (Renta factorial),-2806.026333,Millones - Dólares estadounidenses corrientes,2025,Dato preliminar,Trimestral,Q2
218,              1.B Ingreso primario (Renta factorial),-3169.729386,Millones - Dólares estadounidenses corrientes,2025,Dato preliminar,Trimestral,Q3
219,                   Crédito,1029.69825146,Millones - Dólares estadounidenses corrientes,2000,Dato revisado,Anual,
219,                   Crédito,241.53644972,Millones - Dólares estadounidenses corrientes,2000,Dato revisado,Trimestral,Q1
219,                   Crédito,239.85367389,Millones - Dólares estadounidenses corrientes,2000,Dato revisado,Trimestral,Q2
219,                   Crédito,258.01107811,Millones - Dólares estadounidenses corrientes,2000,Dato revisado,Trimestral,Q3
219,                   Crédito,290.29704974,Millones - Dólares estadounidenses corrientes,2000,Dato revisado,Trimestral,Q4
219,                   Crédito,899.94734015,Millones - Dólares estadounidenses corrientes,2001,Dato revisado,Anual,
219,                   Crédito,256.60201548,Millones - Dólares estadounidenses corrientes,2001,Dato revisado,Trimestral,Q1
219,                   Crédito,232.77117967,Millones - Dólares estadounidenses corrientes,2001,Dato revisado,Trimestral,Q2
219,                   Crédito,209.27349305,Millones - Dólares estadounidenses corrientes,2001,Dato revisado,Trimestral,Q3
219,                   Crédito,201.30065195,Millones - Dólares estadounidenses corrientes,2001,Dato revisado,Trimestral,Q4
219,                   Crédito,702.97944962,Millones - Dólares estadounidenses corrientes,2002,Dato revisado,Anual,
219,                   Crédito,187.54859537,Millones - Dólares estadounidenses corrientes,2002,Dato revisado,Trimestral,Q1
219,                   Crédito,183.65364841,Millones - Dólares estadounidenses corrientes,2002,Dato revisado,Trimestral,Q2
219,                   Crédito,169.08271888,Millones - Dólares estadounidenses corrientes,2002,Dato revisado,Trimestral,Q3
219,                   Crédito,162.69448696,Millones - Dólares estadounidenses corrientes,2002,Dato revisado,Trimestral,Q4
219,                   Crédito,562.00896247,Millones - Dólares estadounidenses corrientes,2003,Dato revisado,Anual,
219,                   Crédito,136.37425689,Millones - Dólares estadounidenses corrientes,2003,Dato revisado,Trimestral,Q1
219,                   Crédito,133.51492289,Millones - Dólares estadounidenses corrientes,2003,Dato revisado,Trimestral,Q2
219,                   Crédito,148.59657481,Millones - Dólares estadounidenses corrientes,2003,Dato revisado,Trimestral,Q3
219,                   Crédito,143.52320788,Millones - Dólares estadounidenses corrientes,2003,Dato revisado,Trimestral,Q4
219,                   Crédito,709.54507666,Millones - Dólares estadounidenses corrientes,2004,Dato revisado,Anual,
219,                   Crédito,149.56643116,Millones - Dólares estadounidenses corrientes,2004,Dato revisado,Trimestral,Q1
219,                   Crédito,176.40225768,Millones - Dólares estadounidenses corrientes,2004,Dato revisado,Trimestral,Q2
219,                   Crédito,180.86869808,Millones - Dólares estadounidenses corrientes,2004,Dato revisado,Trimestral,Q3
219,                   Crédito,202.70768974,Millones - Dólares estadounidenses corrientes,2004,Dato revisado,Trimestral,Q4
219,                   Crédito,1009.66911357,Millones - Dólares estadounidenses corrientes,2005,Dato revisado,Anual,
219,                   Crédito,222.17533855,Millones - Dólares estadounidenses corrientes,2005,Dato revisado,Trimestral,Q1
219,                   Crédito,221.52324598,Millones - Dólares estadounidenses corrientes,2005,Dato revisado,Trimestral,Q2
219,                   Crédito,269.81392186,Millones - Dólares estadounidenses corrientes,2005,Dato revisado,Trimestral,Q3
219,                   Crédito,296.15660718,Millones - Dólares estadounidenses corrientes,2005,Dato revisado,Trimestral,Q4
219,                   Crédito,1512.44882433,Millones - Dólares estadounidenses corrientes,2006,Dato revisado,Anual,
219,                   Crédito,324.8651963,Millones - Dólares estadounidenses corrientes,2006,Dato revisado,Trimestral,Q1
219,                   Crédito,358.69918255,Millones - Dólares estadounidenses corrientes,2006,Dato revisado,Trimestral,Q2
219,                   Crédito,386.15434189,Millones - Dólares estadounidenses corrientes,2006,Dato revisado,Trimestral,Q3
219,                   Crédito,442.73010359,Millones - Dólares estadounidenses corrientes,2006,Dato revisado,Trimestral,Q4
219,                   Crédito,1847.08014231,Millones - Dólares estadounidenses corrientes,2007,Dato revisado,Anual,
219,                   Crédito,427.13051111,Millones - Dólares estadounidenses corrientes,2007,Dato revisado,Trimestral,Q1
219,                   Crédito,477.82130305,Millones - Dólares estadounidenses corrientes,2007,Dato revisado,Trimestral,Q2
219,                   Crédito,480.45997478,Millones - Dólares estadounidenses corrientes,2007,Dato revisado,Trimestral,Q3
219,                   Crédito,461.66835337,Millones - Dólares estadounidenses corrientes,2007,Dato revisado,Trimestral,Q4
219,                   Crédito,1852.95300896,Millones - Dólares estadounidenses corrientes,2008,Dato revisado,Anual,
219,                   Crédito,488.1640446,Millones - Dólares estadounidenses corrientes,2008,Dato revisado,Trimestral,Q1
219,                   Crédito,475.98920244,Millones - Dólares estadounidenses corrientes,2008,Dato revisado,Trimestral,Q2
219,                   Crédito,450.08846875,Millones - Dólares estadounidenses corrientes,2008,Dato revisado,Trimestral,Q3
219,                   Crédito,438.71129317,Millones - Dólares estadounidenses corrientes,2008,Dato revisado,Trimestral,Q4
219,                   Crédito,1781.37316983,Millones - Dólares estadounidenses corrientes,2009,Dato revisado,Anual,
219,                   Crédito,400.90678128,Millones - Dólares estadounidenses corrientes,2009,Dato revisado,Trimestral,Q1
219,                   Crédito,496.92655712,Millones - Dólares estadounidenses corrientes,2009,Dato revisado,Trimestral,Q2
219,                   Crédito,439.83682989,Millones - Dólares estadounidenses corrientes,2009,Dato revisado,Trimestral,Q3
219,                   Crédito,443.70300154,Millones - Dólares estadounidenses corrientes,2009,Dato revisado,Trimestral,Q4
219,                   Crédito,1913.34064963,Millones - Dólares estadounidenses corrientes,2010,Dato revisado,Anual,
219,                   Crédito,451.09522231,Millones - Dólares estadounidenses corrientes,2010,Dato revisado,Trimestral,Q1
219,                   Crédito,450.47455277,Millones - Dólares estadounidenses corrientes,2010,Dato revisado,Trimestral,Q2
219,                   Crédito,438.15085007,Millones - Dólares estadounidenses corrientes,2010,Dato revisado,Trimestral,Q3
219,                   Crédito,573.62002448,Millones - Dólares estadounidenses corrientes,2010,Dato revisado,Trimestral,Q4
219,                   Crédito,2954.45530247,Millones - Dólares estadounidenses corrientes,2011,Dato revisado,Anual,
219,                   Crédito,650.35023502,Millones - Dólares estadounidenses corrientes,2011,Dato revisado,Trimestral,Q1
219,                   Crédito,780.48581634,Millones - Dólares estadounidenses corrientes,2011,Dato revisado,Trimestral,Q2
219,                   Crédito,702.44128555,Millones - Dólares estadounidenses corrientes,2011,Dato revisado,Trimestral,Q3
219,                   Crédito,821.17796556,Millones - Dólares estadounidenses corrientes,2011,Dato revisado,Trimestral,Q4
219,                   Crédito,3851.36335662,Millones - Dólares estadounidenses corrientes,2012,Dato revisado,Anual,
219,                   Crédito,961.21963877,Millones - Dólares estadounidenses corrientes,2012,Dato revisado,Trimestral,Q1
219,                   Crédito,961.59485229,Millones - Dólares estadounidenses corrientes,2012,Dato revisado,Trimestral,Q2
219,                   Crédito,976.94924211,Millones - Dólares estadounidenses corrientes,2012,Dato revisado,Trimestral,Q3
219,                   Crédito,951.59962345,Millones - Dólares estadounidenses corrientes,2012,Dato revisado,Trimestral,Q4
219,                   Crédito,3846.37129921,Millones - Dólares estadounidenses corrientes,2013,Dato revisado,Anual,
219,                   Crédito,956.91295867,Millones - Dólares estadounidenses corrientes,2013,Dato revisado,Trimestral,Q1
219,                   Crédito,923.92764214,Millones - Dólares estadounidenses corrientes,2013,Dato revisado,Trimestral,Q2
219,                   Crédito,943.2934158,Millones - Dólares estadounidenses corrientes,2013,Dato revisado,Trimestral,Q3
219,                   Crédito,1022.2372826,Millones - Dólares estadounidenses corrientes,2013,Dato revisado,Trimestral,Q4
219,                   Crédito,4412.03565073,Millones - Dólares estadounidenses corrientes,2014,Dato revisado,Anual,
219,                   Crédito,953.14785003,Millones - Dólares estadounidenses corrientes,2014,Dato revisado,Trimestral,Q1
219,                   Crédito,1090.6132985,Millones - Dólares estadounidenses corrientes,2014,Dato revisado,Trimestral,Q2
219,                   Crédito,1200.6631276,Millones - Dólares estadounidenses corrientes,2014,Dato revisado,Trimestral,Q3
219,                   Crédito,1167.6113746,Millones - Dólares estadounidenses corrientes,2014,Dato revisado,Trimestral,Q4
219,                   Crédito,4594.7934885,Millones - Dólares estadounidenses corrientes,2015,Dato revisado,Anual,
219,                   Crédito,1155.7619189,Millones - Dólares estadounidenses corrientes,2015,Dato revisado,Trimestral,Q1
219,                   Crédito,1178.1635546,Millones - Dólares estadounidenses corrientes,2015,Dato revisado,Trimestral,Q2
219,                   Crédito,1151.1191754,Millones - Dólares estadounidenses corrientes,2015,Dato revisado,Trimestral,Q3
219,                   Crédito,1109.7488396,Millones - Dólares estadounidenses corrientes,2015,Dato revisado,Trimestral,Q4
219,                   Crédito,4993.9859841,Millones - Dólares estadounidenses corrientes,2016,Dato revisado,Anual,
219,                   Crédito,1209.9490675,Millones - Dólares estadounidenses corrientes,2016,Dato revisado,Trimestral,Q1
219,                   Crédito,1225.3533035,Millones - Dólares estadounidenses corrientes,2016,Dato revisado,Trimestral,Q2
219,                   Crédito,1231.5929484,Millones - Dólares estadounidenses corrientes,2016,Dato revisado,Trimestral,Q3
219,                   Crédito,1327.0906647,Millones - Dólares estadounidenses corrientes,2016,Dato revisado,Trimestral,Q4
219,                   Crédito,5576.6140263,Millones - Dólares estadounidenses corrientes,2017,Dato revisado,Anual,
219,                   Crédito,1309.4512187,Millones - Dólares estadounidenses corrientes,2017,Dato revisado,Trimestral,Q1
219,                   Crédito,1442.1774283,Millones - Dólares estadounidenses corrientes,2017,Dato revisado,Trimestral,Q2
219,                   Crédito,1384.2451913,Millones - Dólares estadounidenses corrientes,2017,Dato revisado,Trimestral,Q3
219,                   Crédito,1440.740188,Millones - Dólares estadounidenses corrientes,2017,Dato revisado,Trimestral,Q4
219,                   Crédito,6177.204704,Millones - Dólares estadounidenses corrientes,2018,Dato revisado,Anual,
219,                   Crédito,1513.1748554,Millones - Dólares estadounidenses corrientes,2018,Dato revisado,Trimestral,Q1
219,                   Crédito,1544.887981,Millones - Dólares estadounidenses corrientes,2018,Dato revisado,Trimestral,Q2
219,                   Crédito,1540.9084509,Millones - Dólares estadounidenses corrientes,2018,Dato revisado,Trimestral,Q3
219,                   Crédito,1578.2334167,Millones - Dólares estadounidenses corrientes,2018,Dato revisado,Trimestral,Q4
219,                   Crédito,6977.1163039,Millones - Dólares estadounidenses corrientes,2019,Dato revisado,Anual,
219,                   Crédito,1764.8598544,Millones - Dólares estadounidenses corrientes,2019,Dato revisado,Trimestral,Q1
219,                   Crédito,1810.3508904,Millones - Dólares estadounidenses corrientes,2019,Dato revisado,Trimestral,Q2
219,                   Crédito,1721.4425814,Millones - Dólares estadounidenses corrientes,2019,Dato revisado,Trimestral,Q3
219,                   Crédito,1680.4629777,Millones - Dólares estadounidenses corrientes,2019,Dato revisado,Trimestral,Q4
219,                   Crédito,4542.6139684,Millones - Dólares estadounidenses corrientes,2020,Dato revisado,Anual,
219,                   Crédito,1139.5424051,Millones - Dólares estadounidenses corrientes,2020,Dato revisado,Trimestral,Q1
219,                   Crédito,1059.8226612,Millones - Dólares estadounidenses corrientes,2020,Dato revisado,Trimestral,Q2
219,                   Crédito,1120.8684171,Millones - Dólares estadounidenses corrientes,2020,Dato revisado,Trimestral,Q3
219,                   Crédito,1222.380485,Millones - Dólares estadounidenses corrientes,2020,Dato revisado,Trimestral,Q4
219,                   Crédito,5932.2723207,Millones - Dólares estadounidenses corrientes,2021,Dato revisado,Anual,
219,                   Crédito,1377.3904334,Millones - Dólares estadounidenses corrientes,2021,Dato revisado,Trimestral,Q1
219,                   Crédito,1568.0820086,Millones - Dólares estadounidenses corrientes,2021,Dato revisado,Trimestral,Q2
219,                   Crédito,1303.9248004,Millones - Dólares estadounidenses corrientes,2021,Dato revisado,Trimestral,Q3
219,                   Crédito,1682.8750783,Millones - Dólares estadounidenses corrientes,2021,Dato revisado,Trimestral,Q4
219,                   Crédito,6974.8692692,Millones - Dólares estadounidenses corrientes,2022,Dato revisado,Anual,
219,                   Crédito,1575.3749927,Millones - Dólares estadounidenses corrientes,2022,Dato revisado,Trimestral,Q1
219,                   Crédito,1731.240603,Millones - Dólares estadounidenses corrientes,2022,Dato revisado,Trimestral,Q2
219,                   Crédito,1733.5132264,Millones - Dólares estadounidenses corrientes,2022,Dato revisado,Trimestral,Q3
219,                   Crédito,1934.7404471,Millones - Dólares estadounidenses corrientes,2022,Dato revisado,Trimestral,Q4
219,                   Crédito,8963.0065359,Millones - Dólares estadounidenses corrientes,2023,Dato provisional,Anual,
219,                   Crédito,2174.487376,Millones - Dólares estadounidenses corrientes,2023,Dato provisional,Trimestral,Q1
219,                   Crédito,2359.6029152,Millones - Dólares estadounidenses corrientes,2023,Dato provisional,Trimestral,Q2
219,                   Crédito,2161.5910238,Millones - Dólares estadounidenses corrientes,2023,Dato provisional,Trimestral,Q3
219,                   Crédito,2267.3252209,Millones - Dólares estadounidenses corrientes,2023,Dato provisional,Trimestral,Q4
219,                   Crédito,9484.3826769,Millones - Dólares estadounidenses corrientes,2024,Dato provisional,Anual,
219,                   Crédito,2366.2742965,Millones - Dólares estadounidenses corrientes,2024,Dato provisional,Trimestral,Q1
219,                   Crédito,2476.2033786,Millones - Dólares estadounidenses corrientes,2024,Dato provisional,Trimestral,Q2
219,                   Crédito,2365.6671945,Millones - Dólares estadounidenses corrientes,2024,Dato provisional,Trimestral,Q3
219,                   Crédito,2276.2378073,Millones - Dólares estadounidenses corrientes,2024,Dato provisional,Trimestral,Q4
219,                   Crédito,7366.9665816,Millones - Dólares estadounidenses corrientes,2025,Dato preliminar,Anual,
219,                   Crédito,2401.0133724,Millones - Dólares estadounidenses corrientes,2025,Dato preliminar,Trimestral,Q1
219,                   Crédito,2460.8352072,Millones - Dólares estadounidenses corrientes,2025,Dato preliminar,Trimestral,Q2
219,                   Crédito,2505.118002,Millones - Dólares estadounidenses corrientes,2025,Dato preliminar,Trimestral,Q3
220,                   Débito,3186.14007468,Millones - Dólares estadounidenses corrientes,2000,Dato revisado,Anual,
220,                   Débito,851.57386273,Millones - Dólares estadounidenses corrientes,2000,Dato revisado,Trimestral,Q1
220,                   Débito,803.96960413,Millones - Dólares estadounidenses corrientes,2000,Dato revisado,Trimestral,Q2
220,                   Débito,794.99300766,Millones - Dólares estadounidenses corrientes,2000,Dato revisado,Trimestral,Q3
220,                   Débito,735.60360016,Millones - Dólares estadounidenses corrientes,2000,Dato revisado,Trimestral,Q4
220,                   Débito,3323.74047983,Millones - Dólares estadounidenses corrientes,2001,Dato revisado,Anual,
220,                   Débito,910.01077237,Millones - Dólares estadounidenses corrientes,2001,Dato revisado,Trimestral,Q1
220,                   Débito,865.27137975,Millones - Dólares estadounidenses corrientes,2001,Dato revisado,Trimestral,Q2
220,                   Débito,786.09456134,Millones - Dólares estadounidenses corrientes,2001,Dato revisado,Trimestral,Q3
220,                   Débito,762.36376637,Millones - Dólares estadounidenses corrientes,2001,Dato revisado,Trimestral,Q4
220,                   Débito,3334.35861157,Millones - Dólares estadounidenses corrientes,2002,Dato revisado,Anual,
220,                   Débito,886.29986331,Millones - Dólares estadounidenses corrientes,2002,Dato revisado,Trimestral,Q1
220,                   Débito,859.08664004,Millones - Dólares estadounidenses corrientes,2002,Dato revisado,Trimestral,Q2
220,                   Débito,788.91181179,Millones - Dólares estadounidenses corrientes,2002,Dato revisado,Trimestral,Q3
220,                   Débito,800.06029643,Millones - Dólares estadounidenses corrientes,2002,Dato revisado,Trimestral,Q4
220,                   Débito,3749.78646105,Millones - Dólares estadounidenses corrientes,2003,Dato revisado,Anual,
220,                   Débito,1002.0667754,Millones - Dólares estadounidenses corrientes,2003,Dato revisado,Trimestral,Q1
220,                   Débito,899.4534715,Millones - Dólares estadounidenses corrientes,2003,Dato revisado,Trimestral,Q2
220,                   Débito,962.16436066,Millones - Dólares estadounidenses corrientes,2003,Dato revisado,Trimestral,Q3
220,                   Débito,886.10185349,Millones - Dólares estadounidenses corrientes,2003,Dato revisado,Trimestral,Q4
220,                   Débito,4725.2267083,Millones - Dólares estadounidenses corrientes,2004,Dato revisado,Anual,
220,                   Débito,1268.7779205,Millones - Dólares estadounidenses corrientes,2004,Dato revisado,Trimestral,Q1
220,                   Débito,1102.0489135,Millones - Dólares estadounidenses corrientes,2004,Dato revisado,Trimestral,Q2
220,                   Débito,1178.7221654,Millones - Dólares estadounidenses corrientes,2004,Dato revisado,Trimestral,Q3
220,                   Débito,1175.6777089,Millones - Dólares estadounidenses corrientes,2004,Dato revisado,Trimestral,Q4
220,                   Débito,6348.7123018,Millones - Dólares estadounidenses corrientes,2005,Dato revisado,Anual,
220,                   Débito,1527.5751953,Millones - Dólares estadounidenses corrientes,2005,Dato revisado,Trimestral,Q1
220,                   Débito,1539.7817187,Millones - Dólares estadounidenses corrientes,2005,Dato revisado,Trimestral,Q2
220,                   Débito,1768.6872329,Millones - Dólares estadounidenses corrientes,2005,Dato revisado,Trimestral,Q3
220,                   Débito,1512.6681549,Millones - Dólares estadounidenses corrientes,2005,Dato revisado,Trimestral,Q4
220,                   Débito,7266.132736,Millones - Dólares estadounidenses corrientes,2006,Dato revisado,Anual,
220,                   Débito,1843.1325846,Millones - Dólares estadounidenses corrientes,2006,Dato revisado,Trimestral,Q1
220,                   Débito,1837.3969223,Millones - Dólares estadounidenses corrientes,2006,Dato revisado,Trimestral,Q2
220,                   Débito,1711.3430847,Millones - Dólares estadounidenses corrientes,2006,Dato revisado,Trimestral,Q3
220,                   Débito,1874.2601444,Millones - Dólares estadounidenses corrientes,2006,Dato revisado,Trimestral,Q4
220,                   Débito,9708.1379312,Millones - Dólares estadounidenses corrientes,2007,Dato revisado,Anual,
220,                   Débito,2346.2613244,Millones - Dólares estadounidenses corrientes,2007,Dato revisado,Trimestral,Q1
220,                   Débito,2345.4507956,Millones - Dólares estadounidenses corrientes,2007,Dato revisado,Trimestral,Q2
220,                   Débito,2316.5397944,Millones - Dólares estadounidenses corrientes,2007,Dato revisado,Trimestral,Q3
220,                   Débito,2699.8860168,Millones - Dólares estadounidenses corrientes,2007,Dato revisado,Trimestral,Q4
220,                   Débito,11502.4624978,Millones - Dólares estadounidenses corrientes,2008,Dato revisado,Anual,
220,                   Débito,2915.9055383,Millones - Dólares estadounidenses corrientes,2008,Dato revisado,Trimestral,Q1
220,                   Débito,3290.8426496,Millones - Dólares estadounidenses corrientes,2008,Dato revisado,Trimestral,Q2
220,                   Débito,2927.8210378,Millones - Dólares estadounidenses corrientes,2008,Dato revisado,Trimestral,Q3
220,                   Débito,2367.8932721,Millones - Dólares estadounidenses corrientes,2008,Dato revisado,Trimestral,Q4
220,                   Débito,9966.8954023,Millones - Dólares estadounidenses corrientes,2009,Dato revisado,Anual,
220,                   Débito,2183.5407742,Millones - Dólares estadounidenses corrientes,2009,Dato revisado,Trimestral,Q1
220,                   Débito,2471.0097665,Millones - Dólares estadounidenses corrientes,2009,Dato revisado,Trimestral,Q2
220,                   Débito,2504.0878823,Millones - Dólares estadounidenses corrientes,2009,Dato revisado,Trimestral,Q3
220,                   Débito,2808.2569793,Millones - Dólares estadounidenses corrientes,2009,Dato revisado,Trimestral,Q4
220,                   Débito,12909.6331685,Millones - Dólares estadounidenses corrientes,2010,Dato revisado,Anual,
220,                   Débito,2945.9349438,Millones - Dólares estadounidenses corrientes,2010,Dato revisado,Trimestral,Q1
220,                   Débito,3241.1479577,Millones - Dólares estadounidenses corrientes,2010,Dato revisado,Trimestral,Q2
220,                   Débito,3294.3801384,Millones - Dólares estadounidenses corrientes,2010,Dato revisado,Trimestral,Q3
220,                   Débito,3428.1701286,Millones - Dólares estadounidenses corrientes,2010,Dato revisado,Trimestral,Q4
220,                   Débito,18267.5908376,Millones - Dólares estadounidenses corrientes,2011,Dato revisado,Anual,
220,                   Débito,3812.6771583,Millones - Dólares estadounidenses corrientes,2011,Dato revisado,Trimestral,Q1
220,                   Débito,4293.4626019,Millones - Dólares estadounidenses corrientes,2011,Dato revisado,Trimestral,Q2
220,                   Débito,4773.0040108,Millones - Dólares estadounidenses corrientes,2011,Dato revisado,Trimestral,Q3
220,                   Débito,5388.4470666,Millones - Dólares estadounidenses corrientes,2011,Dato revisado,Trimestral,Q4
220,                   Débito,18859.0360956,Millones - Dólares estadounidenses corrientes,2012,Dato revisado,Anual,
220,                   Débito,4858.2521054,Millones - Dólares estadounidenses corrientes,2012,Dato revisado,Trimestral,Q1
220,                   Débito,4619.708646,Millones - Dólares estadounidenses corrientes,2012,Dato revisado,Trimestral,Q2
220,                   Débito,4395.006365,Millones - Dólares estadounidenses corrientes,2012,Dato revisado,Trimestral,Q3
220,                   Débito,4986.0689792,Millones - Dólares estadounidenses corrientes,2012,Dato revisado,Trimestral,Q4
220,                   Débito,17847.8929609,Millones - Dólares estadounidenses corrientes,2013,Dato revisado,Anual,
220,                   Débito,4620.7356801,Millones - Dólares estadounidenses corrientes,2013,Dato revisado,Trimestral,Q1
220,                   Débito,4318.4007755,Millones - Dólares estadounidenses corrientes,2013,Dato revisado,Trimestral,Q2
220,                   Débito,4371.9748621,Millones - Dólares estadounidenses corrientes,2013,Dato revisado,Trimestral,Q3
220,                   Débito,4536.7816432,Millones - Dólares estadounidenses corrientes,2013,Dato revisado,Trimestral,Q4
220,                   Débito,16519.9485001,Millones - Dólares estadounidenses corrientes,2014,Dato revisado,Anual,
220,                   Débito,4162.2693823,Millones - Dólares estadounidenses corrientes,2014,Dato revisado,Trimestral,Q1
220,                   Débito,4257.901124,Millones - Dólares estadounidenses corrientes,2014,Dato revisado,Trimestral,Q2
220,                   Débito,4669.6938079,Millones - Dólares estadounidenses corrientes,2014,Dato revisado,Trimestral,Q3
220,                   Débito,3430.0841859,Millones - Dólares estadounidenses corrientes,2014,Dato revisado,Trimestral,Q4
220,                   Débito,10044.351396,Millones - Dólares estadounidenses corrientes,2015,Dato revisado,Anual,
220,                   Débito,2876.6773571,Millones - Dólares estadounidenses corrientes,2015,Dato revisado,Trimestral,Q1
220,                   Débito,3091.8989463,Millones - Dólares estadounidenses corrientes,2015,Dato revisado,Trimestral,Q2
220,                   Débito,2443.9415643,Millones - Dólares estadounidenses corrientes,2015,Dato revisado,Trimestral,Q3
220,                   Débito,1631.8335283,Millones - Dólares estadounidenses corrientes,2015,Dato revisado,Trimestral,Q4
220,                   Débito,10306.1809746,Millones - Dólares estadounidenses corrientes,2016,Dato revisado,Anual,
220,                   Débito,2243.9557034,Millones - Dólares estadounidenses corrientes,2016,Dato revisado,Trimestral,Q1
220,                   Débito,2572.9381136,Millones - Dólares estadounidenses corrientes,2016,Dato revisado,Trimestral,Q2
220,                   Débito,2756.7017357,Millones - Dólares estadounidenses corrientes,2016,Dato revisado,Trimestral,Q3
220,                   Débito,2732.5854219,Millones - Dólares estadounidenses corrientes,2016,Dato revisado,Trimestral,Q4
220,                   Débito,13622.8232618,Millones - Dólares estadounidenses corrientes,2017,Dato revisado,Anual,
220,                   Débito,3595.9049898,Millones - Dólares estadounidenses corrientes,2017,Dato revisado,Trimestral,Q1
220,                   Débito,3000.182354,Millones - Dólares estadounidenses corrientes,2017,Dato revisado,Trimestral,Q2
220,                   Débito,3377.7366578,Millones - Dólares estadounidenses corrientes,2017,Dato revisado,Trimestral,Q3
220,                   Débito,3648.9992602,Millones - Dólares estadounidenses corrientes,2017,Dato revisado,Trimestral,Q4
220,                   Débito,17619.3842741,Millones - Dólares estadounidenses corrientes,2018,Dato revisado,Anual,
220,                   Débito,4435.4066554,Millones - Dólares estadounidenses corrientes,2018,Dato revisado,Trimestral,Q1
220,                   Débito,4328.624548,Millones - Dólares estadounidenses corrientes,2018,Dato revisado,Trimestral,Q2
220,                   Débito,4310.0360754,Millones - Dólares estadounidenses corrientes,2018,Dato revisado,Trimestral,Q3
220,                   Débito,4545.3169953,Millones - Dólares estadounidenses corrientes,2018,Dato revisado,Trimestral,Q4
220,                   Débito,16693.0226286,Millones - Dólares estadounidenses corrientes,2019,Dato revisado,Anual,
220,                   Débito,4379.4672646,Millones - Dólares estadounidenses corrientes,2019,Dato revisado,Trimestral,Q1
220,                   Débito,4312.5325355,Millones - Dólares estadounidenses corrientes,2019,Dato revisado,Trimestral,Q2
220,                   Débito,4022.4946345,Millones - Dólares estadounidenses corrientes,2019,Dato revisado,Trimestral,Q3
220,                   Débito,3978.528194,Millones - Dólares estadounidenses corrientes,2019,Dato revisado,Trimestral,Q4
220,                   Débito,9492.4990635,Millones - Dólares estadounidenses corrientes,2020,Dato revisado,Anual,
220,                   Débito,2508.9910423,Millones - Dólares estadounidenses corrientes,2020,Dato revisado,Trimestral,Q1
220,                   Débito,2088.4978887,Millones - Dólares estadounidenses corrientes,2020,Dato revisado,Trimestral,Q2
220,                   Débito,2292.8053158,Millones - Dólares estadounidenses corrientes,2020,Dato revisado,Trimestral,Q3
220,                   Débito,2602.2048167,Millones - Dólares estadounidenses corrientes,2020,Dato revisado,Trimestral,Q4
220,                   Débito,14655.5312023,Millones - Dólares estadounidenses corrientes,2021,Dato revisado,Anual,
220,                   Débito,3244.5873918,Millones - Dólares estadounidenses corrientes,2021,Dato revisado,Trimestral,Q1
220,                   Débito,3220.1491149,Millones - Dólares estadounidenses corrientes,2021,Dato revisado,Trimestral,Q2
220,                   Débito,3643.0124257,Millones - Dólares estadounidenses corrientes,2021,Dato revisado,Trimestral,Q3
220,                   Débito,4547.7822699,Millones - Dólares estadounidenses corrientes,2021,Dato revisado,Trimestral,Q4
220,                   Débito,24061.199243,Millones - Dólares estadounidenses corrientes,2022,Dato revisado,Anual,
220,                   Débito,5192.2156616,Millones - Dólares estadounidenses corrientes,2022,Dato revisado,Trimestral,Q1
220,                   Débito,6261.7800339,Millones - Dólares estadounidenses corrientes,2022,Dato revisado,Trimestral,Q2
220,                   Débito,6528.2566381,Millones - Dólares estadounidenses corrientes,2022,Dato revisado,Trimestral,Q3
220,                   Débito,6078.9469094,Millones - Dólares estadounidenses corrientes,2022,Dato revisado,Trimestral,Q4
220,                   Débito,22401.7970459,Millones - Dólares estadounidenses corrientes,2023,Dato provisional,Anual,
220,                   Débito,5901.5791883,Millones - Dólares estadounidenses corrientes,2023,Dato provisional,Trimestral,Q1
220,                   Débito,5415.6869864,Millones - Dólares estadounidenses corrientes,2023,Dato provisional,Trimestral,Q2
220,                   Débito,5669.3075268,Millones - Dólares estadounidenses corrientes,2023,Dato provisional,Trimestral,Q3
220,                   Débito,5415.2233444,Millones - Dólares estadounidenses corrientes,2023,Dato provisional,Trimestral,Q4
220,                   Débito,22320.2283723,Millones - Dólares estadounidenses corrientes,2024,Dato provisional,Anual,
220,                   Débito,5518.2592414,Millones - Dólares estadounidenses corrientes,2024,Dato provisional,Trimestral,Q1
220,                   Débito,5441.1616784,Millones - Dólares estadounidenses corrientes,2024,Dato provisional,Trimestral,Q2
220,                   Débito,5708.1287723,Millones - Dólares estadounidenses corrientes,2024,Dato provisional,Trimestral,Q3
220,                   Débito,5652.6786802,Millones - Dólares estadounidenses corrientes,2024,Dato provisional,Trimestral,Q4
220,                   Débito,16380.4277131,Millones - Dólares estadounidenses corrientes,2025,Dato preliminar,Anual,
220,                   Débito,5438.7187851,Millones - Dólares estadounidenses corrientes,2025,Dato preliminar,Trimestral,Q1
220,                   Débito,5266.8615398,Millones - Dólares estadounidenses corrientes,2025,Dato preliminar,Trimestral,Q2
220,                   Débito,5674.8473882,Millones - Dólares estadounidenses corrientes,2025,Dato preliminar,Trimestral,Q3
353,              1.C Ingreso secundario (Transferencias corrientes),1673.17899242,Millones - Dólares estadounidenses corrientes,2000,Dato revisado,Anual,
353,              1.C Ingreso secundario (Transferencias corrientes),441.02456458,Millones - Dólares estadounidenses corrientes,2000,Dato revisado,Trimestral,Q1
353,              1.C Ingreso secundario (Transferencias corrientes),373.44448753,Millones - Dólares estadounidenses corrientes,2000,Dato revisado,Trimestral,Q2
353,              1.C Ingreso secundario (Transferencias corrientes),416.27231776,Millones - Dólares estadounidenses corrientes,2000,Dato revisado,Trimestral,Q3
353,              1.C Ingreso secundario (Transferencias corrientes),442.43762255,Millones - Dólares estadounidenses corrientes,2000,Dato revisado,Trimestral,Q4
353,              1.C Ingreso secundario (Transferencias corrientes),2354.00359024,Millones - Dólares estadounidenses corrientes,2001,Dato revisado,Anual,
353,              1.C Ingreso secundario (Transferencias corrientes),464.07191407,Millones - Dólares estadounidenses corrientes,2001,Dato revisado,Trimestral,Q1
353,              1.C Ingreso secundario (Transferencias corrientes),670.97035975,Millones - Dólares estadounidenses corrientes,2001,Dato revisado,Trimestral,Q2
353,              1.C Ingreso secundario (Transferencias corrientes),591.13055255,Millones - Dólares estadounidenses corrientes,2001,Dato revisado,Trimestral,Q3
353,              1.C Ingreso secundario (Transferencias corrientes),627.83076387,Millones - Dólares estadounidenses corrientes,2001,Dato revisado,Trimestral,Q4
353,              1.C Ingreso secundario (Transferencias corrientes),2655.8050197,Millones - Dólares estadounidenses corrientes,2002,Dato revisado,Anual,
353,              1.C Ingreso secundario (Transferencias corrientes),579.64461097,Millones - Dólares estadounidenses corrientes,2002,Dato revisado,Trimestral,Q1
353,              1.C Ingreso secundario (Transferencias corrientes),630.30854158,Millones - Dólares estadounidenses corrientes,2002,Dato revisado,Trimestral,Q2
353,              1.C Ingreso secundario (Transferencias corrientes),726.64455556,Millones - Dólares estadounidenses corrientes,2002,Dato revisado,Trimestral,Q3
353,              1.C Ingreso secundario (Transferencias corrientes),719.20731159,Millones - Dólares estadounidenses corrientes,2002,Dato revisado,Trimestral,Q4
353,              1.C Ingreso secundario (Transferencias corrientes),3308.50434493,Millones - Dólares estadounidenses corrientes,2003,Dato revisado,Anual,
353,              1.C Ingreso secundario (Transferencias corrientes),730.61343626,Millones - Dólares estadounidenses corrientes,2003,Dato revisado,Trimestral,Q1
353,              1.C Ingreso secundario (Transferencias corrientes),803.73388905,Millones - Dólares estadounidenses corrientes,2003,Dato revisado,Trimestral,Q2
353,              1.C Ingreso secundario (Transferencias corrientes),890.40941565,Millones - Dólares estadounidenses corrientes,2003,Dato revisado,Trimestral,Q3
353,              1.C Ingreso secundario (Transferencias corrientes),883.74760397,Millones - Dólares estadounidenses corrientes,2003,Dato revisado,Trimestral,Q4
353,              1.C Ingreso secundario (Transferencias corrientes),3724.25936656,Millones - Dólares estadounidenses corrientes,2004,Dato revisado,Anual,
353,              1.C Ingreso secundario (Transferencias corrientes),811.65673194,Millones - Dólares estadounidenses corrientes,2004,Dato revisado,Trimestral,Q1
353,              1.C Ingreso secundario (Transferencias corrientes),889.5957166,Millones - Dólares estadounidenses corrientes,2004,Dato revisado,Trimestral,Q2
353,              1.C Ingreso secundario (Transferencias corrientes),940.84758592,Millones - Dólares estadounidenses corrientes,2004,Dato revisado,Trimestral,Q3
353,              1.C Ingreso secundario (Transferencias corrientes),1082.1593321,Millones - Dólares estadounidenses corrientes,2004,Dato revisado,Trimestral,Q4
353,              1.C Ingreso secundario (Transferencias corrientes),4081.89486726,Millones - Dólares estadounidenses corrientes,2005,Dato revisado,Anual,
353,              1.C Ingreso secundario (Transferencias corrientes),891.93572176,Millones - Dólares estadounidenses corrientes,2005,Dato revisado,Trimestral,Q1
353,              1.C Ingreso secundario (Transferencias corrientes),1044.3091025,Millones - Dólares estadounidenses corrientes,2005,Dato revisado,Trimestral,Q2
353,              1.C Ingreso secundario (Transferencias corrientes),1033.8955956,Millones - Dólares estadounidenses corrientes,2005,Dato revisado,Trimestral,Q3
353,              1.C Ingreso secundario (Transferencias corrientes),1111.7544474,Millones - Dólares estadounidenses corrientes,2005,Dato revisado,Trimestral,Q4
353,              1.C Ingreso secundario (Transferencias corrientes),4714.1918591,Millones - Dólares estadounidenses corrientes,2006,Dato revisado,Anual,
353,              1.C Ingreso secundario (Transferencias corrientes),1050.4326721,Millones - Dólares estadounidenses corrientes,2006,Dato revisado,Trimestral,Q1
353,              1.C Ingreso secundario (Transferencias corrientes),1208.096061,Millones - Dólares estadounidenses corrientes,2006,Dato revisado,Trimestral,Q2
353,              1.C Ingreso secundario (Transferencias corrientes),1203.2803575,Millones - Dólares estadounidenses corrientes,2006,Dato revisado,Trimestral,Q3
353,              1.C Ingreso secundario (Transferencias corrientes),1252.3827685,Millones - Dólares estadounidenses corrientes,2006,Dato revisado,Trimestral,Q4
353,              1.C Ingreso secundario (Transferencias corrientes),5152.8908177,Millones - Dólares estadounidenses corrientes,2007,Dato revisado,Anual,
353,              1.C Ingreso secundario (Transferencias corrientes),1183.402997,Millones - Dólares estadounidenses corrientes,2007,Dato revisado,Trimestral,Q1
353,              1.C Ingreso secundario (Transferencias corrientes),1127.8206068,Millones - Dólares estadounidenses corrientes,2007,Dato revisado,Trimestral,Q2
353,              1.C Ingreso secundario (Transferencias corrientes),1321.6806732,Millones - Dólares estadounidenses corrientes,2007,Dato revisado,Trimestral,Q3
353,              1.C Ingreso secundario (Transferencias corrientes),1519.9865407,Millones - Dólares estadounidenses corrientes,2007,Dato revisado,Trimestral,Q4
353,              1.C Ingreso secundario (Transferencias corrientes),5454.6212913,Millones - Dólares estadounidenses corrientes,2008,Dato revisado,Anual,
353,              1.C Ingreso secundario (Transferencias corrientes),1292.619972,Millones - Dólares estadounidenses corrientes,2008,Dato revisado,Trimestral,Q1
353,              1.C Ingreso secundario (Transferencias corrientes),1360.8415704,Millones - Dólares estadounidenses corrientes,2008,Dato revisado,Trimestral,Q2
353,              1.C Ingreso secundario (Transferencias corrientes),1465.9887629,Millones - Dólares estadounidenses corrientes,2008,Dato revisado,Trimestral,Q3
353,              1.C Ingreso secundario (Transferencias corrientes),1335.170986,Millones - Dólares estadounidenses corrientes,2008,Dato revisado,Trimestral,Q4
353,              1.C Ingreso secundario (Transferencias corrientes),4558.2390335,Millones - Dólares estadounidenses corrientes,2009,Dato revisado,Anual,
353,              1.C Ingreso secundario (Transferencias corrientes),1200.6486625,Millones - Dólares estadounidenses corrientes,2009,Dato revisado,Trimestral,Q1
353,              1.C Ingreso secundario (Transferencias corrientes),1084.7787513,Millones - Dólares estadounidenses corrientes,2009,Dato revisado,Trimestral,Q2
353,              1.C Ingreso secundario (Transferencias corrientes),1061.7968205,Millones - Dólares estadounidenses corrientes,2009,Dato revisado,Trimestral,Q3
353,              1.C Ingreso secundario (Transferencias corrientes),1211.0147992,Millones - Dólares estadounidenses corrientes,2009,Dato revisado,Trimestral,Q4
353,              1.C Ingreso secundario (Transferencias corrientes),4659.42853474,Millones - Dólares estadounidenses corrientes,2010,Dato revisado,Anual,
353,              1.C Ingreso secundario (Transferencias corrientes),976.05376854,Millones - Dólares estadounidenses corrientes,2010,Dato revisado,Trimestral,Q1
353,              1.C Ingreso secundario (Transferencias corrientes),1159.9428978,Millones - Dólares estadounidenses corrientes,2010,Dato revisado,Trimestral,Q2
353,              1.C Ingreso secundario (Transferencias corrientes),1170.9765456,Millones - Dólares estadounidenses corrientes,2010,Dato revisado,Trimestral,Q3
353,              1.C Ingreso secundario (Transferencias corrientes),1352.4553228,Millones - Dólares estadounidenses corrientes,2010,Dato revisado,Trimestral,Q4
353,              1.C Ingreso secundario (Transferencias corrientes),5051.0603712,Millones - Dólares estadounidenses corrientes,2011,Dato revisado,Anual,
353,              1.C Ingreso secundario (Transferencias corrientes),1152.7746653,Millones - Dólares estadounidenses corrientes,2011,Dato revisado,Trimestral,Q1
353,              1.C Ingreso secundario (Transferencias corrientes),1167.3182276,Millones - Dólares estadounidenses corrientes,2011,Dato revisado,Trimestral,Q2
353,              1.C Ingreso secundario (Transferencias corrientes),1390.5176182,Millones - Dólares estadounidenses corrientes,2011,Dato revisado,Trimestral,Q3
353,              1.C Ingreso secundario (Transferencias corrientes),1340.4498601,Millones - Dólares estadounidenses corrientes,2011,Dato revisado,Trimestral,Q4
353,              1.C Ingreso secundario (Transferencias corrientes),4832.6660571,Millones - Dólares estadounidenses corrientes,2012,Dato revisado,Anual,
353,              1.C Ingreso secundario (Transferencias corrientes),1153.6977425,Millones - Dólares estadounidenses corrientes,2012,Dato revisado,Trimestral,Q1
353,              1.C Ingreso secundario (Transferencias corrientes),1242.9003624,Millones - Dólares estadounidenses corrientes,2012,Dato revisado,Trimestral,Q2
353,              1.C Ingreso secundario (Transferencias corrientes),1163.0750925,Millones - Dólares estadounidenses corrientes,2012,Dato revisado,Trimestral,Q3
353,              1.C Ingreso secundario (Transferencias corrientes),1272.9928597,Millones - Dólares estadounidenses corrientes,2012,Dato revisado,Trimestral,Q4
353,              1.C Ingreso secundario (Transferencias corrientes),4886.8897701,Millones - Dólares estadounidenses corrientes,2013,Dato revisado,Anual,
353,              1.C Ingreso secundario (Transferencias corrientes),1052.3514877,Millones - Dólares estadounidenses corrientes,2013,Dato revisado,Trimestral,Q1
353,              1.C Ingreso secundario (Transferencias corrientes),1270.41298,Millones - Dólares estadounidenses corrientes,2013,Dato revisado,Trimestral,Q2
353,              1.C Ingreso secundario (Transferencias corrientes),1296.9485926,Millones - Dólares estadounidenses corrientes,2013,Dato revisado,Trimestral,Q3
353,              1.C Ingreso secundario (Transferencias corrientes),1267.1767098,Millones - Dólares estadounidenses corrientes,2013,Dato revisado,Trimestral,Q4
353,              1.C Ingreso secundario (Transferencias corrientes),4621.6436932,Millones - Dólares estadounidenses corrientes,2014,Dato revisado,Anual,
353,              1.C Ingreso secundario (Transferencias corrientes),1049.6086455,Millones - Dólares estadounidenses corrientes,2014,Dato revisado,Trimestral,Q1
353,              1.C Ingreso secundario (Transferencias corrientes),1040.7295622,Millones - Dólares estadounidenses corrientes,2014,Dato revisado,Trimestral,Q2
353,              1.C Ingreso secundario (Transferencias corrientes),1164.3160259,Millones - Dólares estadounidenses corrientes,2014,Dato revisado,Trimestral,Q3
353,              1.C Ingreso secundario (Transferencias corrientes),1366.9894596,Millones - Dólares estadounidenses corrientes,2014,Dato revisado,Trimestral,Q4
353,              1.C Ingreso secundario (Transferencias corrientes),5751.7097569,Millones - Dólares estadounidenses corrientes,2015,Dato revisado,Anual,
353,              1.C Ingreso secundario (Transferencias corrientes),1298.0344766,Millones - Dólares estadounidenses corrientes,2015,Dato revisado,Trimestral,Q1
353,              1.C Ingreso secundario (Transferencias corrientes),1272.4519738,Millones - Dólares estadounidenses corrientes,2015,Dato revisado,Trimestral,Q2
353,              1.C Ingreso secundario (Transferencias corrientes),1628.8009307,Millones - Dólares estadounidenses corrientes,2015,Dato revisado,Trimestral,Q3
353,              1.C Ingreso secundario (Transferencias corrientes),1552.4223758,Millones - Dólares estadounidenses corrientes,2015,Dato revisado,Trimestral,Q4
353,              1.C Ingreso secundario (Transferencias corrientes),6176.7627245,Millones - Dólares estadounidenses corrientes,2016,Dato revisado,Anual,
353,              1.C Ingreso secundario (Transferencias corrientes),1480.0901391,Millones - Dólares estadounidenses corrientes,2016,Dato revisado,Trimestral,Q1
353,              1.C Ingreso secundario (Transferencias corrientes),1488.3853611,Millones - Dólares estadounidenses corrientes,2016,Dato revisado,Trimestral,Q2
353,              1.C Ingreso secundario (Transferencias corrientes),1483.9576632,Millones - Dólares estadounidenses corrientes,2016,Dato revisado,Trimestral,Q3
353,              1.C Ingreso secundario (Transferencias corrientes),1724.3295611,Millones - Dólares estadounidenses corrientes,2016,Dato revisado,Trimestral,Q4
353,              1.C Ingreso secundario (Transferencias corrientes),6883.3526462,Millones - Dólares estadounidenses corrientes,2017,Dato revisado,Anual,
353,              1.C Ingreso secundario (Transferencias corrientes),1526.5953278,Millones - Dólares estadounidenses corrientes,2017,Dato revisado,Trimestral,Q1
353,              1.C Ingreso secundario (Transferencias corrientes),1683.8419151,Millones - Dólares estadounidenses corrientes,2017,Dato revisado,Trimestral,Q2
353,              1.C Ingreso secundario (Transferencias corrientes),1758.8416904,Millones - Dólares estadounidenses corrientes,2017,Dato revisado,Trimestral,Q3
353,              1.C Ingreso secundario (Transferencias corrientes),1914.0737129,Millones - Dólares estadounidenses corrientes,2017,Dato revisado,Trimestral,Q4
353,              1.C Ingreso secundario (Transferencias corrientes),7957.4107948,Millones - Dólares estadounidenses corrientes,2018,Dato revisado,Anual,
353,              1.C Ingreso secundario (Transferencias corrientes),1739.2856293,Millones - Dólares estadounidenses corrientes,2018,Dato revisado,Trimestral,Q1
353,              1.C Ingreso secundario (Transferencias corrientes),1870.0891201,Millones - Dólares estadounidenses corrientes,2018,Dato revisado,Trimestral,Q2
353,              1.C Ingreso secundario (Transferencias corrientes),2035.04386,Millones - Dólares estadounidenses corrientes,2018,Dato revisado,Trimestral,Q3
353,              1.C Ingreso secundario (Transferencias corrientes),2312.9921854,Millones - Dólares estadounidenses corrientes,2018,Dato revisado,Trimestral,Q4
353,              1.C Ingreso secundario (Transferencias corrientes),9055.4008052,Millones - Dólares estadounidenses corrientes,2019,Dato revisado,Anual,
353,              1.C Ingreso secundario (Transferencias corrientes),1931.7589085,Millones - Dólares estadounidenses corrientes,2019,Dato revisado,Trimestral,Q1
353,              1.C Ingreso secundario (Transferencias corrientes),2281.0601211,Millones - Dólares estadounidenses corrientes,2019,Dato revisado,Trimestral,Q2
353,              1.C Ingreso secundario (Transferencias corrientes),2404.4454276,Millones - Dólares estadounidenses corrientes,2019,Dato revisado,Trimestral,Q3
353,              1.C Ingreso secundario (Transferencias corrientes),2438.136348,Millones - Dólares estadounidenses corrientes,2019,Dato revisado,Trimestral,Q4
353,              1.C Ingreso secundario (Transferencias corrientes),8787.8227621,Millones - Dólares estadounidenses corrientes,2020,Dato revisado,Anual,
353,              1.C Ingreso secundario (Transferencias corrientes),2172.6004108,Millones - Dólares estadounidenses corrientes,2020,Dato revisado,Trimestral,Q1
353,              1.C Ingreso secundario (Transferencias corrientes),1717.6136594,Millones - Dólares estadounidenses corrientes,2020,Dato revisado,Trimestral,Q2
353,              1.C Ingreso secundario (Transferencias corrientes),2422.430918,Millones - Dólares estadounidenses corrientes,2020,Dato revisado,Trimestral,Q3
353,              1.C Ingreso secundario (Transferencias corrientes),2475.1777739,Millones - Dólares estadounidenses corrientes,2020,Dato revisado,Trimestral,Q4
353,              1.C Ingreso secundario (Transferencias corrientes),10774.5350946,Millones - Dólares estadounidenses corrientes,2021,Dato revisado,Anual,
353,              1.C Ingreso secundario (Transferencias corrientes),2450.172588,Millones - Dólares estadounidenses corrientes,2021,Dato revisado,Trimestral,Q1
353,              1.C Ingreso secundario (Transferencias corrientes),2626.5442599,Millones - Dólares estadounidenses corrientes,2021,Dato revisado,Trimestral,Q2
353,              1.C Ingreso secundario (Transferencias corrientes),2762.916535,Millones - Dólares estadounidenses corrientes,2021,Dato revisado,Trimestral,Q3
353,              1.C Ingreso secundario (Transferencias corrientes),2934.9017117,Millones - Dólares estadounidenses corrientes,2021,Dato revisado,Trimestral,Q4
353,              1.C Ingreso secundario (Transferencias corrientes),12301.4659587,Millones - Dólares estadounidenses corrientes,2022,Dato revisado,Anual,
353,              1.C Ingreso secundario (Transferencias corrientes),3176.4941879,Millones - Dólares estadounidenses corrientes,2022,Dato revisado,Trimestral,Q1
353,              1.C Ingreso secundario (Transferencias corrientes),2828.6900346,Millones - Dólares estadounidenses corrientes,2022,Dato revisado,Trimestral,Q2
353,              1.C Ingreso secundario (Transferencias corrientes),3103.6650637,Millones - Dólares estadounidenses corrientes,2022,Dato revisado,Trimestral,Q3
353,              1.C Ingreso secundario (Transferencias corrientes),3192.6166725,Millones - Dólares estadounidenses corrientes,2022,Dato revisado,Trimestral,Q4
353,              1.C Ingreso secundario (Transferencias corrientes),12922.0462905,Millones - Dólares estadounidenses corrientes,2023,Dato provisional,Anual,
353,              1.C Ingreso secundario (Transferencias corrientes),3094.4083856,Millones - Dólares estadounidenses corrientes,2023,Dato provisional,Trimestral,Q1
353,              1.C Ingreso secundario (Transferencias corrientes),3029.1708956,Millones - Dólares estadounidenses corrientes,2023,Dato provisional,Trimestral,Q2
353,              1.C Ingreso secundario (Transferencias corrientes),3364.7879063,Millones - Dólares estadounidenses corrientes,2023,Dato provisional,Trimestral,Q3
353,              1.C Ingreso secundario (Transferencias corrientes),3433.679103,Millones - Dólares estadounidenses corrientes,2023,Dato provisional,Trimestral,Q4
353,              1.C Ingreso secundario (Transferencias corrientes),15507.1550177,Millones - Dólares estadounidenses corrientes,2024,Dato provisional,Anual,
353,              1.C Ingreso secundario (Transferencias corrientes),3331.0706616,Millones - Dólares estadounidenses corrientes,2024,Dato provisional,Trimestral,Q1
353,              1.C Ingreso secundario (Transferencias corrientes),3896.7697897,Millones - Dólares estadounidenses corrientes,2024,Dato provisional,Trimestral,Q2
353,              1.C Ingreso secundario (Transferencias corrientes),4073.2696315,Millones - Dólares estadounidenses corrientes,2024,Dato provisional,Trimestral,Q3
353,              1.C Ingreso secundario (Transferencias corrientes),4206.0449349,Millones - Dólares estadounidenses corrientes,2024,Dato provisional,Trimestral,Q4
353,              1.C Ingreso secundario (Transferencias corrientes),12210.1201782,Millones - Dólares estadounidenses corrientes,2025,Dato preliminar,Anual,
353,              1.C Ingreso secundario (Transferencias corrientes),3846.221374,Millones - Dólares estadounidenses corrientes,2025,Dato preliminar,Trimestral,Q1
353,              1.C Ingreso secundario (Transferencias corrientes),4150.992616,Millones - Dólares estadounidenses corrientes,2025,Dato preliminar,Trimestral,Q2
353,              1.C Ingreso secundario (Transferencias corrientes),4212.9061882,Millones - Dólares estadounidenses corrientes,2025,Dato preliminar,Trimestral,Q3
354,                   Crédito,1911.38804725,Millones - Dólares estadounidenses corrientes,2000,Dato revisado,Anual,
354,                   Crédito,492.98923558,Millones - Dólares estadounidenses corrientes,2000,Dato revisado,Trimestral,Q1
354,                   Crédito,430.43759913,Millones - Dólares estadounidenses corrientes,2000,Dato revisado,Trimestral,Q2
354,                   Crédito,491.9688705,Millones - Dólares estadounidenses corrientes,2000,Dato revisado,Trimestral,Q3
354,                   Crédito,495.99234204,Millones - Dólares estadounidenses corrientes,2000,Dato revisado,Trimestral,Q4
354,                   Crédito,2655.53018668,Millones - Dólares estadounidenses corrientes,2001,Dato revisado,Anual,
354,                   Crédito,524.1695674,Millones - Dólares estadounidenses corrientes,2001,Dato revisado,Trimestral,Q1
354,                   Crédito,735.67032657,Millones - Dólares estadounidenses corrientes,2001,Dato revisado,Trimestral,Q2
354,                   Crédito,668.73892793,Millones - Dólares estadounidenses corrientes,2001,Dato revisado,Trimestral,Q3
354,                   Crédito,726.95136478,Millones - Dólares estadounidenses corrientes,2001,Dato revisado,Trimestral,Q4
354,                   Crédito,2960.0497384,Millones - Dólares estadounidenses corrientes,2002,Dato revisado,Anual,
354,                   Crédito,646.60513235,Millones - Dólares estadounidenses corrientes,2002,Dato revisado,Trimestral,Q1
354,                   Crédito,708.97828595,Millones - Dólares estadounidenses corrientes,2002,Dato revisado,Trimestral,Q2
354,                   Crédito,793.14530177,Millones - Dólares estadounidenses corrientes,2002,Dato revisado,Trimestral,Q3
354,                   Crédito,811.32101833,Millones - Dólares estadounidenses corrientes,2002,Dato revisado,Trimestral,Q4
354,                   Crédito,3564.51658171,Millones - Dólares estadounidenses corrientes,2003,Dato revisado,Anual,
354,                   Crédito,797.29088769,Millones - Dólares estadounidenses corrientes,2003,Dato revisado,Trimestral,Q1
354,                   Crédito,854.11732484,Millones - Dólares estadounidenses corrientes,2003,Dato revisado,Trimestral,Q2
354,                   Crédito,958.69303166,Millones - Dólares estadounidenses corrientes,2003,Dato revisado,Trimestral,Q3
354,                   Crédito,954.41533752,Millones - Dólares estadounidenses corrientes,2003,Dato revisado,Trimestral,Q4
354,                   Crédito,3993.78487183,Millones - Dólares estadounidenses corrientes,2004,Dato revisado,Anual,
354,                   Crédito,875.03753383,Millones - Dólares estadounidenses corrientes,2004,Dato revisado,Trimestral,Q1
354,                   Crédito,960.28100769,Millones - Dólares estadounidenses corrientes,2004,Dato revisado,Trimestral,Q2
354,                   Crédito,986.75287421,Millones - Dólares estadounidenses corrientes,2004,Dato revisado,Trimestral,Q3
354,                   Crédito,1171.7134561,Millones - Dólares estadounidenses corrientes,2004,Dato revisado,Trimestral,Q4
354,                   Crédito,4342.22743444,Millones - Dólares estadounidenses corrientes,2005,Dato revisado,Anual,
354,                   Crédito,942.03213694,Millones - Dólares estadounidenses corrientes,2005,Dato revisado,Trimestral,Q1
354,                   Crédito,1098.1904249,Millones - Dólares estadounidenses corrientes,2005,Dato revisado,Trimestral,Q2
354,                   Crédito,1108.2187234,Millones - Dólares estadounidenses corrientes,2005,Dato revisado,Trimestral,Q3
354,                   Crédito,1193.7861492,Millones - Dólares estadounidenses corrientes,2005,Dato revisado,Trimestral,Q4
354,                   Crédito,5008.0593159,Millones - Dólares estadounidenses corrientes,2006,Dato revisado,Anual,
354,                   Crédito,1113.3189377,Millones - Dólares estadounidenses corrientes,2006,Dato revisado,Trimestral,Q1
354,                   Crédito,1296.2513501,Millones - Dólares estadounidenses corrientes,2006,Dato revisado,Trimestral,Q2
354,                   Crédito,1266.0945082,Millones - Dólares estadounidenses corrientes,2006,Dato revisado,Trimestral,Q3
354,                   Crédito,1332.3945199,Millones - Dólares estadounidenses corrientes,2006,Dato revisado,Trimestral,Q4
354,                   Crédito,5578.7196424,Millones - Dólares estadounidenses corrientes,2007,Dato revisado,Anual,
354,                   Crédito,1280.5023839,Millones - Dólares estadounidenses corrientes,2007,Dato revisado,Trimestral,Q1
354,                   Crédito,1238.8269668,Millones - Dólares estadounidenses corrientes,2007,Dato revisado,Trimestral,Q2
354,                   Crédito,1431.3367268,Millones - Dólares estadounidenses corrientes,2007,Dato revisado,Trimestral,Q3
354,                   Crédito,1628.0535649,Millones - Dólares estadounidenses corrientes,2007,Dato revisado,Trimestral,Q4
354,                   Crédito,5840.7265387,Millones - Dólares estadounidenses corrientes,2008,Dato revisado,Anual,
354,                   Crédito,1375.9317895,Millones - Dólares estadounidenses corrientes,2008,Dato revisado,Trimestral,Q1
354,                   Crédito,1479.354262,Millones - Dólares estadounidenses corrientes,2008,Dato revisado,Trimestral,Q2
354,                   Crédito,1563.2143804,Millones - Dólares estadounidenses corrientes,2008,Dato revisado,Trimestral,Q3
354,                   Crédito,1422.2261068,Millones - Dólares estadounidenses corrientes,2008,Dato revisado,Trimestral,Q4
354,                   Crédito,5197.766812,Millones - Dólares estadounidenses corrientes,2009,Dato revisado,Anual,
354,                   Crédito,1318.4192956,Millones - Dólares estadounidenses corrientes,2009,Dato revisado,Trimestral,Q1
354,                   Crédito,1246.239072,Millones - Dólares estadounidenses corrientes,2009,Dato revisado,Trimestral,Q2
354,                   Crédito,1220.4193229,Millones - Dólares estadounidenses corrientes,2009,Dato revisado,Trimestral,Q3
354,                   Crédito,1412.6891215,Millones - Dólares estadounidenses corrientes,2009,Dato revisado,Trimestral,Q4
354,                   Crédito,5622.6981404,Millones - Dólares estadounidenses corrientes,2010,Dato revisado,Anual,
354,                   Crédito,1219.9252064,Millones - Dólares estadounidenses corrientes,2010,Dato revisado,Trimestral,Q1
354,                   Crédito,1393.6899738,Millones - Dólares estadounidenses corrientes,2010,Dato revisado,Trimestral,Q2
354,                   Crédito,1416.3145427,Millones - Dólares estadounidenses corrientes,2010,Dato revisado,Trimestral,Q3
354,                   Crédito,1592.7684175,Millones - Dólares estadounidenses corrientes,2010,Dato revisado,Trimestral,Q4
354,                   Crédito,6074.9727355,Millones - Dólares estadounidenses corrientes,2011,Dato revisado,Anual,
354,                   Crédito,1381.2586219,Millones - Dólares estadounidenses corrientes,2011,Dato revisado,Trimestral,Q1
354,                   Crédito,1439.7646404,Millones - Dólares estadounidenses corrientes,2011,Dato revisado,Trimestral,Q2
354,                   Crédito,1654.0448634,Millones - Dólares estadounidenses corrientes,2011,Dato revisado,Trimestral,Q3
354,                   Crédito,1599.9046098,Millones - Dólares estadounidenses corrientes,2011,Dato revisado,Trimestral,Q4
354,                   Crédito,5953.9101815,Millones - Dólares estadounidenses corrientes,2012,Dato revisado,Anual,
354,                   Crédito,1420.7073903,Millones - Dólares estadounidenses corrientes,2012,Dato revisado,Trimestral,Q1
354,                   Crédito,1523.358589,Millones - Dólares estadounidenses corrientes,2012,Dato revisado,Trimestral,Q2
354,                   Crédito,1443.0513661,Millones - Dólares estadounidenses corrientes,2012,Dato revisado,Trimestral,Q3
354,                   Crédito,1566.7928361,Millones - Dólares estadounidenses corrientes,2012,Dato revisado,Trimestral,Q4
354,                   Crédito,6007.2618052,Millones - Dólares estadounidenses corrientes,2013,Dato revisado,Anual,
354,                   Crédito,1327.5918296,Millones - Dólares estadounidenses corrientes,2013,Dato revisado,Trimestral,Q1
354,                   Crédito,1537.7337906,Millones - Dólares estadounidenses corrientes,2013,Dato revisado,Trimestral,Q2
354,                   Crédito,1575.2458763,Millones - Dólares estadounidenses corrientes,2013,Dato revisado,Trimestral,Q3
354,                   Crédito,1566.6903087,Millones - Dólares estadounidenses corrientes,2013,Dato revisado,Trimestral,Q4
354,                   Crédito,5771.4657787,Millones - Dólares estadounidenses corrientes,2014,Dato revisado,Anual,
354,                   Crédito,1367.1421327,Millones - Dólares estadounidenses corrientes,2014,Dato revisado,Trimestral,Q1
354,                   Crédito,1340.9744752,Millones - Dólares estadounidenses corrientes,2014,Dato revisado,Trimestral,Q2
354,                   Crédito,1450.9366222,Millones - Dólares estadounidenses corrientes,2014,Dato revisado,Trimestral,Q3
354,                   Crédito,1612.4125486,Millones - Dólares estadounidenses corrientes,2014,Dato revisado,Trimestral,Q4
354,                   Crédito,6565.1478209,Millones - Dólares estadounidenses corrientes,2015,Dato revisado,Anual,
354,                   Crédito,1509.1200684,Millones - Dólares estadounidenses corrientes,2015,Dato revisado,Trimestral,Q1
354,                   Crédito,1489.5292481,Millones - Dólares estadounidenses corrientes,2015,Dato revisado,Trimestral,Q2
354,                   Crédito,1818.9611723,Millones - Dólares estadounidenses corrientes,2015,Dato revisado,Trimestral,Q3
354,                   Crédito,1747.5373321,Millones - Dólares estadounidenses corrientes,2015,Dato revisado,Trimestral,Q4
354,                   Crédito,6984.7856878,Millones - Dólares estadounidenses corrientes,2016,Dato revisado,Anual,
354,                   Crédito,1660.3991551,Millones - Dólares estadounidenses corrientes,2016,Dato revisado,Trimestral,Q1
354,                   Crédito,1690.0407622,Millones - Dólares estadounidenses corrientes,2016,Dato revisado,Trimestral,Q2
354,                   Crédito,1705.8020911,Millones - Dólares estadounidenses corrientes,2016,Dato revisado,Trimestral,Q3
354,                   Crédito,1928.5436794,Millones - Dólares estadounidenses corrientes,2016,Dato revisado,Trimestral,Q4
354,                   Crédito,7756.814744,Millones - Dólares estadounidenses corrientes,2017,Dato revisado,Anual,
354,                   Crédito,1743.6132542,Millones - Dólares estadounidenses corrientes,2017,Dato revisado,Trimestral,Q1
354,                   Crédito,1902.3206442,Millones - Dólares estadounidenses corrientes,2017,Dato revisado,Trimestral,Q2
354,                   Crédito,1976.6663241,Millones - Dólares estadounidenses corrientes,2017,Dato revisado,Trimestral,Q3
354,                   Crédito,2134.2145215,Millones - Dólares estadounidenses corrientes,2017,Dato revisado,Trimestral,Q4
354,                   Crédito,8898.5085536,Millones - Dólares estadounidenses corrientes,2018,Dato revisado,Anual,
354,                   Crédito,1976.5886073,Millones - Dólares estadounidenses corrientes,2018,Dato revisado,Trimestral,Q1
354,                   Crédito,2118.3048585,Millones - Dólares estadounidenses corrientes,2018,Dato revisado,Trimestral,Q2
354,                   Crédito,2261.5339872,Millones - Dólares estadounidenses corrientes,2018,Dato revisado,Trimestral,Q3
354,                   Crédito,2542.0811006,Millones - Dólares estadounidenses corrientes,2018,Dato revisado,Trimestral,Q4
354,                   Crédito,10017.2024643,Millones - Dólares estadounidenses corrientes,2019,Dato revisado,Anual,
354,                   Crédito,2159.5158677,Millones - Dólares estadounidenses corrientes,2019,Dato revisado,Trimestral,Q1
354,                   Crédito,2513.5373571,Millones - Dólares estadounidenses corrientes,2019,Dato revisado,Trimestral,Q2
354,                   Crédito,2648.7281804,Millones - Dólares estadounidenses corrientes,2019,Dato revisado,Trimestral,Q3
354,                   Crédito,2695.4210591,Millones - Dólares estadounidenses corrientes,2019,Dato revisado,Trimestral,Q4
354,                   Crédito,9653.9535615,Millones - Dólares estadounidenses corrientes,2020,Dato revisado,Anual,
354,                   Crédito,2398.5189472,Millones - Dólares estadounidenses corrientes,2020,Dato revisado,Trimestral,Q1
354,                   Crédito,1887.4979255,Millones - Dólares estadounidenses corrientes,2020,Dato revisado,Trimestral,Q2
354,                   Crédito,2621.9887812,Millones - Dólares estadounidenses corrientes,2020,Dato revisado,Trimestral,Q3
354,                   Crédito,2745.9479076,Millones - Dólares estadounidenses corrientes,2020,Dato revisado,Trimestral,Q4
354,                   Crédito,11936.8519301,Millones - Dólares estadounidenses corrientes,2021,Dato revisado,Anual,
354,                   Crédito,2701.8917058,Millones - Dólares estadounidenses corrientes,2021,Dato revisado,Trimestral,Q1
354,                   Crédito,2924.3154426,Millones - Dólares estadounidenses corrientes,2021,Dato revisado,Trimestral,Q2
354,                   Crédito,3069.7297833,Millones - Dólares estadounidenses corrientes,2021,Dato revisado,Trimestral,Q3
354,                   Crédito,3240.9149984,Millones - Dólares estadounidenses corrientes,2021,Dato revisado,Trimestral,Q4
354,                   Crédito,13681.1785508,Millones - Dólares estadounidenses corrientes,2022,Dato revisado,Anual,
354,                   Crédito,3505.9490527,Millones - Dólares estadounidenses corrientes,2022,Dato revisado,Trimestral,Q1
354,                   Crédito,3207.3935726,Millones - Dólares estadounidenses corrientes,2022,Dato revisado,Trimestral,Q2
354,                   Crédito,3429.9279921,Millones - Dólares estadounidenses corrientes,2022,Dato revisado,Trimestral,Q3
354,                   Crédito,3537.9079334,Millones - Dólares estadounidenses corrientes,2022,Dato revisado,Trimestral,Q4
354,                   Crédito,14412.5117304,Millones - Dólares estadounidenses corrientes,2023,Dato provisional,Anual,
354,                   Crédito,3404.0873482,Millones - Dólares estadounidenses corrientes,2023,Dato provisional,Trimestral,Q1
354,                   Crédito,3396.7601881,Millones - Dólares estadounidenses corrientes,2023,Dato provisional,Trimestral,Q2
354,                   Crédito,3769.7043084,Millones - Dólares estadounidenses corrientes,2023,Dato provisional,Trimestral,Q3
354,                   Crédito,3841.9598857,Millones - Dólares estadounidenses corrientes,2023,Dato provisional,Trimestral,Q4
354,                   Crédito,17125.9127117,Millones - Dólares estadounidenses corrientes,2024,Dato provisional,Anual,
354,                   Crédito,3732.4665298,Millones - Dólares estadounidenses corrientes,2024,Dato provisional,Trimestral,Q1
354,                   Crédito,4347.1254824,Millones - Dólares estadounidenses corrientes,2024,Dato provisional,Trimestral,Q2
354,                   Crédito,4486.5567728,Millones - Dólares estadounidenses corrientes,2024,Dato provisional,Trimestral,Q3
354,                   Crédito,4559.7639267,Millones - Dólares estadounidenses corrientes,2024,Dato provisional,Trimestral,Q4
354,                   Crédito,13325.1115605,Millones - Dólares estadounidenses corrientes,2025,Dato preliminar,Anual,
354,                   Crédito,4201.6575628,Millones - Dólares estadounidenses corrientes,2025,Dato preliminar,Trimestral,Q1
354,                   Crédito,4530.4848374,Millones - Dólares estadounidenses corrientes,2025,Dato preliminar,Trimestral,Q2
354,                   Crédito,4592.9691603,Millones - Dólares estadounidenses corrientes,2025,Dato preliminar,Trimestral,Q3
355,                   Débito,238.209054829,Millones - Dólares estadounidenses corrientes,2000,Dato revisado,Anual,
355,                   Débito,51.964670999,Millones - Dólares estadounidenses corrientes,2000,Dato revisado,Trimestral,Q1
355,                   Débito,56.993111599,Millones - Dólares estadounidenses corrientes,2000,Dato revisado,Trimestral,Q2
355,                   Débito,75.69655274,Millones - Dólares estadounidenses corrientes,2000,Dato revisado,Trimestral,Q3
355,                   Débito,53.554719491,Millones - Dólares estadounidenses corrientes,2000,Dato revisado,Trimestral,Q4
355,                   Débito,301.526596434,Millones - Dólares estadounidenses corrientes,2001,Dato revisado,Anual,
355,                   Débito,60.097653325,Millones - Dólares estadounidenses corrientes,2001,Dato revisado,Trimestral,Q1
355,                   Débito,64.699966817,Millones - Dólares estadounidenses corrientes,2001,Dato revisado,Trimestral,Q2
355,                   Débito,77.608375386,Millones - Dólares estadounidenses corrientes,2001,Dato revisado,Trimestral,Q3
355,                   Débito,99.120600906,Millones - Dólares estadounidenses corrientes,2001,Dato revisado,Trimestral,Q4
355,                   Débito,304.244718695,Millones - Dólares estadounidenses corrientes,2002,Dato revisado,Anual,
355,                   Débito,66.960521378,Millones - Dólares estadounidenses corrientes,2002,Dato revisado,Trimestral,Q1
355,                   Débito,78.669744362,Millones - Dólares estadounidenses corrientes,2002,Dato revisado,Trimestral,Q2
355,                   Débito,66.500746215,Millones - Dólares estadounidenses corrientes,2002,Dato revisado,Trimestral,Q3
355,                   Débito,92.11370674,Millones - Dólares estadounidenses corrientes,2002,Dato revisado,Trimestral,Q4
355,                   Débito,256.012236774,Millones - Dólares estadounidenses corrientes,2003,Dato revisado,Anual,
355,                   Débito,66.677451429,Millones - Dólares estadounidenses corrientes,2003,Dato revisado,Trimestral,Q1
355,                   Débito,50.383435787,Millones - Dólares estadounidenses corrientes,2003,Dato revisado,Trimestral,Q2
355,                   Débito,68.283616013,Millones - Dólares estadounidenses corrientes,2003,Dato revisado,Trimestral,Q3
355,                   Débito,70.667733545,Millones - Dólares estadounidenses corrientes,2003,Dato revisado,Trimestral,Q4
355,                   Débito,269.525505255,Millones - Dólares estadounidenses corrientes,2004,Dato revisado,Anual,
355,                   Débito,63.380801889,Millones - Dólares estadounidenses corrientes,2004,Dato revisado,Trimestral,Q1
355,                   Débito,70.685291086,Millones - Dólares estadounidenses corrientes,2004,Dato revisado,Trimestral,Q2
355,                   Débito,45.90528829,Millones - Dólares estadounidenses corrientes,2004,Dato revisado,Trimestral,Q3
355,                   Débito,89.55412399,Millones - Dólares estadounidenses corrientes,2004,Dato revisado,Trimestral,Q4
355,                   Débito,260.332567206,Millones - Dólares estadounidenses corrientes,2005,Dato revisado,Anual,
355,                   Débito,50.096415175,Millones - Dólares estadounidenses corrientes,2005,Dato revisado,Trimestral,Q1
355,                   Débito,53.881322418,Millones - Dólares estadounidenses corrientes,2005,Dato revisado,Trimestral,Q2
355,                   Débito,74.32312788,Millones - Dólares estadounidenses corrientes,2005,Dato revisado,Trimestral,Q3
355,                   Débito,82.031701733,Millones - Dólares estadounidenses corrientes,2005,Dato revisado,Trimestral,Q4
355,                   Débito,293.867456751,Millones - Dólares estadounidenses corrientes,2006,Dato revisado,Anual,
355,                   Débito,62.886265621,Millones - Dólares estadounidenses corrientes,2006,Dato revisado,Trimestral,Q1
355,                   Débito,88.15528904,Millones - Dólares estadounidenses corrientes,2006,Dato revisado,Trimestral,Q2
355,                   Débito,62.814150743,Millones - Dólares estadounidenses corrientes,2006,Dato revisado,Trimestral,Q3
355,                   Débito,80.011751347,Millones - Dólares estadounidenses corrientes,2006,Dato revisado,Trimestral,Q4
355,                   Débito,425.828824625,Millones - Dólares estadounidenses corrientes,2007,Dato revisado,Anual,
355,                   Débito,97.099386915,Millones - Dólares estadounidenses corrientes,2007,Dato revisado,Trimestral,Q1
355,                   Débito,111.00636,Millones - Dólares estadounidenses corrientes,2007,Dato revisado,Trimestral,Q2
355,                   Débito,109.65605358,Millones - Dólares estadounidenses corrientes,2007,Dato revisado,Trimestral,Q3
355,                   Débito,108.06702413,Millones - Dólares estadounidenses corrientes,2007,Dato revisado,Trimestral,Q4
355,                   Débito,386.105247308,Millones - Dólares estadounidenses corrientes,2008,Dato revisado,Anual,
355,                   Débito,83.311817472,Millones - Dólares estadounidenses corrientes,2008,Dato revisado,Trimestral,Q1
355,                   Débito,118.51269154,Millones - Dólares estadounidenses corrientes,2008,Dato revisado,Trimestral,Q2
355,                   Débito,97.225617485,Millones - Dólares estadounidenses corrientes,2008,Dato revisado,Trimestral,Q3
355,                   Débito,87.055120811,Millones - Dólares estadounidenses corrientes,2008,Dato revisado,Trimestral,Q4
355,                   Débito,639.52777849,Millones - Dólares estadounidenses corrientes,2009,Dato revisado,Anual,
355,                   Débito,117.77063307,Millones - Dólares estadounidenses corrientes,2009,Dato revisado,Trimestral,Q1
355,                   Débito,161.46032068,Millones - Dólares estadounidenses corrientes,2009,Dato revisado,Trimestral,Q2
355,                   Débito,158.62250238,Millones - Dólares estadounidenses corrientes,2009,Dato revisado,Trimestral,Q3
355,                   Débito,201.67432236,Millones - Dólares estadounidenses corrientes,2009,Dato revisado,Trimestral,Q4
355,                   Débito,963.2696056,Millones - Dólares estadounidenses corrientes,2010,Dato revisado,Anual,
355,                   Débito,243.87143786,Millones - Dólares estadounidenses corrientes,2010,Dato revisado,Trimestral,Q1
355,                   Débito,233.74707598,Millones - Dólares estadounidenses corrientes,2010,Dato revisado,Trimestral,Q2
355,                   Débito,245.33799713,Millones - Dólares estadounidenses corrientes,2010,Dato revisado,Trimestral,Q3
355,                   Débito,240.31309463,Millones - Dólares estadounidenses corrientes,2010,Dato revisado,Trimestral,Q4
355,                   Débito,1023.91236441,Millones - Dólares estadounidenses corrientes,2011,Dato revisado,Anual,
355,                   Débito,228.48395656,Millones - Dólares estadounidenses corrientes,2011,Dato revisado,Trimestral,Q1
355,                   Débito,272.44641281,Millones - Dólares estadounidenses corrientes,2011,Dato revisado,Trimestral,Q2
355,                   Débito,263.52724527,Millones - Dólares estadounidenses corrientes,2011,Dato revisado,Trimestral,Q3
355,                   Débito,259.45474977,Millones - Dólares estadounidenses corrientes,2011,Dato revisado,Trimestral,Q4
355,                   Débito,1121.24412437,Millones - Dólares estadounidenses corrientes,2012,Dato revisado,Anual,
355,                   Débito,267.00964772,Millones - Dólares estadounidenses corrientes,2012,Dato revisado,Trimestral,Q1
355,                   Débito,280.45822666,Millones - Dólares estadounidenses corrientes,2012,Dato revisado,Trimestral,Q2
355,                   Débito,279.97627368,Millones - Dólares estadounidenses corrientes,2012,Dato revisado,Trimestral,Q3
355,                   Débito,293.79997631,Millones - Dólares estadounidenses corrientes,2012,Dato revisado,Trimestral,Q4
355,                   Débito,1120.37203499,Millones - Dólares estadounidenses corrientes,2013,Dato revisado,Anual,
355,                   Débito,275.24034192,Millones - Dólares estadounidenses corrientes,2013,Dato revisado,Trimestral,Q1
355,                   Débito,267.32081051,Millones - Dólares estadounidenses corrientes,2013,Dato revisado,Trimestral,Q2
355,                   Débito,278.29728369,Millones - Dólares estadounidenses corrientes,2013,Dato revisado,Trimestral,Q3
355,                   Débito,299.51359887,Millones - Dólares estadounidenses corrientes,2013,Dato revisado,Trimestral,Q4
355,                   Débito,1149.82208543,Millones - Dólares estadounidenses corrientes,2014,Dato revisado,Anual,
355,                   Débito,317.53348718,Millones - Dólares estadounidenses corrientes,2014,Dato revisado,Trimestral,Q1
355,                   Débito,300.24491292,Millones - Dólares estadounidenses corrientes,2014,Dato revisado,Trimestral,Q2
355,                   Débito,286.62059634,Millones - Dólares estadounidenses corrientes,2014,Dato revisado,Trimestral,Q3
355,                   Débito,245.42308899,Millones - Dólares estadounidenses corrientes,2014,Dato revisado,Trimestral,Q4
355,                   Débito,813.43806395,Millones - Dólares estadounidenses corrientes,2015,Dato revisado,Anual,
355,                   Débito,211.08559176,Millones - Dólares estadounidenses corrientes,2015,Dato revisado,Trimestral,Q1
355,                   Débito,217.07727424,Millones - Dólares estadounidenses corrientes,2015,Dato revisado,Trimestral,Q2
355,                   Débito,190.16024163,Millones - Dólares estadounidenses corrientes,2015,Dato revisado,Trimestral,Q3
355,                   Débito,195.11495632,Millones - Dólares estadounidenses corrientes,2015,Dato revisado,Trimestral,Q4
355,                   Débito,808.0229633,Millones - Dólares estadounidenses corrientes,2016,Dato revisado,Anual,
355,                   Débito,180.30901594,Millones - Dólares estadounidenses corrientes,2016,Dato revisado,Trimestral,Q1
355,                   Débito,201.65540116,Millones - Dólares estadounidenses corrientes,2016,Dato revisado,Trimestral,Q2
355,                   Débito,221.84442792,Millones - Dólares estadounidenses corrientes,2016,Dato revisado,Trimestral,Q3
355,                   Débito,204.21411828,Millones - Dólares estadounidenses corrientes,2016,Dato revisado,Trimestral,Q4
355,                   Débito,873.46209782,Millones - Dólares estadounidenses corrientes,2017,Dato revisado,Anual,
355,                   Débito,217.01792638,Millones - Dólares estadounidenses corrientes,2017,Dato revisado,Trimestral,Q1
355,                   Débito,218.47872909,Millones - Dólares estadounidenses corrientes,2017,Dato revisado,Trimestral,Q2
355,                   Débito,217.82463375,Millones - Dólares estadounidenses corrientes,2017,Dato revisado,Trimestral,Q3
355,                   Débito,220.1408086,Millones - Dólares estadounidenses corrientes,2017,Dato revisado,Trimestral,Q4
355,                   Débito,941.09775882,Millones - Dólares estadounidenses corrientes,2018,Dato revisado,Anual,
355,                   Débito,237.30297802,Millones - Dólares estadounidenses corrientes,2018,Dato revisado,Trimestral,Q1
355,                   Débito,248.21573838,Millones - Dólares estadounidenses corrientes,2018,Dato revisado,Trimestral,Q2
355,                   Débito,226.49012717,Millones - Dólares estadounidenses corrientes,2018,Dato revisado,Trimestral,Q3
355,                   Débito,229.08891525,Millones - Dólares estadounidenses corrientes,2018,Dato revisado,Trimestral,Q4
355,                   Débito,961.80165912,Millones - Dólares estadounidenses corrientes,2019,Dato revisado,Anual,
355,                   Débito,227.75695921,Millones - Dólares estadounidenses corrientes,2019,Dato revisado,Trimestral,Q1
355,                   Débito,232.47723597,Millones - Dólares estadounidenses corrientes,2019,Dato revisado,Trimestral,Q2
355,                   Débito,244.28275283,Millones - Dólares estadounidenses corrientes,2019,Dato revisado,Trimestral,Q3
355,                   Débito,257.28471111,Millones - Dólares estadounidenses corrientes,2019,Dato revisado,Trimestral,Q4
355,                   Débito,866.13079934,Millones - Dólares estadounidenses corrientes,2020,Dato revisado,Anual,
355,                   Débito,225.91853634,Millones - Dólares estadounidenses corrientes,2020,Dato revisado,Trimestral,Q1
355,                   Débito,169.88426615,Millones - Dólares estadounidenses corrientes,2020,Dato revisado,Trimestral,Q2
355,                   Débito,199.55786318,Millones - Dólares estadounidenses corrientes,2020,Dato revisado,Trimestral,Q3
355,                   Débito,270.77013367,Millones - Dólares estadounidenses corrientes,2020,Dato revisado,Trimestral,Q4
355,                   Débito,1162.31683562,Millones - Dólares estadounidenses corrientes,2021,Dato revisado,Anual,
355,                   Débito,251.71911782,Millones - Dólares estadounidenses corrientes,2021,Dato revisado,Trimestral,Q1
355,                   Débito,297.77118272,Millones - Dólares estadounidenses corrientes,2021,Dato revisado,Trimestral,Q2
355,                   Débito,306.81324834,Millones - Dólares estadounidenses corrientes,2021,Dato revisado,Trimestral,Q3
355,                   Débito,306.01328674,Millones - Dólares estadounidenses corrientes,2021,Dato revisado,Trimestral,Q4
355,                   Débito,1379.71259211,Millones - Dólares estadounidenses corrientes,2022,Dato revisado,Anual,
355,                   Débito,329.45486479,Millones - Dólares estadounidenses corrientes,2022,Dato revisado,Trimestral,Q1
355,                   Débito,378.70353797,Millones - Dólares estadounidenses corrientes,2022,Dato revisado,Trimestral,Q2
355,                   Débito,326.26292846,Millones - Dólares estadounidenses corrientes,2022,Dato revisado,Trimestral,Q3
355,                   Débito,345.29126089,Millones - Dólares estadounidenses corrientes,2022,Dato revisado,Trimestral,Q4
355,                   Débito,1490.46543995,Millones - Dólares estadounidenses corrientes,2023,Dato provisional,Anual,
355,                   Débito,309.67896263,Millones - Dólares estadounidenses corrientes,2023,Dato provisional,Trimestral,Q1
355,                   Débito,367.5892925,Millones - Dólares estadounidenses corrientes,2023,Dato provisional,Trimestral,Q2
355,                   Débito,404.91640204,Millones - Dólares estadounidenses corrientes,2023,Dato provisional,Trimestral,Q3
355,                   Débito,408.28078278,Millones - Dólares estadounidenses corrientes,2023,Dato provisional,Trimestral,Q4
355,                   Débito,1618.75769398,Millones - Dólares estadounidenses corrientes,2024,Dato provisional,Anual,
355,                   Débito,401.39586826,Millones - Dólares estadounidenses corrientes,2024,Dato provisional,Trimestral,Q1
355,                   Débito,450.35569268,Millones - Dólares estadounidenses corrientes,2024,Dato provisional,Trimestral,Q2
355,                   Débito,413.28714124,Millones - Dólares estadounidenses corrientes,2024,Dato provisional,Trimestral,Q3
355,                   Débito,353.7189918,Millones - Dólares estadounidenses corrientes,2024,Dato provisional,Trimestral,Q4
355,                   Débito,1114.99138229,Millones - Dólares estadounidenses corrientes,2025,Dato preliminar,Anual,
355,                   Débito,355.43618872,Millones - Dólares estadounidenses corrientes,2025,Dato preliminar,Trimestral,Q1
355,                   Débito,379.49222144,Millones - Dólares estadounidenses corrientes,2025,Dato preliminar,Trimestral,Q2
355,                   Débito,380.06297213,Millones - Dólares estadounidenses corrientes,2025,Dato preliminar,Trimestral,Q3
443,    3 Cuenta financiera,849.656832889,Millones - Dólares estadounidenses corrientes,2000,Dato revisado,Anual,
443,    3 Cuenta financiera,304.80917367,Millones - Dólares estadounidenses corrientes,2000,Dato revisado,Trimestral,Q1
443,    3 Cuenta financiera,173.67306515,Millones - Dólares estadounidenses corrientes,2000,Dato revisado,Trimestral,Q2
443,    3 Cuenta financiera,359.82835908,Millones - Dólares estadounidenses corrientes,2000,Dato revisado,Trimestral,Q3
443,    3 Cuenta financiera,11.346234989,Millones - Dólares estadounidenses corrientes,2000,Dato revisado,Trimestral,Q4
443,    3 Cuenta financiera,-1228.7141176,Millones - Dólares estadounidenses corrientes,2001,Dato revisado,Anual,
443,    3 Cuenta financiera,-430.2241789,Millones - Dólares estadounidenses corrientes,2001,Dato revisado,Trimestral,Q1
443,    3 Cuenta financiera,-409.2587407,Millones - Dólares estadounidenses corrientes,2001,Dato revisado,Trimestral,Q2
443,    3 Cuenta financiera,-197.8239843,Millones - Dólares estadounidenses corrientes,2001,Dato revisado,Trimestral,Q3
443,    3 Cuenta financiera,-191.4072137,Millones - Dólares estadounidenses corrientes,2001,Dato revisado,Trimestral,Q4
443,    3 Cuenta financiera,-1165.68097888,Millones - Dólares estadounidenses corrientes,2002,Dato revisado,Anual,
443,    3 Cuenta financiera,-92.86575648,Millones - Dólares estadounidenses corrientes,2002,Dato revisado,Trimestral,Q1
443,    3 Cuenta financiera,-261.2824633,Millones - Dólares estadounidenses corrientes,2002,Dato revisado,Trimestral,Q2
443,    3 Cuenta financiera,-386.4154993,Millones - Dólares estadounidenses corrientes,2002,Dato revisado,Trimestral,Q3
443,    3 Cuenta financiera,-425.1172598,Millones - Dólares estadounidenses corrientes,2002,Dato revisado,Trimestral,Q4
443,    3 Cuenta financiera,-840.574062913,Millones - Dólares estadounidenses corrientes,2003,Dato revisado,Anual,
443,    3 Cuenta financiera,-690.0410357,Millones - Dólares estadounidenses corrientes,2003,Dato revisado,Trimestral,Q1
443,    3 Cuenta financiera,-81.48457716,Millones - Dólares estadounidenses corrientes,2003,Dato revisado,Trimestral,Q2
443,    3 Cuenta financiera,40.426879847,Millones - Dólares estadounidenses corrientes,2003,Dato revisado,Trimestral,Q3
443,    3 Cuenta financiera,-109.4753299,Millones - Dólares estadounidenses corrientes,2003,Dato revisado,Trimestral,Q4
443,    3 Cuenta financiera,-715.130643777,Millones - Dólares estadounidenses corrientes,2004,Dato revisado,Anual,
443,    3 Cuenta financiera,-445.5753899,Millones - Dólares estadounidenses corrientes,2004,Dato revisado,Trimestral,Q1
443,    3 Cuenta financiera,-1.673710149,Millones - Dólares estadounidenses corrientes,2004,Dato revisado,Trimestral,Q2
443,    3 Cuenta financiera,77.508488272,Millones - Dólares estadounidenses corrientes,2004,Dato revisado,Trimestral,Q3
443,    3 Cuenta financiera,-345.390032,Millones - Dólares estadounidenses corrientes,2004,Dato revisado,Trimestral,Q4
443,    3 Cuenta financiera,-1507.2555269,Millones - Dólares estadounidenses corrientes,2005,Dato revisado,Anual,
443,    3 Cuenta financiera,-335.1331889,Millones - Dólares estadounidenses corrientes,2005,Dato revisado,Trimestral,Q1
443,    3 Cuenta financiera,-198.9210143,Millones - Dólares estadounidenses corrientes,2005,Dato revisado,Trimestral,Q2
443,    3 Cuenta financiera,-693.9663178,Millones - Dólares estadounidenses corrientes,2005,Dato revisado,Trimestral,Q3
443,    3 Cuenta financiera,-279.2350059,Millones - Dólares estadounidenses corrientes,2005,Dato revisado,Trimestral,Q4
443,    3 Cuenta financiera,-2863.6147159,Millones - Dólares estadounidenses corrientes,2006,Dato revisado,Anual,
443,    3 Cuenta financiera,-643.7689585,Millones - Dólares estadounidenses corrientes,2006,Dato revisado,Trimestral,Q1
443,    3 Cuenta financiera,-614.6401649,Millones - Dólares estadounidenses corrientes,2006,Dato revisado,Trimestral,Q2
443,    3 Cuenta financiera,-528.7800585,Millones - Dólares estadounidenses corrientes,2006,Dato revisado,Trimestral,Q3
443,    3 Cuenta financiera,-1076.425534,Millones - Dólares estadounidenses corrientes,2006,Dato revisado,Trimestral,Q4
443,    3 Cuenta financiera,-5654.5803558,Millones - Dólares estadounidenses corrientes,2007,Dato revisado,Anual,
443,    3 Cuenta financiera,-1819.060742,Millones - Dólares estadounidenses corrientes,2007,Dato revisado,Trimestral,Q1
443,    3 Cuenta financiera,-1310.698018,Millones - Dólares estadounidenses corrientes,2007,Dato revisado,Trimestral,Q2
443,    3 Cuenta financiera,-1555.269171,Millones - Dólares estadounidenses corrientes,2007,Dato revisado,Trimestral,Q3
443,    3 Cuenta financiera,-969.5524248,Millones - Dólares estadounidenses corrientes,2007,Dato revisado,Trimestral,Q4
443,    3 Cuenta financiera,-6921.756682,Millones - Dólares estadounidenses corrientes,2008,Dato revisado,Anual,
443,    3 Cuenta financiera,-1555.953186,Millones - Dólares estadounidenses corrientes,2008,Dato revisado,Trimestral,Q1
443,    3 Cuenta financiera,-1269.520438,Millones - Dólares estadounidenses corrientes,2008,Dato revisado,Trimestral,Q2
443,    3 Cuenta financiera,-1525.710132,Millones - Dólares estadounidenses corrientes,2008,Dato revisado,Trimestral,Q3
443,    3 Cuenta financiera,-2570.572926,Millones - Dólares estadounidenses corrientes,2008,Dato revisado,Trimestral,Q4
443,    3 Cuenta financiera,-4978.0093618,Millones - Dólares estadounidenses corrientes,2009,Dato revisado,Anual,
443,    3 Cuenta financiera,-750.2903718,Millones - Dólares estadounidenses corrientes,2009,Dato revisado,Trimestral,Q1
443,    3 Cuenta financiera,-1176.969843,Millones - Dólares estadounidenses corrientes,2009,Dato revisado,Trimestral,Q2
443,    3 Cuenta financiera,-1545.380575,Millones - Dólares estadounidenses corrientes,2009,Dato revisado,Trimestral,Q3
443,    3 Cuenta financiera,-1505.368572,Millones - Dólares estadounidenses corrientes,2009,Dato revisado,Trimestral,Q4
443,    3 Cuenta financiera,-9331.80705,Millones - Dólares estadounidenses corrientes,2010,Dato revisado,Anual,
443,    3 Cuenta financiera,-1019.317558,Millones - Dólares estadounidenses corrientes,2010,Dato revisado,Trimestral,Q1
443,    3 Cuenta financiera,-1425.680455,Millones - Dólares estadounidenses corrientes,2010,Dato revisado,Trimestral,Q2
443,    3 Cuenta financiera,-3587.74697,Millones - Dólares estadounidenses corrientes,2010,Dato revisado,Trimestral,Q3
443,    3 Cuenta financiera,-3299.062067,Millones - Dólares estadounidenses corrientes,2010,Dato revisado,Trimestral,Q4
443,    3 Cuenta financiera,-8707.318665,Millones - Dólares estadounidenses corrientes,2011,Dato revisado,Anual,
443,    3 Cuenta financiera,-1411.140725,Millones - Dólares estadounidenses corrientes,2011,Dato revisado,Trimestral,Q1
443,    3 Cuenta financiera,-1575.630194,Millones - Dólares estadounidenses corrientes,2011,Dato revisado,Trimestral,Q2
443,    3 Cuenta financiera,-2552.026304,Millones - Dólares estadounidenses corrientes,2011,Dato revisado,Trimestral,Q3
443,    3 Cuenta financiera,-3168.521442,Millones - Dólares estadounidenses corrientes,2011,Dato revisado,Trimestral,Q4
443,    3 Cuenta financiera,-11552.884786,Millones - Dólares estadounidenses corrientes,2012,Dato revisado,Anual,
443,    3 Cuenta financiera,-1549.321433,Millones - Dólares estadounidenses corrientes,2012,Dato revisado,Trimestral,Q1
443,    3 Cuenta financiera,-3193.244183,Millones - Dólares estadounidenses corrientes,2012,Dato revisado,Trimestral,Q2
443,    3 Cuenta financiera,-3520.573269,Millones - Dólares estadounidenses corrientes,2012,Dato revisado,Trimestral,Q3
443,    3 Cuenta financiera,-3289.745901,Millones - Dólares estadounidenses corrientes,2012,Dato revisado,Trimestral,Q4
443,    3 Cuenta financiera,-11739.613303,Millones - Dólares estadounidenses corrientes,2013,Dato revisado,Anual,
443,    3 Cuenta financiera,-3094.646637,Millones - Dólares estadounidenses corrientes,2013,Dato revisado,Trimestral,Q1
443,    3 Cuenta financiera,-1892.883104,Millones - Dólares estadounidenses corrientes,2013,Dato revisado,Trimestral,Q2
443,    3 Cuenta financiera,-3429.59326,Millones - Dólares estadounidenses corrientes,2013,Dato revisado,Trimestral,Q3
443,    3 Cuenta financiera,-3322.490302,Millones - Dólares estadounidenses corrientes,2013,Dato revisado,Trimestral,Q4
443,    3 Cuenta financiera,-19292.05582,Millones - Dólares estadounidenses corrientes,2014,Dato revisado,Anual,
443,    3 Cuenta financiera,-4158.150461,Millones - Dólares estadounidenses corrientes,2014,Dato revisado,Trimestral,Q1
443,    3 Cuenta financiera,-3944.202795,Millones - Dólares estadounidenses corrientes,2014,Dato revisado,Trimestral,Q2
443,    3 Cuenta financiera,-4996.0649,Millones - Dólares estadounidenses corrientes,2014,Dato revisado,Trimestral,Q3
443,    3 Cuenta financiera,-6193.637664,Millones - Dólares estadounidenses corrientes,2014,Dato revisado,Trimestral,Q4
443,    3 Cuenta financiera,-18059.728301,Millones - Dólares estadounidenses corrientes,2015,Dato revisado,Anual,
443,    3 Cuenta financiera,-5131.929713,Millones - Dólares estadounidenses corrientes,2015,Dato revisado,Trimestral,Q1
443,    3 Cuenta financiera,-4339.894099,Millones - Dólares estadounidenses corrientes,2015,Dato revisado,Trimestral,Q2
443,    3 Cuenta financiera,-4880.419158,Millones - Dólares estadounidenses corrientes,2015,Dato revisado,Trimestral,Q3
443,    3 Cuenta financiera,-3707.485331,Millones - Dólares estadounidenses corrientes,2015,Dato revisado,Trimestral,Q4
443,    3 Cuenta financiera,-12339.373718,Millones - Dólares estadounidenses corrientes,2016,Dato revisado,Anual,
443,    3 Cuenta financiera,-3619.896271,Millones - Dólares estadounidenses corrientes,2016,Dato revisado,Trimestral,Q1
443,    3 Cuenta financiera,-3243.641239,Millones - Dólares estadounidenses corrientes,2016,Dato revisado,Trimestral,Q2
443,    3 Cuenta financiera,-3525.417927,Millones - Dólares estadounidenses corrientes,2016,Dato revisado,Trimestral,Q3
443,    3 Cuenta financiera,-1950.418281,Millones - Dólares estadounidenses corrientes,2016,Dato revisado,Trimestral,Q4
443,    3 Cuenta financiera,-9624.916038,Millones - Dólares estadounidenses corrientes,2017,Dato revisado,Anual,
443,    3 Cuenta financiera,-2986.424468,Millones - Dólares estadounidenses corrientes,2017,Dato revisado,Trimestral,Q1
443,    3 Cuenta financiera,-2624.604513,Millones - Dólares estadounidenses corrientes,2017,Dato revisado,Trimestral,Q2
443,    3 Cuenta financiera,-2379.37918,Millones - Dólares estadounidenses corrientes,2017,Dato revisado,Trimestral,Q3
443,    3 Cuenta financiera,-1634.507877,Millones - Dólares estadounidenses corrientes,2017,Dato revisado,Trimestral,Q4
443,    3 Cuenta financiera,-12953.853659,Millones - Dólares estadounidenses corrientes,2018,Dato revisado,Anual,
443,    3 Cuenta financiera,-2876.33811,Millones - Dólares estadounidenses corrientes,2018,Dato revisado,Trimestral,Q1
443,    3 Cuenta financiera,-2718.502622,Millones - Dólares estadounidenses corrientes,2018,Dato revisado,Trimestral,Q2
443,    3 Cuenta financiera,-3487.122191,Millones - Dólares estadounidenses corrientes,2018,Dato revisado,Trimestral,Q3
443,    3 Cuenta financiera,-3871.890736,Millones - Dólares estadounidenses corrientes,2018,Dato revisado,Trimestral,Q4
443,    3 Cuenta financiera,-13298.326759,Millones - Dólares estadounidenses corrientes,2019,Dato revisado,Anual,
443,    3 Cuenta financiera,-3519.74567,Millones - Dólares estadounidenses corrientes,2019,Dato revisado,Trimestral,Q1
443,    3 Cuenta financiera,-3333.10273,Millones - Dólares estadounidenses corrientes,2019,Dato revisado,Trimestral,Q2
443,    3 Cuenta financiera,-3739.658419,Millones - Dólares estadounidenses corrientes,2019,Dato revisado,Trimestral,Q3
443,    3 Cuenta financiera,-2705.81994,Millones - Dólares estadounidenses corrientes,2019,Dato revisado,Trimestral,Q4
443,    3 Cuenta financiera,-8113.464042,Millones - Dólares estadounidenses corrientes,2020,Dato revisado,Anual,
443,    3 Cuenta financiera,-1735.26407,Millones - Dólares estadounidenses corrientes,2020,Dato revisado,Trimestral,Q1
443,    3 Cuenta financiera,-1937.509263,Millones - Dólares estadounidenses corrientes,2020,Dato revisado,Trimestral,Q2
443,    3 Cuenta financiera,-1857.047956,Millones - Dólares estadounidenses corrientes,2020,Dato revisado,Trimestral,Q3
443,    3 Cuenta financiera,-2583.642753,Millones - Dólares estadounidenses corrientes,2020,Dato revisado,Trimestral,Q4
443,    3 Cuenta financiera,-16693.12724,Millones - Dólares estadounidenses corrientes,2021,Dato revisado,Anual,
443,    3 Cuenta financiera,-2789.014164,Millones - Dólares estadounidenses corrientes,2021,Dato revisado,Trimestral,Q1
443,    3 Cuenta financiera,-3760.568138,Millones - Dólares estadounidenses corrientes,2021,Dato revisado,Trimestral,Q2
443,    3 Cuenta financiera,-4503.80319,Millones - Dólares estadounidenses corrientes,2021,Dato revisado,Trimestral,Q3
443,    3 Cuenta financiera,-5639.741748,Millones - Dólares estadounidenses corrientes,2021,Dato revisado,Trimestral,Q4
443,    3 Cuenta financiera,-20465.662428,Millones - Dólares estadounidenses corrientes,2022,Dato revisado,Anual,
443,    3 Cuenta financiera,-5036.723852,Millones - Dólares estadounidenses corrientes,2022,Dato revisado,Trimestral,Q1
443,    3 Cuenta financiera,-4951.770454,Millones - Dólares estadounidenses corrientes,2022,Dato revisado,Trimestral,Q2
443,    3 Cuenta financiera,-5735.75904,Millones - Dólares estadounidenses corrientes,2022,Dato revisado,Trimestral,Q3
443,    3 Cuenta financiera,-4741.409082,Millones - Dólares estadounidenses corrientes,2022,Dato revisado,Trimestral,Q4
443,    3 Cuenta financiera,-7848.506343,Millones - Dólares estadounidenses corrientes,2023,Dato provisional,Anual,
443,    3 Cuenta financiera,-2590.707992,Millones - Dólares estadounidenses corrientes,2023,Dato provisional,Trimestral,Q1
443,    3 Cuenta financiera,-2699.147197,Millones - Dólares estadounidenses corrientes,2023,Dato provisional,Trimestral,Q2
443,    3 Cuenta financiera,-1376.232228,Millones - Dólares estadounidenses corrientes,2023,Dato provisional,Trimestral,Q3
443,    3 Cuenta financiera,-1182.418926,Millones - Dólares estadounidenses corrientes,2023,Dato provisional,Trimestral,Q4
443,    3 Cuenta financiera,-5577.265942,Millones - Dólares estadounidenses corrientes,2024,Dato provisional,Anual,
443,    3 Cuenta financiera,-1485.654191,Millones - Dólares estadounidenses corrientes,2024,Dato provisional,Trimestral,Q1
443,    3 Cuenta financiera,-1079.444957,Millones - Dólares estadounidenses corrientes,2024,Dato provisional,Trimestral,Q2
443,    3 Cuenta financiera,-1024.482882,Millones - Dólares estadounidenses corrientes,2024,Dato provisional,Trimestral,Q3
443,    3 Cuenta financiera,-1987.683912,Millones - Dólares estadounidenses corrientes,2024,Dato provisional,Trimestral,Q4
443,    3 Cuenta financiera,-5792.45005,Millones - Dólares estadounidenses corrientes,2025,Dato preliminar,Anual,
443,    3 Cuenta financiera,-1590.941335,Millones - Dólares estadounidenses corrientes,2025,Dato preliminar,Trimestral,Q1
443,    3 Cuenta financiera,-1969.735281,Millones - Dólares estadounidenses corrientes,2025,Dato preliminar,Trimestral,Q2
443,    3 Cuenta financiera,-2231.773434,Millones - Dólares estadounidenses corrientes,2025,Dato preliminar,Trimestral,Q3
444,              3.1 Inversión directa,-2111.1133955,Millones - Dólares estadounidenses corrientes,2000,Dato revisado,Anual,
444,              3.1 Inversión directa,-339.947912,Millones - Dólares estadounidenses corrientes,2000,Dato revisado,Trimestral,Q1
444,              3.1 Inversión directa,-455.4220793,Millones - Dólares estadounidenses corrientes,2000,Dato revisado,Trimestral,Q2
444,              3.1 Inversión directa,-766.8051748,Millones - Dólares estadounidenses corrientes,2000,Dato revisado,Trimestral,Q3
444,              3.1 Inversión directa,-548.9382294,Millones - Dólares estadounidenses corrientes,2000,Dato revisado,Trimestral,Q4
444,              3.1 Inversión directa,-2525.8231613,Millones - Dólares estadounidenses corrientes,2001,Dato revisado,Anual,
444,              3.1 Inversión directa,-517.9176951,Millones - Dólares estadounidenses corrientes,2001,Dato revisado,Trimestral,Q1
444,              3.1 Inversión directa,-978.7927752,Millones - Dólares estadounidenses corrientes,2001,Dato revisado,Trimestral,Q2
444,              3.1 Inversión directa,-461.421314,Millones - Dólares estadounidenses corrientes,2001,Dato revisado,Trimestral,Q3
444,              3.1 Inversión directa,-567.691377,Millones - Dólares estadounidenses corrientes,2001,Dato revisado,Trimestral,Q4
444,              3.1 Inversión directa,-1276.87238604,Millones - Dólares estadounidenses corrientes,2002,Dato revisado,Anual,
444,              3.1 Inversión directa,-839.1219092,Millones - Dólares estadounidenses corrientes,2002,Dato revisado,Trimestral,Q1
444,              3.1 Inversión directa,-559.6353211,Millones - Dólares estadounidenses corrientes,2002,Dato revisado,Trimestral,Q2
444,              3.1 Inversión directa,414.32861096,Millones - Dólares estadounidenses corrientes,2002,Dato revisado,Trimestral,Q3
444,              3.1 Inversión directa,-292.4437667,Millones - Dólares estadounidenses corrientes,2002,Dato revisado,Trimestral,Q4
444,              3.1 Inversión directa,-782.80630517,Millones - Dólares estadounidenses corrientes,2003,Dato revisado,Anual,
444,              3.1 Inversión directa,-270.1233082,Millones - Dólares estadounidenses corrientes,2003,Dato revisado,Trimestral,Q1
444,              3.1 Inversión directa,-484.9594663,Millones - Dólares estadounidenses corrientes,2003,Dato revisado,Trimestral,Q2
444,              3.1 Inversión directa,-532.110595,Millones - Dólares estadounidenses corrientes,2003,Dato revisado,Trimestral,Q3
444,              3.1 Inversión directa,504.38706433,Millones - Dólares estadounidenses corrientes,2003,Dato revisado,Trimestral,Q4
444,              3.1 Inversión directa,-2923.1867866,Millones - Dólares estadounidenses corrientes,2004,Dato revisado,Anual,
444,              3.1 Inversión directa,-632.9756737,Millones - Dólares estadounidenses corrientes,2004,Dato revisado,Trimestral,Q1
444,              3.1 Inversión directa,-725.4293507,Millones - Dólares estadounidenses corrientes,2004,Dato revisado,Trimestral,Q2
444,              3.1 Inversión directa,-858.2221553,Millones - Dólares estadounidenses corrientes,2004,Dato revisado,Trimestral,Q3
444,              3.1 Inversión directa,-706.5596069,Millones - Dólares estadounidenses corrientes,2004,Dato revisado,Trimestral,Q4
444,              3.1 Inversión directa,-5439.9058709,Millones - Dólares estadounidenses corrientes,2005,Dato revisado,Anual,
444,              3.1 Inversión directa,-853.972246,Millones - Dólares estadounidenses corrientes,2005,Dato revisado,Trimestral,Q1
444,              3.1 Inversión directa,-1593.042385,Millones - Dólares estadounidenses corrientes,2005,Dato revisado,Trimestral,Q2
444,              3.1 Inversión directa,-911.5905779,Millones - Dólares estadounidenses corrientes,2005,Dato revisado,Trimestral,Q3
444,              3.1 Inversión directa,-2081.300662,Millones - Dólares estadounidenses corrientes,2005,Dato revisado,Trimestral,Q4
444,              3.1 Inversión directa,-5482.868609,Millones - Dólares estadounidenses corrientes,2006,Dato revisado,Anual,
444,              3.1 Inversión directa,-952.0704086,Millones - Dólares estadounidenses corrientes,2006,Dato revisado,Trimestral,Q1
444,              3.1 Inversión directa,-1509.283486,Millones - Dólares estadounidenses corrientes,2006,Dato revisado,Trimestral,Q2
444,              3.1 Inversión directa,-963.6290784,Millones - Dólares estadounidenses corrientes,2006,Dato revisado,Trimestral,Q3
444,              3.1 Inversión directa,-2057.885636,Millones - Dólares estadounidenses corrientes,2006,Dato revisado,Trimestral,Q4
444,              3.1 Inversión directa,-7606.968006,Millones - Dólares estadounidenses corrientes,2007,Dato revisado,Anual,
444,              3.1 Inversión directa,-2323.043915,Millones - Dólares estadounidenses corrientes,2007,Dato revisado,Trimestral,Q1
444,              3.1 Inversión directa,-2061.297935,Millones - Dólares estadounidenses corrientes,2007,Dato revisado,Trimestral,Q2
444,              3.1 Inversión directa,-1977.255731,Millones - Dólares estadounidenses corrientes,2007,Dato revisado,Trimestral,Q3
444,              3.1 Inversión directa,-1245.370425,Millones - Dólares estadounidenses corrientes,2007,Dato revisado,Trimestral,Q4
444,              3.1 Inversión directa,-7479.031427,Millones - Dólares estadounidenses corrientes,2008,Dato revisado,Anual,
444,              3.1 Inversión directa,-2122.378176,Millones - Dólares estadounidenses corrientes,2008,Dato revisado,Trimestral,Q1
444,              3.1 Inversión directa,-1571.3376,Millones - Dólares estadounidenses corrientes,2008,Dato revisado,Trimestral,Q2
444,              3.1 Inversión directa,-1564.920691,Millones - Dólares estadounidenses corrientes,2008,Dato revisado,Trimestral,Q3
444,              3.1 Inversión directa,-2220.39496,Millones - Dólares estadounidenses corrientes,2008,Dato revisado,Trimestral,Q4
444,              3.1 Inversión directa,-4530.08827438,Millones - Dólares estadounidenses corrientes,2009,Dato revisado,Anual,
444,              3.1 Inversión directa,-827.9679035,Millones - Dólares estadounidenses corrientes,2009,Dato revisado,Trimestral,Q1
444,              3.1 Inversión directa,-1914.181317,Millones - Dólares estadounidenses corrientes,2009,Dato revisado,Trimestral,Q2
444,              3.1 Inversión directa,-1988.158499,Millones - Dólares estadounidenses corrientes,2009,Dato revisado,Trimestral,Q3
444,              3.1 Inversión directa,200.21944512,Millones - Dólares estadounidenses corrientes,2009,Dato revisado,Trimestral,Q4
444,              3.1 Inversión directa,-947.3308317,Millones - Dólares estadounidenses corrientes,2010,Dato revisado,Anual,
444,              3.1 Inversión directa,-859.1347783,Millones - Dólares estadounidenses corrientes,2010,Dato revisado,Trimestral,Q1
444,              3.1 Inversión directa,-1277.192219,Millones - Dólares estadounidenses corrientes,2010,Dato revisado,Trimestral,Q2
444,              3.1 Inversión directa,2320.5365986,Millones - Dólares estadounidenses corrientes,2010,Dato revisado,Trimestral,Q3
444,              3.1 Inversión directa,-1131.540433,Millones - Dólares estadounidenses corrientes,2010,Dato revisado,Trimestral,Q4
444,              3.1 Inversión directa,-6227.2231735,Millones - Dólares estadounidenses corrientes,2011,Dato revisado,Anual,
444,              3.1 Inversión directa,-1600.939441,Millones - Dólares estadounidenses corrientes,2011,Dato revisado,Trimestral,Q1
444,              3.1 Inversión directa,-2691.585345,Millones - Dólares estadounidenses corrientes,2011,Dato revisado,Trimestral,Q2
444,              3.1 Inversión directa,-1091.635792,Millones - Dólares estadounidenses corrientes,2011,Dato revisado,Trimestral,Q3
444,              3.1 Inversión directa,-843.0625955,Millones - Dólares estadounidenses corrientes,2011,Dato revisado,Trimestral,Q4
444,              3.1 Inversión directa,-15646.181231,Millones - Dólares estadounidenses corrientes,2012,Dato revisado,Anual,
444,              3.1 Inversión directa,-3574.297969,Millones - Dólares estadounidenses corrientes,2012,Dato revisado,Trimestral,Q1
444,              3.1 Inversión directa,-3815.894555,Millones - Dólares estadounidenses corrientes,2012,Dato revisado,Trimestral,Q2
444,              3.1 Inversión directa,-3142.625882,Millones - Dólares estadounidenses corrientes,2012,Dato revisado,Trimestral,Q3
444,              3.1 Inversión directa,-5113.362825,Millones - Dólares estadounidenses corrientes,2012,Dato revisado,Trimestral,Q4
444,              3.1 Inversión directa,-8558.33841306,Millones - Dólares estadounidenses corrientes,2013,Dato revisado,Anual,
444,              3.1 Inversión directa,-3281.681739,Millones - Dólares estadounidenses corrientes,2013,Dato revisado,Trimestral,Q1
444,              3.1 Inversión directa,-2962.535867,Millones - Dólares estadounidenses corrientes,2013,Dato revisado,Trimestral,Q2
444,              3.1 Inversión directa,-2758.660433,Millones - Dólares estadounidenses corrientes,2013,Dato revisado,Trimestral,Q3
444,              3.1 Inversión directa,444.53962594,Millones - Dólares estadounidenses corrientes,2013,Dato revisado,Trimestral,Q4
444,              3.1 Inversión directa,-12269.76018,Millones - Dólares estadounidenses corrientes,2014,Dato revisado,Anual,
444,              3.1 Inversión directa,-2895.030837,Millones - Dólares estadounidenses corrientes,2014,Dato revisado,Trimestral,Q1
444,              3.1 Inversión directa,-3469.527738,Millones - Dólares estadounidenses corrientes,2014,Dato revisado,Trimestral,Q2
444,              3.1 Inversión directa,-3675.06933,Millones - Dólares estadounidenses corrientes,2014,Dato revisado,Trimestral,Q3
444,              3.1 Inversión directa,-2230.132275,Millones - Dólares estadounidenses corrientes,2014,Dato revisado,Trimestral,Q4
444,              3.1 Inversión directa,-7402.7962094,Millones - Dólares estadounidenses corrientes,2015,Dato revisado,Anual,
444,              3.1 Inversión directa,-3013.508455,Millones - Dólares estadounidenses corrientes,2015,Dato revisado,Trimestral,Q1
444,              3.1 Inversión directa,-2922.347275,Millones - Dólares estadounidenses corrientes,2015,Dato revisado,Trimestral,Q2
444,              3.1 Inversión directa,-200.1022614,Millones - Dólares estadounidenses corrientes,2015,Dato revisado,Trimestral,Q3
444,              3.1 Inversión directa,-1266.838218,Millones - Dólares estadounidenses corrientes,2015,Dato revisado,Trimestral,Q4
444,              3.1 Inversión directa,-9340.5858,Millones - Dólares estadounidenses corrientes,2016,Dato revisado,Anual,
444,              3.1 Inversión directa,-3669.516265,Millones - Dólares estadounidenses corrientes,2016,Dato revisado,Trimestral,Q1
444,              3.1 Inversión directa,-2744.282882,Millones - Dólares estadounidenses corrientes,2016,Dato revisado,Trimestral,Q2
444,              3.1 Inversión directa,-1567.020741,Millones - Dólares estadounidenses corrientes,2016,Dato revisado,Trimestral,Q3
444,              3.1 Inversión directa,-1359.765912,Millones - Dólares estadounidenses corrientes,2016,Dato revisado,Trimestral,Q4
444,              3.1 Inversión directa,-10011.316371,Millones - Dólares estadounidenses corrientes,2017,Dato revisado,Anual,
444,              3.1 Inversión directa,-1742.660161,Millones - Dólares estadounidenses corrientes,2017,Dato revisado,Trimestral,Q1
444,              3.1 Inversión directa,-1217.402157,Millones - Dólares estadounidenses corrientes,2017,Dato revisado,Trimestral,Q2
444,              3.1 Inversión directa,-4112.127303,Millones - Dólares estadounidenses corrientes,2017,Dato revisado,Trimestral,Q3
444,              3.1 Inversión directa,-2939.12675,Millones - Dólares estadounidenses corrientes,2017,Dato revisado,Trimestral,Q4
444,              3.1 Inversión directa,-6172.3750535,Millones - Dólares estadounidenses corrientes,2018,Dato revisado,Anual,
444,              3.1 Inversión directa,-910.3479355,Millones - Dólares estadounidenses corrientes,2018,Dato revisado,Trimestral,Q1
444,              3.1 Inversión directa,-2272.589015,Millones - Dólares estadounidenses corrientes,2018,Dato revisado,Trimestral,Q2
444,              3.1 Inversión directa,-2374.705587,Millones - Dólares estadounidenses corrientes,2018,Dato revisado,Trimestral,Q3
444,              3.1 Inversión directa,-614.732516,Millones - Dólares estadounidenses corrientes,2018,Dato revisado,Trimestral,Q4
444,              3.1 Inversión directa,-10835.65754,Millones - Dólares estadounidenses corrientes,2019,Dato revisado,Anual,
444,              3.1 Inversión directa,-2652.307388,Millones - Dólares estadounidenses corrientes,2019,Dato revisado,Trimestral,Q1
444,              3.1 Inversión directa,-3625.59565,Millones - Dólares estadounidenses corrientes,2019,Dato revisado,Trimestral,Q2
444,              3.1 Inversión directa,-1677.694992,Millones - Dólares estadounidenses corrientes,2019,Dato revisado,Trimestral,Q3
444,              3.1 Inversión directa,-2880.05951,Millones - Dólares estadounidenses corrientes,2019,Dato revisado,Trimestral,Q4
444,              3.1 Inversión directa,-5725.1763614,Millones - Dólares estadounidenses corrientes,2020,Dato revisado,Anual,
444,              3.1 Inversión directa,-1924.096372,Millones - Dólares estadounidenses corrientes,2020,Dato revisado,Trimestral,Q1
444,              3.1 Inversión directa,-1724.834214,Millones - Dólares estadounidenses corrientes,2020,Dato revisado,Trimestral,Q2
444,              3.1 Inversión directa,-258.4157034,Millones - Dólares estadounidenses corrientes,2020,Dato revisado,Trimestral,Q3
444,              3.1 Inversión directa,-1817.830072,Millones - Dólares estadounidenses corrientes,2020,Dato revisado,Trimestral,Q4
444,              3.1 Inversión directa,-6380.521503,Millones - Dólares estadounidenses corrientes,2021,Dato revisado,Anual,
444,              3.1 Inversión directa,-1438.144774,Millones - Dólares estadounidenses corrientes,2021,Dato revisado,Trimestral,Q1
444,              3.1 Inversión directa,-1012.617587,Millones - Dólares estadounidenses corrientes,2021,Dato revisado,Trimestral,Q2
444,              3.1 Inversión directa,-2527.887594,Millones - Dólares estadounidenses corrientes,2021,Dato revisado,Trimestral,Q3
444,              3.1 Inversión directa,-1401.871548,Millones - Dólares estadounidenses corrientes,2021,Dato revisado,Trimestral,Q4
444,              3.1 Inversión directa,-13798.720624,Millones - Dólares estadounidenses corrientes,2022,Dato revisado,Anual,
444,              3.1 Inversión directa,-3650.573521,Millones - Dólares estadounidenses corrientes,2022,Dato revisado,Trimestral,Q1
444,              3.1 Inversión directa,-3660.587106,Millones - Dólares estadounidenses corrientes,2022,Dato revisado,Trimestral,Q2
444,              3.1 Inversión directa,-2958.911355,Millones - Dólares estadounidenses corrientes,2022,Dato revisado,Trimestral,Q3
444,              3.1 Inversión directa,-3528.648642,Millones - Dólares estadounidenses corrientes,2022,Dato revisado,Trimestral,Q4
444,              3.1 Inversión directa,-15524.90602,Millones - Dólares estadounidenses corrientes,2023,Dato provisional,Anual,
444,              3.1 Inversión directa,-3600.413625,Millones - Dólares estadounidenses corrientes,2023,Dato provisional,Trimestral,Q1
444,              3.1 Inversión directa,-5441.741925,Millones - Dólares estadounidenses corrientes,2023,Dato provisional,Trimestral,Q2
444,              3.1 Inversión directa,-3334.710576,Millones - Dólares estadounidenses corrientes,2023,Dato provisional,Trimestral,Q3
444,              3.1 Inversión directa,-3148.039894,Millones - Dólares estadounidenses corrientes,2023,Dato provisional,Trimestral,Q4
444,              3.1 Inversión directa,-9172.043291,Millones - Dólares estadounidenses corrientes,2024,Dato provisional,Anual,
444,              3.1 Inversión directa,-2407.862096,Millones - Dólares estadounidenses corrientes,2024,Dato provisional,Trimestral,Q1
444,              3.1 Inversión directa,-1646.374926,Millones - Dólares estadounidenses corrientes,2024,Dato provisional,Trimestral,Q2
444,              3.1 Inversión directa,-2455.621118,Millones - Dólares estadounidenses corrientes,2024,Dato provisional,Trimestral,Q3
444,              3.1 Inversión directa,-2662.185151,Millones - Dólares estadounidenses corrientes,2024,Dato provisional,Trimestral,Q4
444,              3.1 Inversión directa,-5920.16466,Millones - Dólares estadounidenses corrientes,2025,Dato preliminar,Anual,
444,              3.1 Inversión directa,-2335.612318,Millones - Dólares estadounidenses corrientes,2025,Dato preliminar,Trimestral,Q1
444,              3.1 Inversión directa,-1697.32444,Millones - Dólares estadounidenses corrientes,2025,Dato preliminar,Trimestral,Q2
444,              3.1 Inversión directa,-1887.227902,Millones - Dólares estadounidenses corrientes,2025,Dato preliminar,Trimestral,Q3
445,                   Adquisición neta de activos financieros,325.34652795,Millones - Dólares estadounidenses corrientes,2000,Dato revisado,Anual,
445,                   Adquisición neta de activos financieros,47.841983,Millones - Dólares estadounidenses corrientes,2000,Dato revisado,Trimestral,Q1
445,                   Adquisición neta de activos financieros,145.93469495,Millones - Dólares estadounidenses corrientes,2000,Dato revisado,Trimestral,Q2
445,                   Adquisición neta de activos financieros,6.273764,Millones - Dólares estadounidenses corrientes,2000,Dato revisado,Trimestral,Q3
445,                   Adquisición neta de activos financieros,125.296086,Millones - Dólares estadounidenses corrientes,2000,Dato revisado,Trimestral,Q4
445,                   Adquisición neta de activos financieros,16.1194509,Millones - Dólares estadounidenses corrientes,2001,Dato revisado,Anual,
445,                   Adquisición neta de activos financieros,36.497669,Millones - Dólares estadounidenses corrientes,2001,Dato revisado,Trimestral,Q1
445,                   Adquisición neta de activos financieros,62.9446898,Millones - Dólares estadounidenses corrientes,2001,Dato revisado,Trimestral,Q2
445,                   Adquisición neta de activos financieros,-227.4097839,Millones - Dólares estadounidenses corrientes,2001,Dato revisado,Trimestral,Q3
445,                   Adquisición neta de activos financieros,144.086876,Millones - Dólares estadounidenses corrientes,2001,Dato revisado,Trimestral,Q4
445,                   Adquisición neta de activos financieros,856.8257381,Millones - Dólares estadounidenses corrientes,2002,Dato revisado,Anual,
445,                   Adquisición neta de activos financieros,69.8926807,Millones - Dólares estadounidenses corrientes,2002,Dato revisado,Trimestral,Q1
445,                   Adquisición neta de activos financieros,42.0302112,Millones - Dólares estadounidenses corrientes,2002,Dato revisado,Trimestral,Q2
445,                   Adquisición neta de activos financieros,611.4957319,Millones - Dólares estadounidenses corrientes,2002,Dato revisado,Trimestral,Q3
445,                   Adquisición neta de activos financieros,133.4071143,Millones - Dólares estadounidenses corrientes,2002,Dato revisado,Trimestral,Q4
445,                   Adquisición neta de activos financieros,937.68715031,Millones - Dólares estadounidenses corrientes,2003,Dato revisado,Anual,
445,                   Adquisición neta de activos financieros,49.0605485,Millones - Dólares estadounidenses corrientes,2003,Dato revisado,Trimestral,Q1
445,                   Adquisición neta de activos financieros,34.98623574,Millones - Dólares estadounidenses corrientes,2003,Dato revisado,Trimestral,Q2
445,                   Adquisición neta de activos financieros,8.8701228,Millones - Dólares estadounidenses corrientes,2003,Dato revisado,Trimestral,Q3
445,                   Adquisición neta de activos financieros,844.77024327,Millones - Dólares estadounidenses corrientes,2003,Dato revisado,Trimestral,Q4
445,                   Adquisición neta de activos financieros,192.44908693,Millones - Dólares estadounidenses corrientes,2004,Dato revisado,Anual,
445,                   Adquisición neta de activos financieros,48.65631039,Millones - Dólares estadounidenses corrientes,2004,Dato revisado,Trimestral,Q1
445,                   Adquisición neta de activos financieros,22.08587387,Millones - Dólares estadounidenses corrientes,2004,Dato revisado,Trimestral,Q2
445,                   Adquisición neta de activos financieros,27.283067,Millones - Dólares estadounidenses corrientes,2004,Dato revisado,Trimestral,Q3
445,                   Adquisición neta de activos financieros,94.42383567,Millones - Dólares estadounidenses corrientes,2004,Dato revisado,Trimestral,Q4
445,                   Adquisición neta de activos financieros,4795.511444065,Millones - Dólares estadounidenses corrientes,2005,Dato revisado,Anual,
445,                   Adquisición neta de activos financieros,26.246760685,Millones - Dólares estadounidenses corrientes,2005,Dato revisado,Trimestral,Q1
445,                   Adquisición neta de activos financieros,7.134663785,Millones - Dólares estadounidenses corrientes,2005,Dato revisado,Trimestral,Q2
445,                   Adquisición neta de activos financieros,67.207353895,Millones - Dólares estadounidenses corrientes,2005,Dato revisado,Trimestral,Q3
445,                   Adquisición neta de activos financieros,4694.9226657,Millones - Dólares estadounidenses corrientes,2005,Dato revisado,Trimestral,Q4
445,                   Adquisición neta de activos financieros,1267.75670265,Millones - Dólares estadounidenses corrientes,2006,Dato revisado,Anual,
445,                   Adquisición neta de activos financieros,250.60524563,Millones - Dólares estadounidenses corrientes,2006,Dato revisado,Trimestral,Q1
445,                   Adquisición neta de activos financieros,300.41861108,Millones - Dólares estadounidenses corrientes,2006,Dato revisado,Trimestral,Q2
445,                   Adquisición neta de activos financieros,763.5555448,Millones - Dólares estadounidenses corrientes,2006,Dato revisado,Trimestral,Q3
445,                   Adquisición neta de activos financieros,-46.82269886,Millones - Dólares estadounidenses corrientes,2006,Dato revisado,Trimestral,Q4
445,                   Adquisición neta de activos financieros,1278.79639083,Millones - Dólares estadounidenses corrientes,2007,Dato revisado,Anual,
445,                   Adquisición neta de activos financieros,-296.7622101,Millones - Dólares estadounidenses corrientes,2007,Dato revisado,Trimestral,Q1
445,                   Adquisición neta de activos financieros,167.43841654,Millones - Dólares estadounidenses corrientes,2007,Dato revisado,Trimestral,Q2
445,                   Adquisición neta de activos financieros,348.47290789,Millones - Dólares estadounidenses corrientes,2007,Dato revisado,Trimestral,Q3
445,                   Adquisición neta de activos financieros,1059.6472765,Millones - Dólares estadounidenses corrientes,2007,Dato revisado,Trimestral,Q4
445,                   Adquisición neta de activos financieros,3085.12436812,Millones - Dólares estadounidenses corrientes,2008,Dato revisado,Anual,
445,                   Adquisición neta de activos financieros,595.15954312,Millones - Dólares estadounidenses corrientes,2008,Dato revisado,Trimestral,Q1
445,                   Adquisición neta de activos financieros,775.02831463,Millones - Dólares estadounidenses corrientes,2008,Dato revisado,Trimestral,Q2
445,                   Adquisición neta de activos financieros,1033.049049,Millones - Dólares estadounidenses corrientes,2008,Dato revisado,Trimestral,Q3
445,                   Adquisición neta de activos financieros,681.88746137,Millones - Dólares estadounidenses corrientes,2008,Dato revisado,Trimestral,Q4
445,                   Adquisición neta de activos financieros,3504.65790301,Millones - Dólares estadounidenses corrientes,2009,Dato revisado,Anual,
445,                   Adquisición neta de activos financieros,1461.9320094,Millones - Dólares estadounidenses corrientes,2009,Dato revisado,Trimestral,Q1
445,                   Adquisición neta de activos financieros,875.5071163,Millones - Dólares estadounidenses corrientes,2009,Dato revisado,Trimestral,Q2
445,                   Adquisición neta de activos financieros,-29.06847099,Millones - Dólares estadounidenses corrientes,2009,Dato revisado,Trimestral,Q3
445,                   Adquisición neta de activos financieros,1196.2872483,Millones - Dólares estadounidenses corrientes,2009,Dato revisado,Trimestral,Q4
445,                   Adquisición neta de activos financieros,5482.65878173,Millones - Dólares estadounidenses corrientes,2010,Dato revisado,Anual,
445,                   Adquisición neta de activos financieros,346.41553061,Millones - Dólares estadounidenses corrientes,2010,Dato revisado,Trimestral,Q1
445,                   Adquisición neta de activos financieros,667.70439712,Millones - Dólares estadounidenses corrientes,2010,Dato revisado,Trimestral,Q2
445,                   Adquisición neta de activos financieros,4669.146282,Millones - Dólares estadounidenses corrientes,2010,Dato revisado,Trimestral,Q3
445,                   Adquisición neta de activos financieros,-200.607428,Millones - Dólares estadounidenses corrientes,2010,Dato revisado,Trimestral,Q4
445,                   Adquisición neta de activos financieros,8419.82546467,Millones - Dólares estadounidenses corrientes,2011,Dato revisado,Anual,
445,                   Adquisición neta de activos financieros,1512.3815147,Millones - Dólares estadounidenses corrientes,2011,Dato revisado,Trimestral,Q1
445,                   Adquisición neta de activos financieros,412.10985897,Millones - Dólares estadounidenses corrientes,2011,Dato revisado,Trimestral,Q2
445,                   Adquisición neta de activos financieros,2684.7301111,Millones - Dólares estadounidenses corrientes,2011,Dato revisado,Trimestral,Q3
445,                   Adquisición neta de activos financieros,3810.6039799,Millones - Dólares estadounidenses corrientes,2011,Dato revisado,Trimestral,Q4
445,                   Adquisición neta de activos financieros,-606.20209257,Millones - Dólares estadounidenses corrientes,2012,Dato revisado,Anual,
445,                   Adquisición neta de activos financieros,-40.96459854,Millones - Dólares estadounidenses corrientes,2012,Dato revisado,Trimestral,Q1
445,                   Adquisición neta de activos financieros,417.26445941,Millones - Dólares estadounidenses corrientes,2012,Dato revisado,Trimestral,Q2
445,                   Adquisición neta de activos financieros,185.13302656,Millones - Dólares estadounidenses corrientes,2012,Dato revisado,Trimestral,Q3
445,                   Adquisición neta de activos financieros,-1167.63498,Millones - Dólares estadounidenses corrientes,2012,Dato revisado,Trimestral,Q4
445,                   Adquisición neta de activos financieros,7652.08060316,Millones - Dólares estadounidenses corrientes,2013,Dato revisado,Anual,
445,                   Adquisición neta de activos financieros,388.60974326,Millones - Dólares estadounidenses corrientes,2013,Dato revisado,Trimestral,Q1
445,                   Adquisición neta de activos financieros,1052.525058,Millones - Dólares estadounidenses corrientes,2013,Dato revisado,Trimestral,Q2
445,                   Adquisición neta de activos financieros,1954.3140251,Millones - Dólares estadounidenses corrientes,2013,Dato revisado,Trimestral,Q3
445,                   Adquisición neta de activos financieros,4256.6317768,Millones - Dólares estadounidenses corrientes,2013,Dato revisado,Trimestral,Q4
445,                   Adquisición neta de activos financieros,3898.94153407,Millones - Dólares estadounidenses corrientes,2014,Dato revisado,Anual,
445,                   Adquisición neta de activos financieros,894.8960665,Millones - Dólares estadounidenses corrientes,2014,Dato revisado,Trimestral,Q1
445,                   Adquisición neta de activos financieros,1475.8810485,Millones - Dólares estadounidenses corrientes,2014,Dato revisado,Trimestral,Q2
445,                   Adquisición neta de activos financieros,-1.88894463,Millones - Dólares estadounidenses corrientes,2014,Dato revisado,Trimestral,Q3
445,                   Adquisición neta de activos financieros,1530.0533637,Millones - Dólares estadounidenses corrientes,2014,Dato revisado,Trimestral,Q4
445,                   Adquisición neta de activos financieros,4217.736436,Millones - Dólares estadounidenses corrientes,2015,Dato revisado,Anual,
445,                   Adquisición neta de activos financieros,235.03489364,Millones - Dólares estadounidenses corrientes,2015,Dato revisado,Trimestral,Q1
445,                   Adquisición neta de activos financieros,1145.8079681,Millones - Dólares estadounidenses corrientes,2015,Dato revisado,Trimestral,Q2
445,                   Adquisición neta de activos financieros,1997.0561581,Millones - Dólares estadounidenses corrientes,2015,Dato revisado,Trimestral,Q3
445,                   Adquisición neta de activos financieros,839.83741616,Millones - Dólares estadounidenses corrientes,2015,Dato revisado,Trimestral,Q4
445,                   Adquisición neta de activos financieros,4517.35191993,Millones - Dólares estadounidenses corrientes,2016,Dato revisado,Anual,
445,                   Adquisición neta de activos financieros,1011.8442567,Millones - Dólares estadounidenses corrientes,2016,Dato revisado,Trimestral,Q1
445,                   Adquisición neta de activos financieros,912.70175081,Millones - Dólares estadounidenses corrientes,2016,Dato revisado,Trimestral,Q2
445,                   Adquisición neta de activos financieros,676.85327762,Millones - Dólares estadounidenses corrientes,2016,Dato revisado,Trimestral,Q3
445,                   Adquisición neta de activos financieros,1915.9526348,Millones - Dólares estadounidenses corrientes,2016,Dato revisado,Trimestral,Q4
445,                   Adquisición neta de activos financieros,3689.56407459,Millones - Dólares estadounidenses corrientes,2017,Dato revisado,Anual,
445,                   Adquisición neta de activos financieros,716.45076866,Millones - Dólares estadounidenses corrientes,2017,Dato revisado,Trimestral,Q1
445,                   Adquisición neta de activos financieros,1274.7645861,Millones - Dólares estadounidenses corrientes,2017,Dato revisado,Trimestral,Q2
445,                   Adquisición neta de activos financieros,844.57620448,Millones - Dólares estadounidenses corrientes,2017,Dato revisado,Trimestral,Q3
445,                   Adquisición neta de activos financieros,853.77251535,Millones - Dólares estadounidenses corrientes,2017,Dato revisado,Trimestral,Q4
445,                   Adquisición neta de activos financieros,5126.31772091,Millones - Dólares estadounidenses corrientes,2018,Dato revisado,Anual,
445,                   Adquisición neta de activos financieros,1071.9762853,Millones - Dólares estadounidenses corrientes,2018,Dato revisado,Trimestral,Q1
445,                   Adquisición neta de activos financieros,1500.3551914,Millones - Dólares estadounidenses corrientes,2018,Dato revisado,Trimestral,Q2
445,                   Adquisición neta de activos financieros,329.69723801,Millones - Dólares estadounidenses corrientes,2018,Dato revisado,Trimestral,Q3
445,                   Adquisición neta de activos financieros,2224.2890062,Millones - Dólares estadounidenses corrientes,2018,Dato revisado,Trimestral,Q4
445,                   Adquisición neta de activos financieros,3153.4964887,Millones - Dólares estadounidenses corrientes,2019,Dato revisado,Anual,
445,                   Adquisición neta de activos financieros,741.39450437,Millones - Dólares estadounidenses corrientes,2019,Dato revisado,Trimestral,Q1
445,                   Adquisición neta de activos financieros,464.56004087,Millones - Dólares estadounidenses corrientes,2019,Dato revisado,Trimestral,Q2
445,                   Adquisición neta de activos financieros,1485.3981549,Millones - Dólares estadounidenses corrientes,2019,Dato revisado,Trimestral,Q3
445,                   Adquisición neta de activos financieros,462.14378856,Millones - Dólares estadounidenses corrientes,2019,Dato revisado,Trimestral,Q4
445,                   Adquisición neta de activos financieros,1733.44862292,Millones - Dólares estadounidenses corrientes,2020,Dato revisado,Anual,
445,                   Adquisición neta de activos financieros,1250.5033673,Millones - Dólares estadounidenses corrientes,2020,Dato revisado,Trimestral,Q1
445,                   Adquisición neta de activos financieros,-353.4531837,Millones - Dólares estadounidenses corrientes,2020,Dato revisado,Trimestral,Q2
445,                   Adquisición neta de activos financieros,585.57290954,Millones - Dólares estadounidenses corrientes,2020,Dato revisado,Trimestral,Q3
445,                   Adquisición neta de activos financieros,250.82552978,Millones - Dólares estadounidenses corrientes,2020,Dato revisado,Trimestral,Q4
445,                   Adquisición neta de activos financieros,3180.81377367,Millones - Dólares estadounidenses corrientes,2021,Dato revisado,Anual,
445,                   Adquisición neta de activos financieros,868.7086741,Millones - Dólares estadounidenses corrientes,2021,Dato revisado,Trimestral,Q1
445,                   Adquisición neta de activos financieros,984.40661154,Millones - Dólares estadounidenses corrientes,2021,Dato revisado,Trimestral,Q2
445,                   Adquisición neta de activos financieros,179.10135573,Millones - Dólares estadounidenses corrientes,2021,Dato revisado,Trimestral,Q3
445,                   Adquisición neta de activos financieros,1148.5971323,Millones - Dólares estadounidenses corrientes,2021,Dato revisado,Trimestral,Q4
445,                   Adquisición neta de activos financieros,3383.5048732,Millones - Dólares estadounidenses corrientes,2022,Dato revisado,Anual,
445,                   Adquisición neta de activos financieros,1283.9154618,Millones - Dólares estadounidenses corrientes,2022,Dato revisado,Trimestral,Q1
445,                   Adquisición neta de activos financieros,1382.0135775,Millones - Dólares estadounidenses corrientes,2022,Dato revisado,Trimestral,Q2
445,                   Adquisición neta de activos financieros,154.30704787,Millones - Dólares estadounidenses corrientes,2022,Dato revisado,Trimestral,Q3
445,                   Adquisición neta de activos financieros,563.26878603,Millones - Dólares estadounidenses corrientes,2022,Dato revisado,Trimestral,Q4
445,                   Adquisición neta de activos financieros,1268.7967083,Millones - Dólares estadounidenses corrientes,2023,Dato provisional,Anual,
445,                   Adquisición neta de activos financieros,563.48995253,Millones - Dólares estadounidenses corrientes,2023,Dato provisional,Trimestral,Q1
445,                   Adquisición neta de activos financieros,-106.9773016,Millones - Dólares estadounidenses corrientes,2023,Dato provisional,Trimestral,Q2
445,                   Adquisición neta de activos financieros,503.26247908,Millones - Dólares estadounidenses corrientes,2023,Dato provisional,Trimestral,Q3
445,                   Adquisición neta de activos financieros,309.02157829,Millones - Dólares estadounidenses corrientes,2023,Dato provisional,Trimestral,Q4
445,                   Adquisición neta de activos financieros,4511.8184548,Millones - Dólares estadounidenses corrientes,2024,Dato provisional,Anual,
445,                   Adquisición neta de activos financieros,1139.6254089,Millones - Dólares estadounidenses corrientes,2024,Dato provisional,Trimestral,Q1
445,                   Adquisición neta de activos financieros,1119.531198,Millones - Dólares estadounidenses corrientes,2024,Dato provisional,Trimestral,Q2
445,                   Adquisición neta de activos financieros,848.9284569,Millones - Dólares estadounidenses corrientes,2024,Dato provisional,Trimestral,Q3
445,                   Adquisición neta de activos financieros,1403.733391,Millones - Dólares estadounidenses corrientes,2024,Dato provisional,Trimestral,Q4
445,                   Adquisición neta de activos financieros,3240.11081514,Millones - Dólares estadounidenses corrientes,2025,Dato preliminar,Anual,
445,                   Adquisición neta de activos financieros,675.51599054,Millones - Dólares estadounidenses corrientes,2025,Dato preliminar,Trimestral,Q1
445,                   Adquisición neta de activos financieros,1549.0440072,Millones - Dólares estadounidenses corrientes,2025,Dato preliminar,Trimestral,Q2
445,                   Adquisición neta de activos financieros,1015.5508174,Millones - Dólares estadounidenses corrientes,2025,Dato preliminar,Trimestral,Q3
446,                        3.1.1 Participaciones de capital y participaciones en fondos de inversión,325.34652795,Millones - Dólares estadounidenses corrientes,2000,Dato revisado,Anual,
446,                        3.1.1 Participaciones de capital y participaciones en fondos de inversión,47.841983,Millones - Dólares estadounidenses corrientes,2000,Dato revisado,Trimestral,Q1
446,                        3.1.1 Participaciones de capital y participaciones en fondos de inversión,145.93469495,Millones - Dólares estadounidenses corrientes,2000,Dato revisado,Trimestral,Q2
446,                        3.1.1 Participaciones de capital y participaciones en fondos de inversión,6.273764,Millones - Dólares estadounidenses corrientes,2000,Dato revisado,Trimestral,Q3
446,                        3.1.1 Participaciones de capital y participaciones en fondos de inversión,125.296086,Millones - Dólares estadounidenses corrientes,2000,Dato revisado,Trimestral,Q4
446,                        3.1.1 Participaciones de capital y participaciones en fondos de inversión,16.1194509,Millones - Dólares estadounidenses corrientes,2001,Dato revisado,Anual,
446,                        3.1.1 Participaciones de capital y participaciones en fondos de inversión,36.497669,Millones - Dólares estadounidenses corrientes,2001,Dato revisado,Trimestral,Q1
446,                        3.1.1 Participaciones de capital y participaciones en fondos de inversión,62.9446898,Millones - Dólares estadounidenses corrientes,2001,Dato revisado,Trimestral,Q2
446,                        3.1.1 Participaciones de capital y participaciones en fondos de inversión,-227.4097839,Millones - Dólares estadounidenses corrientes,2001,Dato revisado,Trimestral,Q3
446,                        3.1.1 Participaciones de capital y participaciones en fondos de inversión,144.086876,Millones - Dólares estadounidenses corrientes,2001,Dato revisado,Trimestral,Q4
446,                        3.1.1 Participaciones de capital y participaciones en fondos de inversión,856.8257381,Millones - Dólares estadounidenses corrientes,2002,Dato revisado,Anual,
446,                        3.1.1 Participaciones de capital y participaciones en fondos de inversión,69.8926807,Millones - Dólares estadounidenses corrientes,2002,Dato revisado,Trimestral,Q1
446,                        3.1.1 Participaciones de capital y participaciones en fondos de inversión,42.0302112,Millones - Dólares estadounidenses corrientes,2002,Dato revisado,Trimestral,Q2
446,                        3.1.1 Participaciones de capital y participaciones en fondos de inversión,611.4957319,Millones - Dólares estadounidenses corrientes,2002,Dato revisado,Trimestral,Q3
446,                        3.1.1 Participaciones de capital y participaciones en fondos de inversión,133.4071143,Millones - Dólares estadounidenses corrientes,2002,Dato revisado,Trimestral,Q4
446,                        3.1.1 Participaciones de capital y participaciones en fondos de inversión,937.68715031,Millones - Dólares estadounidenses corrientes,2003,Dato revisado,Anual,
446,                        3.1.1 Participaciones de capital y participaciones en fondos de inversión,49.0605485,Millones - Dólares estadounidenses corrientes,2003,Dato revisado,Trimestral,Q1
446,                        3.1.1 Participaciones de capital y participaciones en fondos de inversión,34.98623574,Millones - Dólares estadounidenses corrientes,2003,Dato revisado,Trimestral,Q2
446,                        3.1.1 Participaciones de capital y participaciones en fondos de inversión,8.8701228,Millones - Dólares estadounidenses corrientes,2003,Dato revisado,Trimestral,Q3
446,                        3.1.1 Participaciones de capital y participaciones en fondos de inversión,844.77024327,Millones - Dólares estadounidenses corrientes,2003,Dato revisado,Trimestral,Q4
446,                        3.1.1 Participaciones de capital y participaciones en fondos de inversión,142.44908693,Millones - Dólares estadounidenses corrientes,2004,Dato revisado,Anual,
446,                        3.1.1 Participaciones de capital y participaciones en fondos de inversión,48.65631039,Millones - Dólares estadounidenses corrientes,2004,Dato revisado,Trimestral,Q1
446,                        3.1.1 Participaciones de capital y participaciones en fondos de inversión,22.08587387,Millones - Dólares estadounidenses corrientes,2004,Dato revisado,Trimestral,Q2
446,                        3.1.1 Participaciones de capital y participaciones en fondos de inversión,27.283067,Millones - Dólares estadounidenses corrientes,2004,Dato revisado,Trimestral,Q3
446,                        3.1.1 Participaciones de capital y participaciones en fondos de inversión,44.42383567,Millones - Dólares estadounidenses corrientes,2004,Dato revisado,Trimestral,Q4
446,                        3.1.1 Participaciones de capital y participaciones en fondos de inversión,4661.931444065,Millones - Dólares estadounidenses corrientes,2005,Dato revisado,Anual,
446,                        3.1.1 Participaciones de capital y participaciones en fondos de inversión,49.226760685,Millones - Dólares estadounidenses corrientes,2005,Dato revisado,Trimestral,Q1
446,                        3.1.1 Participaciones de capital y participaciones en fondos de inversión,25.674663785,Millones - Dólares estadounidenses corrientes,2005,Dato revisado,Trimestral,Q2
446,                        3.1.1 Participaciones de capital y participaciones en fondos de inversión,30.887353895,Millones - Dólares estadounidenses corrientes,2005,Dato revisado,Trimestral,Q3
446,                        3.1.1 Participaciones de capital y participaciones en fondos de inversión,4556.1426657,Millones - Dólares estadounidenses corrientes,2005,Dato revisado,Trimestral,Q4
446,                        3.1.1 Participaciones de capital y participaciones en fondos de inversión,1098.29670266,Millones - Dólares estadounidenses corrientes,2006,Dato revisado,Anual,
446,                        3.1.1 Participaciones de capital y participaciones en fondos de inversión,176.29524563,Millones - Dólares estadounidenses corrientes,2006,Dato revisado,Trimestral,Q1
446,                        3.1.1 Participaciones de capital y participaciones en fondos de inversión,367.68861108,Millones - Dólares estadounidenses corrientes,2006,Dato revisado,Trimestral,Q2
446,                        3.1.1 Participaciones de capital y participaciones en fondos de inversión,305.8155448,Millones - Dólares estadounidenses corrientes,2006,Dato revisado,Trimestral,Q3
446,                        3.1.1 Participaciones de capital y participaciones en fondos de inversión,248.49730115,Millones - Dólares estadounidenses corrientes,2006,Dato revisado,Trimestral,Q4
446,                        3.1.1 Participaciones de capital y participaciones en fondos de inversión,912.756390787,Millones - Dólares estadounidenses corrientes,2007,Dato revisado,Anual,
446,                        3.1.1 Participaciones de capital y participaciones en fondos de inversión,-159.8822101,Millones - Dólares estadounidenses corrientes,2007,Dato revisado,Trimestral,Q1
446,                        3.1.1 Participaciones de capital y participaciones en fondos de inversión,263.26841654,Millones - Dólares estadounidenses corrientes,2007,Dato revisado,Trimestral,Q2
446,                        3.1.1 Participaciones de capital y participaciones en fondos de inversión,94.272907887,Millones - Dólares estadounidenses corrientes,2007,Dato revisado,Trimestral,Q3
446,                        3.1.1 Participaciones de capital y participaciones en fondos de inversión,715.09727646,Millones - Dólares estadounidenses corrientes,2007,Dato revisado,Trimestral,Q4
446,                        3.1.1 Participaciones de capital y participaciones en fondos de inversión,2486.19436815,Millones - Dólares estadounidenses corrientes,2008,Dato revisado,Anual,
446,                        3.1.1 Participaciones de capital y participaciones en fondos de inversión,452.10954312,Millones - Dólares estadounidenses corrientes,2008,Dato revisado,Trimestral,Q1
446,                        3.1.1 Participaciones de capital y participaciones en fondos de inversión,521.39831463,Millones - Dólares estadounidenses corrientes,2008,Dato revisado,Trimestral,Q2
446,                        3.1.1 Participaciones de capital y participaciones en fondos de inversión,849.39904903,Millones - Dólares estadounidenses corrientes,2008,Dato revisado,Trimestral,Q3
446,                        3.1.1 Participaciones de capital y participaciones en fondos de inversión,663.28746137,Millones - Dólares estadounidenses corrientes,2008,Dato revisado,Trimestral,Q4
446,                        3.1.1 Participaciones de capital y participaciones en fondos de inversión,2807.13790297,Millones - Dólares estadounidenses corrientes,2009,Dato revisado,Anual,
446,                        3.1.1 Participaciones de capital y participaciones en fondos de inversión,1255.7720094,Millones - Dólares estadounidenses corrientes,2009,Dato revisado,Trimestral,Q1
446,                        3.1.1 Participaciones de capital y participaciones en fondos de inversión,1050.5071163,Millones - Dólares estadounidenses corrientes,2009,Dato revisado,Trimestral,Q2
446,                        3.1.1 Participaciones de capital y participaciones en fondos de inversión,-65.35847099,Millones - Dólares estadounidenses corrientes,2009,Dato revisado,Trimestral,Q3
446,                        3.1.1 Participaciones de capital y participaciones en fondos de inversión,566.21724826,Millones - Dólares estadounidenses corrientes,2009,Dato revisado,Trimestral,Q4
446,                        3.1.1 Participaciones de capital y participaciones en fondos de inversión,6892.82878173,Millones - Dólares estadounidenses corrientes,2010,Dato revisado,Anual,
446,                        3.1.1 Participaciones de capital y participaciones en fondos de inversión,174.06553061,Millones - Dólares estadounidenses corrientes,2010,Dato revisado,Trimestral,Q1
446,                        3.1.1 Participaciones de capital y participaciones en fondos de inversión,598.52439712,Millones - Dólares estadounidenses corrientes,2010,Dato revisado,Trimestral,Q2
446,                        3.1.1 Participaciones de capital y participaciones en fondos de inversión,4797.956282,Millones - Dólares estadounidenses corrientes,2010,Dato revisado,Trimestral,Q3
446,                        3.1.1 Participaciones de capital y participaciones en fondos de inversión,1322.282572,Millones - Dólares estadounidenses corrientes,2010,Dato revisado,Trimestral,Q4
446,                        3.1.1 Participaciones de capital y participaciones en fondos de inversión,7254.37546467,Millones - Dólares estadounidenses corrientes,2011,Dato revisado,Anual,
446,                        3.1.1 Participaciones de capital y participaciones en fondos de inversión,1507.2015147,Millones - Dólares estadounidenses corrientes,2011,Dato revisado,Trimestral,Q1
446,                        3.1.1 Participaciones de capital y participaciones en fondos de inversión,326.37985897,Millones - Dólares estadounidenses corrientes,2011,Dato revisado,Trimestral,Q2
446,                        3.1.1 Participaciones de capital y participaciones en fondos de inversión,2247.2301111,Millones - Dólares estadounidenses corrientes,2011,Dato revisado,Trimestral,Q3
446,                        3.1.1 Participaciones de capital y participaciones en fondos de inversión,3173.5639799,Millones - Dólares estadounidenses corrientes,2011,Dato revisado,Trimestral,Q4
446,                        3.1.1 Participaciones de capital y participaciones en fondos de inversión,-557.11209719,Millones - Dólares estadounidenses corrientes,2012,Dato revisado,Anual,
446,                        3.1.1 Participaciones de capital y participaciones en fondos de inversión,467.89171452,Millones - Dólares estadounidenses corrientes,2012,Dato revisado,Trimestral,Q1
446,                        3.1.1 Participaciones de capital y participaciones en fondos de inversión,353.02522467,Millones - Dólares estadounidenses corrientes,2012,Dato revisado,Trimestral,Q2
446,                        3.1.1 Participaciones de capital y participaciones en fondos de inversión,434.62697162,Millones - Dólares estadounidenses corrientes,2012,Dato revisado,Trimestral,Q3
446,                        3.1.1 Participaciones de capital y participaciones en fondos de inversión,-1812.656008,Millones - Dólares estadounidenses corrientes,2012,Dato revisado,Trimestral,Q4
446,                        3.1.1 Participaciones de capital y participaciones en fondos de inversión,7468.16419566,Millones - Dólares estadounidenses corrientes,2013,Dato revisado,Anual,
446,                        3.1.1 Participaciones de capital y participaciones en fondos de inversión,871.26786242,Millones - Dólares estadounidenses corrientes,2013,Dato revisado,Trimestral,Q1
446,                        3.1.1 Participaciones de capital y participaciones en fondos de inversión,813.59473374,Millones - Dólares estadounidenses corrientes,2013,Dato revisado,Trimestral,Q2
446,                        3.1.1 Participaciones de capital y participaciones en fondos de inversión,1755.2782415,Millones - Dólares estadounidenses corrientes,2013,Dato revisado,Trimestral,Q3
446,                        3.1.1 Participaciones de capital y participaciones en fondos de inversión,4028.023358,Millones - Dólares estadounidenses corrientes,2013,Dato revisado,Trimestral,Q4
446,                        3.1.1 Participaciones de capital y participaciones en fondos de inversión,2935.4515341,Millones - Dólares estadounidenses corrientes,2014,Dato revisado,Anual,
446,                        3.1.1 Participaciones de capital y participaciones en fondos de inversión,861.6260665,Millones - Dólares estadounidenses corrientes,2014,Dato revisado,Trimestral,Q1
446,                        3.1.1 Participaciones de capital y participaciones en fondos de inversión,1317.1710485,Millones - Dólares estadounidenses corrientes,2014,Dato revisado,Trimestral,Q2
446,                        3.1.1 Participaciones de capital y participaciones en fondos de inversión,27.90105537,Millones - Dólares estadounidenses corrientes,2014,Dato revisado,Trimestral,Q3
446,                        3.1.1 Participaciones de capital y participaciones en fondos de inversión,728.75336373,Millones - Dólares estadounidenses corrientes,2014,Dato revisado,Trimestral,Q4
446,                        3.1.1 Participaciones de capital y participaciones en fondos de inversión,5282.63643602,Millones - Dólares estadounidenses corrientes,2015,Dato revisado,Anual,
446,                        3.1.1 Participaciones de capital y participaciones en fondos de inversión,1193.0348936,Millones - Dólares estadounidenses corrientes,2015,Dato revisado,Trimestral,Q1
446,                        3.1.1 Participaciones de capital y participaciones en fondos de inversión,632.80796812,Millones - Dólares estadounidenses corrientes,2015,Dato revisado,Trimestral,Q2
446,                        3.1.1 Participaciones de capital y participaciones en fondos de inversión,2444.9561581,Millones - Dólares estadounidenses corrientes,2015,Dato revisado,Trimestral,Q3
446,                        3.1.1 Participaciones de capital y participaciones en fondos de inversión,1011.8374162,Millones - Dólares estadounidenses corrientes,2015,Dato revisado,Trimestral,Q4
446,                        3.1.1 Participaciones de capital y participaciones en fondos de inversión,4975.49123186,Millones - Dólares estadounidenses corrientes,2016,Dato revisado,Anual,
446,                        3.1.1 Participaciones de capital y participaciones en fondos de inversión,954.42545785,Millones - Dólares estadounidenses corrientes,2016,Dato revisado,Trimestral,Q1
446,                        3.1.1 Participaciones de capital y participaciones en fondos de inversión,1342.1397048,Millones - Dólares estadounidenses corrientes,2016,Dato revisado,Trimestral,Q2
446,                        3.1.1 Participaciones de capital y participaciones en fondos de inversión,714.38431531,Millones - Dólares estadounidenses corrientes,2016,Dato revisado,Trimestral,Q3
446,                        3.1.1 Participaciones de capital y participaciones en fondos de inversión,1964.5417539,Millones - Dólares estadounidenses corrientes,2016,Dato revisado,Trimestral,Q4
446,                        3.1.1 Participaciones de capital y participaciones en fondos de inversión,3385.89749213,Millones - Dólares estadounidenses corrientes,2017,Dato revisado,Anual,
446,                        3.1.1 Participaciones de capital y participaciones en fondos de inversión,699.71544836,Millones - Dólares estadounidenses corrientes,2017,Dato revisado,Trimestral,Q1
446,                        3.1.1 Participaciones de capital y participaciones en fondos de inversión,1288.4613159,Millones - Dólares estadounidenses corrientes,2017,Dato revisado,Trimestral,Q2
446,                        3.1.1 Participaciones de capital y participaciones en fondos de inversión,697.88809393,Millones - Dólares estadounidenses corrientes,2017,Dato revisado,Trimestral,Q3
446,                        3.1.1 Participaciones de capital y participaciones en fondos de inversión,699.83263394,Millones - Dólares estadounidenses corrientes,2017,Dato revisado,Trimestral,Q4
446,                        3.1.1 Participaciones de capital y participaciones en fondos de inversión,3655.60615235,Millones - Dólares estadounidenses corrientes,2018,Dato revisado,Anual,
446,                        3.1.1 Participaciones de capital y participaciones en fondos de inversión,745.98636796,Millones - Dólares estadounidenses corrientes,2018,Dato revisado,Trimestral,Q1
446,                        3.1.1 Participaciones de capital y participaciones en fondos de inversión,544.89761531,Millones - Dólares estadounidenses corrientes,2018,Dato revisado,Trimestral,Q2
446,                        3.1.1 Participaciones de capital y participaciones en fondos de inversión,708.28288208,Millones - Dólares estadounidenses corrientes,2018,Dato revisado,Trimestral,Q3
446,                        3.1.1 Participaciones de capital y participaciones en fondos de inversión,1656.439287,Millones - Dólares estadounidenses corrientes,2018,Dato revisado,Trimestral,Q4
446,                        3.1.1 Participaciones de capital y participaciones en fondos de inversión,3300.64269558,Millones - Dólares estadounidenses corrientes,2019,Dato revisado,Anual,
446,                        3.1.1 Participaciones de capital y participaciones en fondos de inversión,822.7998821,Millones - Dólares estadounidenses corrientes,2019,Dato revisado,Trimestral,Q1
446,                        3.1.1 Participaciones de capital y participaciones en fondos de inversión,758.35504256,Millones - Dólares estadounidenses corrientes,2019,Dato revisado,Trimestral,Q2
446,                        3.1.1 Participaciones de capital y participaciones en fondos de inversión,1124.3874433,Millones - Dólares estadounidenses corrientes,2019,Dato revisado,Trimestral,Q3
446,                        3.1.1 Participaciones de capital y participaciones en fondos de inversión,595.10032762,Millones - Dólares estadounidenses corrientes,2019,Dato revisado,Trimestral,Q4
446,                        3.1.1 Participaciones de capital y participaciones en fondos de inversión,2753.81941039,Millones - Dólares estadounidenses corrientes,2020,Dato revisado,Anual,
446,                        3.1.1 Participaciones de capital y participaciones en fondos de inversión,1402.8391879,Millones - Dólares estadounidenses corrientes,2020,Dato revisado,Trimestral,Q1
446,                        3.1.1 Participaciones de capital y participaciones en fondos de inversión,383.32823816,Millones - Dólares estadounidenses corrientes,2020,Dato revisado,Trimestral,Q2
446,                        3.1.1 Participaciones de capital y participaciones en fondos de inversión,448.88631235,Millones - Dólares estadounidenses corrientes,2020,Dato revisado,Trimestral,Q3
446,                        3.1.1 Participaciones de capital y participaciones en fondos de inversión,518.76567198,Millones - Dólares estadounidenses corrientes,2020,Dato revisado,Trimestral,Q4
446,                        3.1.1 Participaciones de capital y participaciones en fondos de inversión,2924.0146046,Millones - Dólares estadounidenses corrientes,2021,Dato revisado,Anual,
446,                        3.1.1 Participaciones de capital y participaciones en fondos de inversión,749.75778523,Millones - Dólares estadounidenses corrientes,2021,Dato revisado,Trimestral,Q1
446,                        3.1.1 Participaciones de capital y participaciones en fondos de inversión,758.80901075,Millones - Dólares estadounidenses corrientes,2021,Dato revisado,Trimestral,Q2
446,                        3.1.1 Participaciones de capital y participaciones en fondos de inversión,612.87866037,Millones - Dólares estadounidenses corrientes,2021,Dato revisado,Trimestral,Q3
446,                        3.1.1 Participaciones de capital y participaciones en fondos de inversión,802.56914825,Millones - Dólares estadounidenses corrientes,2021,Dato revisado,Trimestral,Q4
446,                        3.1.1 Participaciones de capital y participaciones en fondos de inversión,2840.43350669,Millones - Dólares estadounidenses corrientes,2022,Dato revisado,Anual,
446,                        3.1.1 Participaciones de capital y participaciones en fondos de inversión,837.3492126,Millones - Dólares estadounidenses corrientes,2022,Dato revisado,Trimestral,Q1
446,                        3.1.1 Participaciones de capital y participaciones en fondos de inversión,750.24636673,Millones - Dólares estadounidenses corrientes,2022,Dato revisado,Trimestral,Q2
446,                        3.1.1 Participaciones de capital y participaciones en fondos de inversión,117.07925976,Millones - Dólares estadounidenses corrientes,2022,Dato revisado,Trimestral,Q3
446,                        3.1.1 Participaciones de capital y participaciones en fondos de inversión,1135.7586676,Millones - Dólares estadounidenses corrientes,2022,Dato revisado,Trimestral,Q4
446,                        3.1.1 Participaciones de capital y participaciones en fondos de inversión,1703.96594938,Millones - Dólares estadounidenses corrientes,2023,Dato provisional,Anual,
446,                        3.1.1 Participaciones de capital y participaciones en fondos de inversión,524.18852706,Millones - Dólares estadounidenses corrientes,2023,Dato provisional,Trimestral,Q1
446,                        3.1.1 Participaciones de capital y participaciones en fondos de inversión,409.58243166,Millones - Dólares estadounidenses corrientes,2023,Dato provisional,Trimestral,Q2
446,                        3.1.1 Participaciones de capital y participaciones en fondos de inversión,325.24019907,Millones - Dólares estadounidenses corrientes,2023,Dato provisional,Trimestral,Q3
446,                        3.1.1 Participaciones de capital y participaciones en fondos de inversión,444.95479159,Millones - Dólares estadounidenses corrientes,2023,Dato provisional,Trimestral,Q4
446,                        3.1.1 Participaciones de capital y participaciones en fondos de inversión,4302.42316434,Millones - Dólares estadounidenses corrientes,2024,Dato provisional,Anual,
446,                        3.1.1 Participaciones de capital y participaciones en fondos de inversión,970.75292293,Millones - Dólares estadounidenses corrientes,2024,Dato provisional,Trimestral,Q1
446,                        3.1.1 Participaciones de capital y participaciones en fondos de inversión,991.03439293,Millones - Dólares estadounidenses corrientes,2024,Dato provisional,Trimestral,Q2
446,                        3.1.1 Participaciones de capital y participaciones en fondos de inversión,736.86592858,Millones - Dólares estadounidenses corrientes,2024,Dato provisional,Trimestral,Q3
446,                        3.1.1 Participaciones de capital y participaciones en fondos de inversión,1603.7699199,Millones - Dólares estadounidenses corrientes,2024,Dato provisional,Trimestral,Q4
446,                        3.1.1 Participaciones de capital y participaciones en fondos de inversión,2703.30176827,Millones - Dólares estadounidenses corrientes,2025,Dato preliminar,Anual,
446,                        3.1.1 Participaciones de capital y participaciones en fondos de inversión,659.88153475,Millones - Dólares estadounidenses corrientes,2025,Dato preliminar,Trimestral,Q1
446,                        3.1.1 Participaciones de capital y participaciones en fondos de inversión,1127.9849315,Millones - Dólares estadounidenses corrientes,2025,Dato preliminar,Trimestral,Q2
446,                        3.1.1 Participaciones de capital y participaciones en fondos de inversión,915.43530202,Millones - Dólares estadounidenses corrientes,2025,Dato preliminar,Trimestral,Q3
457,                        3.1.2 Instrumentos de deuda,0,Millones - Dólares estadounidenses corrientes,2000,Dato revisado,Anual,
457,                        3.1.2 Instrumentos de deuda,0,Millones - Dólares estadounidenses corrientes,2000,Dato revisado,Trimestral,Q1
457,                        3.1.2 Instrumentos de deuda,0,Millones - Dólares estadounidenses corrientes,2000,Dato revisado,Trimestral,Q2
457,                        3.1.2 Instrumentos de deuda,0,Millones - Dólares estadounidenses corrientes,2000,Dato revisado,Trimestral,Q3
457,                        3.1.2 Instrumentos de deuda,0,Millones - Dólares estadounidenses corrientes,2000,Dato revisado,Trimestral,Q4
457,                        3.1.2 Instrumentos de deuda,0,Millones - Dólares estadounidenses corrientes,2001,Dato revisado,Anual,
457,                        3.1.2 Instrumentos de deuda,0,Millones - Dólares estadounidenses corrientes,2001,Dato revisado,Trimestral,Q1
457,                        3.1.2 Instrumentos de deuda,0,Millones - Dólares estadounidenses corrientes,2001,Dato revisado,Trimestral,Q2
457,                        3.1.2 Instrumentos de deuda,0,Millones - Dólares estadounidenses corrientes,2001,Dato revisado,Trimestral,Q3
457,                        3.1.2 Instrumentos de deuda,0,Millones - Dólares estadounidenses corrientes,2001,Dato revisado,Trimestral,Q4
457,                        3.1.2 Instrumentos de deuda,0,Millones - Dólares estadounidenses corrientes,2002,Dato revisado,Anual,
457,                        3.1.2 Instrumentos de deuda,0,Millones - Dólares estadounidenses corrientes,2002,Dato revisado,Trimestral,Q1
457,                        3.1.2 Instrumentos de deuda,0,Millones - Dólares estadounidenses corrientes,2002,Dato revisado,Trimestral,Q2
457,                        3.1.2 Instrumentos de deuda,0,Millones - Dólares estadounidenses corrientes,2002,Dato revisado,Trimestral,Q3
457,                        3.1.2 Instrumentos de deuda,0,Millones - Dólares estadounidenses corrientes,2002,Dato revisado,Trimestral,Q4
457,                        3.1.2 Instrumentos de deuda,0,Millones - Dólares estadounidenses corrientes,2003,Dato revisado,Anual,
457,                        3.1.2 Instrumentos de deuda,0,Millones - Dólares estadounidenses corrientes,2003,Dato revisado,Trimestral,Q1
457,                        3.1.2 Instrumentos de deuda,0,Millones - Dólares estadounidenses corrientes,2003,Dato revisado,Trimestral,Q2
457,                        3.1.2 Instrumentos de deuda,0,Millones - Dólares estadounidenses corrientes,2003,Dato revisado,Trimestral,Q3
457,                        3.1.2 Instrumentos de deuda,0,Millones - Dólares estadounidenses corrientes,2003,Dato revisado,Trimestral,Q4
457,                        3.1.2 Instrumentos de deuda,50,Millones - Dólares estadounidenses corrientes,2004,Dato revisado,Anual,
457,                        3.1.2 Instrumentos de deuda,0,Millones - Dólares estadounidenses corrientes,2004,Dato revisado,Trimestral,Q1
457,                        3.1.2 Instrumentos de deuda,0,Millones - Dólares estadounidenses corrientes,2004,Dato revisado,Trimestral,Q2
457,                        3.1.2 Instrumentos de deuda,0,Millones - Dólares estadounidenses corrientes,2004,Dato revisado,Trimestral,Q3
457,                        3.1.2 Instrumentos de deuda,50,Millones - Dólares estadounidenses corrientes,2004,Dato revisado,Trimestral,Q4
457,                        3.1.2 Instrumentos de deuda,133.58,Millones - Dólares estadounidenses corrientes,2005,Dato revisado,Anual,
457,                        3.1.2 Instrumentos de deuda,-22.98,Millones - Dólares estadounidenses corrientes,2005,Dato revisado,Trimestral,Q1
457,                        3.1.2 Instrumentos de deuda,-18.54,Millones - Dólares estadounidenses corrientes,2005,Dato revisado,Trimestral,Q2
457,                        3.1.2 Instrumentos de deuda,36.32,Millones - Dólares estadounidenses corrientes,2005,Dato revisado,Trimestral,Q3
457,                        3.1.2 Instrumentos de deuda,138.78,Millones - Dólares estadounidenses corrientes,2005,Dato revisado,Trimestral,Q4
457,                        3.1.2 Instrumentos de deuda,169.46,Millones - Dólares estadounidenses corrientes,2006,Dato revisado,Anual,
457,                        3.1.2 Instrumentos de deuda,74.31,Millones - Dólares estadounidenses corrientes,2006,Dato revisado,Trimestral,Q1
457,                        3.1.2 Instrumentos de deuda,-67.27,Millones - Dólares estadounidenses corrientes,2006,Dato revisado,Trimestral,Q2
457,                        3.1.2 Instrumentos de deuda,457.74,Millones - Dólares estadounidenses corrientes,2006,Dato revisado,Trimestral,Q3
457,                        3.1.2 Instrumentos de deuda,-295.32,Millones - Dólares estadounidenses corrientes,2006,Dato revisado,Trimestral,Q4
457,                        3.1.2 Instrumentos de deuda,366.04,Millones - Dólares estadounidenses corrientes,2007,Dato revisado,Anual,
457,                        3.1.2 Instrumentos de deuda,-136.88,Millones - Dólares estadounidenses corrientes,2007,Dato revisado,Trimestral,Q1
457,                        3.1.2 Instrumentos de deuda,-95.83,Millones - Dólares estadounidenses corrientes,2007,Dato revisado,Trimestral,Q2
457,                        3.1.2 Instrumentos de deuda,254.2,Millones - Dólares estadounidenses corrientes,2007,Dato revisado,Trimestral,Q3
457,                        3.1.2 Instrumentos de deuda,344.55,Millones - Dólares estadounidenses corrientes,2007,Dato revisado,Trimestral,Q4
457,                        3.1.2 Instrumentos de deuda,598.93,Millones - Dólares estadounidenses corrientes,2008,Dato revisado,Anual,
457,                        3.1.2 Instrumentos de deuda,143.05,Millones - Dólares estadounidenses corrientes,2008,Dato revisado,Trimestral,Q1
457,                        3.1.2 Instrumentos de deuda,253.63,Millones - Dólares estadounidenses corrientes,2008,Dato revisado,Trimestral,Q2
457,                        3.1.2 Instrumentos de deuda,183.65,Millones - Dólares estadounidenses corrientes,2008,Dato revisado,Trimestral,Q3
457,                        3.1.2 Instrumentos de deuda,18.6,Millones - Dólares estadounidenses corrientes,2008,Dato revisado,Trimestral,Q4
457,                        3.1.2 Instrumentos de deuda,697.52,Millones - Dólares estadounidenses corrientes,2009,Dato revisado,Anual,
457,                        3.1.2 Instrumentos de deuda,206.16,Millones - Dólares estadounidenses corrientes,2009,Dato revisado,Trimestral,Q1
457,                        3.1.2 Instrumentos de deuda,-175,Millones - Dólares estadounidenses corrientes,2009,Dato revisado,Trimestral,Q2
457,                        3.1.2 Instrumentos de deuda,36.29,Millones - Dólares estadounidenses corrientes,2009,Dato revisado,Trimestral,Q3
457,                        3.1.2 Instrumentos de deuda,630.07,Millones - Dólares estadounidenses corrientes,2009,Dato revisado,Trimestral,Q4
457,                        3.1.2 Instrumentos de deuda,-1410.17,Millones - Dólares estadounidenses corrientes,2010,Dato revisado,Anual,
457,                        3.1.2 Instrumentos de deuda,172.35,Millones - Dólares estadounidenses corrientes,2010,Dato revisado,Trimestral,Q1
457,                        3.1.2 Instrumentos de deuda,69.18,Millones - Dólares estadounidenses corrientes,2010,Dato revisado,Trimestral,Q2
457,                        3.1.2 Instrumentos de deuda,-128.81,Millones - Dólares estadounidenses corrientes,2010,Dato revisado,Trimestral,Q3
457,                        3.1.2 Instrumentos de deuda,-1522.89,Millones - Dólares estadounidenses corrientes,2010,Dato revisado,Trimestral,Q4
457,                        3.1.2 Instrumentos de deuda,1165.45,Millones - Dólares estadounidenses corrientes,2011,Dato revisado,Anual,
457,                        3.1.2 Instrumentos de deuda,5.18,Millones - Dólares estadounidenses corrientes,2011,Dato revisado,Trimestral,Q1
457,                        3.1.2 Instrumentos de deuda,85.73,Millones - Dólares estadounidenses corrientes,2011,Dato revisado,Trimestral,Q2
457,                        3.1.2 Instrumentos de deuda,437.5,Millones - Dólares estadounidenses corrientes,2011,Dato revisado,Trimestral,Q3
457,                        3.1.2 Instrumentos de deuda,637.04,Millones - Dólares estadounidenses corrientes,2011,Dato revisado,Trimestral,Q4
457,                        3.1.2 Instrumentos de deuda,-49.08999591,Millones - Dólares estadounidenses corrientes,2012,Dato revisado,Anual,
457,                        3.1.2 Instrumentos de deuda,-508.8563131,Millones - Dólares estadounidenses corrientes,2012,Dato revisado,Trimestral,Q1
457,                        3.1.2 Instrumentos de deuda,64.23923474,Millones - Dólares estadounidenses corrientes,2012,Dato revisado,Trimestral,Q2
457,                        3.1.2 Instrumentos de deuda,-249.4939451,Millones - Dólares estadounidenses corrientes,2012,Dato revisado,Trimestral,Q3
457,                        3.1.2 Instrumentos de deuda,645.02102755,Millones - Dólares estadounidenses corrientes,2012,Dato revisado,Trimestral,Q4
457,                        3.1.2 Instrumentos de deuda,183.91640742,Millones - Dólares estadounidenses corrientes,2013,Dato revisado,Anual,
457,                        3.1.2 Instrumentos de deuda,-482.6581192,Millones - Dólares estadounidenses corrientes,2013,Dato revisado,Trimestral,Q1
457,                        3.1.2 Instrumentos de deuda,238.93032423,Millones - Dólares estadounidenses corrientes,2013,Dato revisado,Trimestral,Q2
457,                        3.1.2 Instrumentos de deuda,199.0357836,Millones - Dólares estadounidenses corrientes,2013,Dato revisado,Trimestral,Q3
457,                        3.1.2 Instrumentos de deuda,228.60841879,Millones - Dólares estadounidenses corrientes,2013,Dato revisado,Trimestral,Q4
457,                        3.1.2 Instrumentos de deuda,963.49,Millones - Dólares estadounidenses corrientes,2014,Dato revisado,Anual,
457,                        3.1.2 Instrumentos de deuda,33.27,Millones - Dólares estadounidenses corrientes,2014,Dato revisado,Trimestral,Q1
457,                        3.1.2 Instrumentos de deuda,158.71,Millones - Dólares estadounidenses corrientes,2014,Dato revisado,Trimestral,Q2
457,                        3.1.2 Instrumentos de deuda,-29.79,Millones - Dólares estadounidenses corrientes,2014,Dato revisado,Trimestral,Q3
457,                        3.1.2 Instrumentos de deuda,801.3,Millones - Dólares estadounidenses corrientes,2014,Dato revisado,Trimestral,Q4
457,                        3.1.2 Instrumentos de deuda,-1064.9,Millones - Dólares estadounidenses corrientes,2015,Dato revisado,Anual,
457,                        3.1.2 Instrumentos de deuda,-958,Millones - Dólares estadounidenses corrientes,2015,Dato revisado,Trimestral,Q1
457,                        3.1.2 Instrumentos de deuda,513,Millones - Dólares estadounidenses corrientes,2015,Dato revisado,Trimestral,Q2
457,                        3.1.2 Instrumentos de deuda,-447.9,Millones - Dólares estadounidenses corrientes,2015,Dato revisado,Trimestral,Q3
457,                        3.1.2 Instrumentos de deuda,-172,Millones - Dólares estadounidenses corrientes,2015,Dato revisado,Trimestral,Q4
457,                        3.1.2 Instrumentos de deuda,-458.13931182,Millones - Dólares estadounidenses corrientes,2016,Dato revisado,Anual,
457,                        3.1.2 Instrumentos de deuda,57.4187989,Millones - Dólares estadounidenses corrientes,2016,Dato revisado,Trimestral,Q1
457,                        3.1.2 Instrumentos de deuda,-429.437954,Millones - Dólares estadounidenses corrientes,2016,Dato revisado,Trimestral,Q2
457,                        3.1.2 Instrumentos de deuda,-37.53103769,Millones - Dólares estadounidenses corrientes,2016,Dato revisado,Trimestral,Q3
457,                        3.1.2 Instrumentos de deuda,-48.58911903,Millones - Dólares estadounidenses corrientes,2016,Dato revisado,Trimestral,Q4
457,                        3.1.2 Instrumentos de deuda,303.66658242,Millones - Dólares estadounidenses corrientes,2017,Dato revisado,Anual,
457,                        3.1.2 Instrumentos de deuda,16.7353203,Millones - Dólares estadounidenses corrientes,2017,Dato revisado,Trimestral,Q1
457,                        3.1.2 Instrumentos de deuda,-13.69672984,Millones - Dólares estadounidenses corrientes,2017,Dato revisado,Trimestral,Q2
457,                        3.1.2 Instrumentos de deuda,146.68811055,Millones - Dólares estadounidenses corrientes,2017,Dato revisado,Trimestral,Q3
457,                        3.1.2 Instrumentos de deuda,153.93988141,Millones - Dólares estadounidenses corrientes,2017,Dato revisado,Trimestral,Q4
457,                        3.1.2 Instrumentos de deuda,1470.71156862,Millones - Dólares estadounidenses corrientes,2018,Dato revisado,Anual,
457,                        3.1.2 Instrumentos de deuda,325.98991731,Millones - Dólares estadounidenses corrientes,2018,Dato revisado,Trimestral,Q1
457,                        3.1.2 Instrumentos de deuda,955.45757614,Millones - Dólares estadounidenses corrientes,2018,Dato revisado,Trimestral,Q2
457,                        3.1.2 Instrumentos de deuda,-378.5856441,Millones - Dólares estadounidenses corrientes,2018,Dato revisado,Trimestral,Q3
457,                        3.1.2 Instrumentos de deuda,567.84971927,Millones - Dólares estadounidenses corrientes,2018,Dato revisado,Trimestral,Q4
457,                        3.1.2 Instrumentos de deuda,-147.14620693,Millones - Dólares estadounidenses corrientes,2019,Dato revisado,Anual,
457,                        3.1.2 Instrumentos de deuda,-81.40537773,Millones - Dólares estadounidenses corrientes,2019,Dato revisado,Trimestral,Q1
457,                        3.1.2 Instrumentos de deuda,-293.7950017,Millones - Dólares estadounidenses corrientes,2019,Dato revisado,Trimestral,Q2
457,                        3.1.2 Instrumentos de deuda,361.0107116,Millones - Dólares estadounidenses corrientes,2019,Dato revisado,Trimestral,Q3
457,                        3.1.2 Instrumentos de deuda,-132.9565391,Millones - Dólares estadounidenses corrientes,2019,Dato revisado,Trimestral,Q4
457,                        3.1.2 Instrumentos de deuda,-1020.37078761,Millones - Dólares estadounidenses corrientes,2020,Dato revisado,Anual,
457,                        3.1.2 Instrumentos de deuda,-152.3358207,Millones - Dólares estadounidenses corrientes,2020,Dato revisado,Trimestral,Q1
457,                        3.1.2 Instrumentos de deuda,-736.7814219,Millones - Dólares estadounidenses corrientes,2020,Dato revisado,Trimestral,Q2
457,                        3.1.2 Instrumentos de deuda,136.68659719,Millones - Dólares estadounidenses corrientes,2020,Dato revisado,Trimestral,Q3
457,                        3.1.2 Instrumentos de deuda,-267.9401422,Millones - Dólares estadounidenses corrientes,2020,Dato revisado,Trimestral,Q4
457,                        3.1.2 Instrumentos de deuda,256.79916912,Millones - Dólares estadounidenses corrientes,2021,Dato revisado,Anual,
457,                        3.1.2 Instrumentos de deuda,118.95088887,Millones - Dólares estadounidenses corrientes,2021,Dato revisado,Trimestral,Q1
457,                        3.1.2 Instrumentos de deuda,225.59760079,Millones - Dólares estadounidenses corrientes,2021,Dato revisado,Trimestral,Q2
457,                        3.1.2 Instrumentos de deuda,-433.7773046,Millones - Dólares estadounidenses corrientes,2021,Dato revisado,Trimestral,Q3
457,                        3.1.2 Instrumentos de deuda,346.02798406,Millones - Dólares estadounidenses corrientes,2021,Dato revisado,Trimestral,Q4
457,                        3.1.2 Instrumentos de deuda,543.07136643,Millones - Dólares estadounidenses corrientes,2022,Dato revisado,Anual,
457,                        3.1.2 Instrumentos de deuda,446.56624918,Millones - Dólares estadounidenses corrientes,2022,Dato revisado,Trimestral,Q1
457,                        3.1.2 Instrumentos de deuda,631.76721074,Millones - Dólares estadounidenses corrientes,2022,Dato revisado,Trimestral,Q2
457,                        3.1.2 Instrumentos de deuda,37.22778811,Millones - Dólares estadounidenses corrientes,2022,Dato revisado,Trimestral,Q3
457,                        3.1.2 Instrumentos de deuda,-572.4898816,Millones - Dólares estadounidenses corrientes,2022,Dato revisado,Trimestral,Q4
457,                        3.1.2 Instrumentos de deuda,-435.16924112,Millones - Dólares estadounidenses corrientes,2023,Dato provisional,Anual,
457,                        3.1.2 Instrumentos de deuda,39.30142547,Millones - Dólares estadounidenses corrientes,2023,Dato provisional,Trimestral,Q1
457,                        3.1.2 Instrumentos de deuda,-516.5597333,Millones - Dólares estadounidenses corrientes,2023,Dato provisional,Trimestral,Q2
457,                        3.1.2 Instrumentos de deuda,178.02228001,Millones - Dólares estadounidenses corrientes,2023,Dato provisional,Trimestral,Q3
457,                        3.1.2 Instrumentos de deuda,-135.9332133,Millones - Dólares estadounidenses corrientes,2023,Dato provisional,Trimestral,Q4
457,                        3.1.2 Instrumentos de deuda,209.39529045,Millones - Dólares estadounidenses corrientes,2024,Dato provisional,Anual,
457,                        3.1.2 Instrumentos de deuda,168.87248593,Millones - Dólares estadounidenses corrientes,2024,Dato provisional,Trimestral,Q1
457,                        3.1.2 Instrumentos de deuda,128.4968051,Millones - Dólares estadounidenses corrientes,2024,Dato provisional,Trimestral,Q2
457,                        3.1.2 Instrumentos de deuda,112.06252832,Millones - Dólares estadounidenses corrientes,2024,Dato provisional,Trimestral,Q3
457,                        3.1.2 Instrumentos de deuda,-200.0365289,Millones - Dólares estadounidenses corrientes,2024,Dato provisional,Trimestral,Q4
457,                        3.1.2 Instrumentos de deuda,536.80904685,Millones - Dólares estadounidenses corrientes,2025,Dato preliminar,Anual,
457,                        3.1.2 Instrumentos de deuda,15.63445579,Millones - Dólares estadounidenses corrientes,2025,Dato preliminar,Trimestral,Q1
457,                        3.1.2 Instrumentos de deuda,421.05907565,Millones - Dólares estadounidenses corrientes,2025,Dato preliminar,Trimestral,Q2
457,                        3.1.2 Instrumentos de deuda,100.11551541,Millones - Dólares estadounidenses corrientes,2025,Dato preliminar,Trimestral,Q3
471,                   Pasivos netos incurridos,2436.45992343,Millones - Dólares estadounidenses corrientes,2000,Dato revisado,Anual,
471,                   Pasivos netos incurridos,387.789895,Millones - Dólares estadounidenses corrientes,2000,Dato revisado,Trimestral,Q1
471,                   Pasivos netos incurridos,601.35677422,Millones - Dólares estadounidenses corrientes,2000,Dato revisado,Trimestral,Q2
471,                   Pasivos netos incurridos,773.07893879,Millones - Dólares estadounidenses corrientes,2000,Dato revisado,Trimestral,Q3
471,                   Pasivos netos incurridos,674.23431542,Millones - Dólares estadounidenses corrientes,2000,Dato revisado,Trimestral,Q4
471,                   Pasivos netos incurridos,2541.9426122,Millones - Dólares estadounidenses corrientes,2001,Dato revisado,Anual,
471,                   Pasivos netos incurridos,554.41536412,Millones - Dólares estadounidenses corrientes,2001,Dato revisado,Trimestral,Q1
471,                   Pasivos netos incurridos,1041.737465,Millones - Dólares estadounidenses corrientes,2001,Dato revisado,Trimestral,Q2
471,                   Pasivos netos incurridos,234.01153012,Millones - Dólares estadounidenses corrientes,2001,Dato revisado,Trimestral,Q3
471,                   Pasivos netos incurridos,711.77825296,Millones - Dólares estadounidenses corrientes,2001,Dato revisado,Trimestral,Q4
471,                   Pasivos netos incurridos,2133.69812416,Millones - Dólares estadounidenses corrientes,2002,Dato revisado,Anual,
471,                   Pasivos netos incurridos,909.01458989,Millones - Dólares estadounidenses corrientes,2002,Dato revisado,Trimestral,Q1
471,                   Pasivos netos incurridos,601.66553231,Millones - Dólares estadounidenses corrientes,2002,Dato revisado,Trimestral,Q2
471,                   Pasivos netos incurridos,197.16712094,Millones - Dólares estadounidenses corrientes,2002,Dato revisado,Trimestral,Q3
471,                   Pasivos netos incurridos,425.85088102,Millones - Dólares estadounidenses corrientes,2002,Dato revisado,Trimestral,Q4
471,                   Pasivos netos incurridos,1720.4934555,Millones - Dólares estadounidenses corrientes,2003,Dato revisado,Anual,
471,                   Pasivos netos incurridos,319.18385675,Millones - Dólares estadounidenses corrientes,2003,Dato revisado,Trimestral,Q1
471,                   Pasivos netos incurridos,519.945702,Millones - Dólares estadounidenses corrientes,2003,Dato revisado,Trimestral,Q2
471,                   Pasivos netos incurridos,540.98071781,Millones - Dólares estadounidenses corrientes,2003,Dato revisado,Trimestral,Q3
471,                   Pasivos netos incurridos,340.38317894,Millones - Dólares estadounidenses corrientes,2003,Dato revisado,Trimestral,Q4
471,                   Pasivos netos incurridos,3115.63587352,Millones - Dólares estadounidenses corrientes,2004,Dato revisado,Anual,
471,                   Pasivos netos incurridos,681.63198414,Millones - Dólares estadounidenses corrientes,2004,Dato revisado,Trimestral,Q1
471,                   Pasivos netos incurridos,747.51522455,Millones - Dólares estadounidenses corrientes,2004,Dato revisado,Trimestral,Q2
471,                   Pasivos netos incurridos,885.5052223,Millones - Dólares estadounidenses corrientes,2004,Dato revisado,Trimestral,Q3
471,                   Pasivos netos incurridos,800.98344253,Millones - Dólares estadounidenses corrientes,2004,Dato revisado,Trimestral,Q4
471,                   Pasivos netos incurridos,10235.4173151,Millones - Dólares estadounidenses corrientes,2005,Dato revisado,Anual,
471,                   Pasivos netos incurridos,880.21900672,Millones - Dólares estadounidenses corrientes,2005,Dato revisado,Trimestral,Q1
471,                   Pasivos netos incurridos,1600.1770486,Millones - Dólares estadounidenses corrientes,2005,Dato revisado,Trimestral,Q2
471,                   Pasivos netos incurridos,978.79793178,Millones - Dólares estadounidenses corrientes,2005,Dato revisado,Trimestral,Q3
471,                   Pasivos netos incurridos,6776.223328,Millones - Dólares estadounidenses corrientes,2005,Dato revisado,Trimestral,Q4
471,                   Pasivos netos incurridos,6750.6253111,Millones - Dólares estadounidenses corrientes,2006,Dato revisado,Anual,
471,                   Pasivos netos incurridos,1202.6756542,Millones - Dólares estadounidenses corrientes,2006,Dato revisado,Trimestral,Q1
471,                   Pasivos netos incurridos,1809.7020969,Millones - Dólares estadounidenses corrientes,2006,Dato revisado,Trimestral,Q2
471,                   Pasivos netos incurridos,1727.1846232,Millones - Dólares estadounidenses corrientes,2006,Dato revisado,Trimestral,Q3
471,                   Pasivos netos incurridos,2011.0629368,Millones - Dólares estadounidenses corrientes,2006,Dato revisado,Trimestral,Q4
471,                   Pasivos netos incurridos,8885.7643975,Millones - Dólares estadounidenses corrientes,2007,Dato revisado,Anual,
471,                   Pasivos netos incurridos,2026.2817052,Millones - Dólares estadounidenses corrientes,2007,Dato revisado,Trimestral,Q1
471,                   Pasivos netos incurridos,2228.736352,Millones - Dólares estadounidenses corrientes,2007,Dato revisado,Trimestral,Q2
471,                   Pasivos netos incurridos,2325.7286388,Millones - Dólares estadounidenses corrientes,2007,Dato revisado,Trimestral,Q3
471,                   Pasivos netos incurridos,2305.0177015,Millones - Dólares estadounidenses corrientes,2007,Dato revisado,Trimestral,Q4
471,                   Pasivos netos incurridos,10564.155796,Millones - Dólares estadounidenses corrientes,2008,Dato revisado,Anual,
471,                   Pasivos netos incurridos,2717.5377195,Millones - Dólares estadounidenses corrientes,2008,Dato revisado,Trimestral,Q1
471,                   Pasivos netos incurridos,2346.3659148,Millones - Dólares estadounidenses corrientes,2008,Dato revisado,Trimestral,Q2
471,                   Pasivos netos incurridos,2597.9697399,Millones - Dólares estadounidenses corrientes,2008,Dato revisado,Trimestral,Q3
471,                   Pasivos netos incurridos,2902.2824218,Millones - Dólares estadounidenses corrientes,2008,Dato revisado,Trimestral,Q4
471,                   Pasivos netos incurridos,8034.74617714,Millones - Dólares estadounidenses corrientes,2009,Dato revisado,Anual,
471,                   Pasivos netos incurridos,2289.8999129,Millones - Dólares estadounidenses corrientes,2009,Dato revisado,Trimestral,Q1
471,                   Pasivos netos incurridos,2789.6884332,Millones - Dólares estadounidenses corrientes,2009,Dato revisado,Trimestral,Q2
471,                   Pasivos netos incurridos,1959.0900279,Millones - Dólares estadounidenses corrientes,2009,Dato revisado,Trimestral,Q3
471,                   Pasivos netos incurridos,996.06780314,Millones - Dólares estadounidenses corrientes,2009,Dato revisado,Trimestral,Q4
471,                   Pasivos netos incurridos,6429.98961292,Millones - Dólares estadounidenses corrientes,2010,Dato revisado,Anual,
471,                   Pasivos netos incurridos,1205.5503089,Millones - Dólares estadounidenses corrientes,2010,Dato revisado,Trimestral,Q1
471,                   Pasivos netos incurridos,1944.8966158,Millones - Dólares estadounidenses corrientes,2010,Dato revisado,Trimestral,Q2
471,                   Pasivos netos incurridos,2348.6096834,Millones - Dólares estadounidenses corrientes,2010,Dato revisado,Trimestral,Q3
471,                   Pasivos netos incurridos,930.93300482,Millones - Dólares estadounidenses corrientes,2010,Dato revisado,Trimestral,Q4
471,                   Pasivos netos incurridos,14647.0486384,Millones - Dólares estadounidenses corrientes,2011,Dato revisado,Anual,
471,                   Pasivos netos incurridos,3113.3209558,Millones - Dólares estadounidenses corrientes,2011,Dato revisado,Trimestral,Q1
471,                   Pasivos netos incurridos,3103.6952038,Millones - Dólares estadounidenses corrientes,2011,Dato revisado,Trimestral,Q2
471,                   Pasivos netos incurridos,3776.3659034,Millones - Dólares estadounidenses corrientes,2011,Dato revisado,Trimestral,Q3
471,                   Pasivos netos incurridos,4653.6665754,Millones - Dólares estadounidenses corrientes,2011,Dato revisado,Trimestral,Q4
471,                   Pasivos netos incurridos,15039.9791389,Millones - Dólares estadounidenses corrientes,2012,Dato revisado,Anual,
471,                   Pasivos netos incurridos,3533.3333708,Millones - Dólares estadounidenses corrientes,2012,Dato revisado,Trimestral,Q1
471,                   Pasivos netos incurridos,4233.1590149,Millones - Dólares estadounidenses corrientes,2012,Dato revisado,Trimestral,Q2
471,                   Pasivos netos incurridos,3327.7589086,Millones - Dólares estadounidenses corrientes,2012,Dato revisado,Trimestral,Q3
471,                   Pasivos netos incurridos,3945.7278446,Millones - Dólares estadounidenses corrientes,2012,Dato revisado,Trimestral,Q4
471,                   Pasivos netos incurridos,16210.419016,Millones - Dólares estadounidenses corrientes,2013,Dato revisado,Anual,
471,                   Pasivos netos incurridos,3670.291482,Millones - Dólares estadounidenses corrientes,2013,Dato revisado,Trimestral,Q1
471,                   Pasivos netos incurridos,4015.060925,Millones - Dólares estadounidenses corrientes,2013,Dato revisado,Trimestral,Q2
471,                   Pasivos netos incurridos,4712.9744581,Millones - Dólares estadounidenses corrientes,2013,Dato revisado,Trimestral,Q3
471,                   Pasivos netos incurridos,3812.0921509,Millones - Dólares estadounidenses corrientes,2013,Dato revisado,Trimestral,Q4
471,                   Pasivos netos incurridos,16168.7017148,Millones - Dólares estadounidenses corrientes,2014,Dato revisado,Anual,
471,                   Pasivos netos incurridos,3789.9269034,Millones - Dólares estadounidenses corrientes,2014,Dato revisado,Trimestral,Q1
471,                   Pasivos netos incurridos,4945.4087863,Millones - Dólares estadounidenses corrientes,2014,Dato revisado,Trimestral,Q2
471,                   Pasivos netos incurridos,3673.1803859,Millones - Dólares estadounidenses corrientes,2014,Dato revisado,Trimestral,Q3
471,                   Pasivos netos incurridos,3760.1856392,Millones - Dólares estadounidenses corrientes,2014,Dato revisado,Trimestral,Q4
471,                   Pasivos netos incurridos,11620.5326458,Millones - Dólares estadounidenses corrientes,2015,Dato revisado,Anual,
471,                   Pasivos netos incurridos,3248.543349,Millones - Dólares estadounidenses corrientes,2015,Dato revisado,Trimestral,Q1
471,                   Pasivos netos incurridos,4068.1552428,Millones - Dólares estadounidenses corrientes,2015,Dato revisado,Trimestral,Q2
471,                   Pasivos netos incurridos,2197.1584195,Millones - Dólares estadounidenses corrientes,2015,Dato revisado,Trimestral,Q3
471,                   Pasivos netos incurridos,2106.6756345,Millones - Dólares estadounidenses corrientes,2015,Dato revisado,Trimestral,Q4
471,                   Pasivos netos incurridos,13857.9377207,Millones - Dólares estadounidenses corrientes,2016,Dato revisado,Anual,
471,                   Pasivos netos incurridos,4681.3605222,Millones - Dólares estadounidenses corrientes,2016,Dato revisado,Trimestral,Q1
471,                   Pasivos netos incurridos,3656.9846331,Millones - Dólares estadounidenses corrientes,2016,Dato revisado,Trimestral,Q2
471,                   Pasivos netos incurridos,2243.8740185,Millones - Dólares estadounidenses corrientes,2016,Dato revisado,Trimestral,Q3
471,                   Pasivos netos incurridos,3275.7185469,Millones - Dólares estadounidenses corrientes,2016,Dato revisado,Trimestral,Q4
471,                   Pasivos netos incurridos,13700.8804452,Millones - Dólares estadounidenses corrientes,2017,Dato revisado,Anual,
471,                   Pasivos netos incurridos,2459.1109298,Millones - Dólares estadounidenses corrientes,2017,Dato revisado,Trimestral,Q1
471,                   Pasivos netos incurridos,2492.1667431,Millones - Dólares estadounidenses corrientes,2017,Dato revisado,Trimestral,Q2
471,                   Pasivos netos incurridos,4956.7035074,Millones - Dólares estadounidenses corrientes,2017,Dato revisado,Trimestral,Q3
471,                   Pasivos netos incurridos,3792.8992649,Millones - Dólares estadounidenses corrientes,2017,Dato revisado,Trimestral,Q4
471,                   Pasivos netos incurridos,11298.6927739,Millones - Dólares estadounidenses corrientes,2018,Dato revisado,Anual,
471,                   Pasivos netos incurridos,1982.3242208,Millones - Dólares estadounidenses corrientes,2018,Dato revisado,Trimestral,Q1
471,                   Pasivos netos incurridos,3772.9442062,Millones - Dólares estadounidenses corrientes,2018,Dato revisado,Trimestral,Q2
471,                   Pasivos netos incurridos,2704.4028246,Millones - Dólares estadounidenses corrientes,2018,Dato revisado,Trimestral,Q3
471,                   Pasivos netos incurridos,2839.0215223,Millones - Dólares estadounidenses corrientes,2018,Dato revisado,Trimestral,Q4
471,                   Pasivos netos incurridos,13989.1540284,Millones - Dólares estadounidenses corrientes,2019,Dato revisado,Anual,
471,                   Pasivos netos incurridos,3393.7018922,Millones - Dólares estadounidenses corrientes,2019,Dato revisado,Trimestral,Q1
471,                   Pasivos netos incurridos,4090.1556908,Millones - Dólares estadounidenses corrientes,2019,Dato revisado,Trimestral,Q2
471,                   Pasivos netos incurridos,3163.0931468,Millones - Dólares estadounidenses corrientes,2019,Dato revisado,Trimestral,Q3
471,                   Pasivos netos incurridos,3342.2032986,Millones - Dólares estadounidenses corrientes,2019,Dato revisado,Trimestral,Q4
471,                   Pasivos netos incurridos,7458.62498423,Millones - Dólares estadounidenses corrientes,2020,Dato revisado,Anual,
471,                   Pasivos netos incurridos,3174.5997396,Millones - Dólares estadounidenses corrientes,2020,Dato revisado,Trimestral,Q1
471,                   Pasivos netos incurridos,1371.38103,Millones - Dólares estadounidenses corrientes,2020,Dato revisado,Trimestral,Q2
471,                   Pasivos netos incurridos,843.98861293,Millones - Dólares estadounidenses corrientes,2020,Dato revisado,Trimestral,Q3
471,                   Pasivos netos incurridos,2068.6556017,Millones - Dólares estadounidenses corrientes,2020,Dato revisado,Trimestral,Q4
471,                   Pasivos netos incurridos,9561.3352767,Millones - Dólares estadounidenses corrientes,2021,Dato revisado,Anual,
471,                   Pasivos netos incurridos,2306.8534477,Millones - Dólares estadounidenses corrientes,2021,Dato revisado,Trimestral,Q1
471,                   Pasivos netos incurridos,1997.0241986,Millones - Dólares estadounidenses corrientes,2021,Dato revisado,Trimestral,Q2
471,                   Pasivos netos incurridos,2706.9889496,Millones - Dólares estadounidenses corrientes,2021,Dato revisado,Trimestral,Q3
471,                   Pasivos netos incurridos,2550.4686808,Millones - Dólares estadounidenses corrientes,2021,Dato revisado,Trimestral,Q4
471,                   Pasivos netos incurridos,17182.2254979,Millones - Dólares estadounidenses corrientes,2022,Dato revisado,Anual,
471,                   Pasivos netos incurridos,4934.4889829,Millones - Dólares estadounidenses corrientes,2022,Dato revisado,Trimestral,Q1
471,                   Pasivos netos incurridos,5042.6006838,Millones - Dólares estadounidenses corrientes,2022,Dato revisado,Trimestral,Q2
471,                   Pasivos netos incurridos,3113.2184031,Millones - Dólares estadounidenses corrientes,2022,Dato revisado,Trimestral,Q3
471,                   Pasivos netos incurridos,4091.9174281,Millones - Dólares estadounidenses corrientes,2022,Dato revisado,Trimestral,Q4
471,                   Pasivos netos incurridos,16793.7027285,Millones - Dólares estadounidenses corrientes,2023,Dato provisional,Anual,
471,                   Pasivos netos incurridos,4163.9035778,Millones - Dólares estadounidenses corrientes,2023,Dato provisional,Trimestral,Q1
471,                   Pasivos netos incurridos,5334.7646231,Millones - Dólares estadounidenses corrientes,2023,Dato provisional,Trimestral,Q2
471,                   Pasivos netos incurridos,3837.9730555,Millones - Dólares estadounidenses corrientes,2023,Dato provisional,Trimestral,Q3
471,                   Pasivos netos incurridos,3457.0614721,Millones - Dólares estadounidenses corrientes,2023,Dato provisional,Trimestral,Q4
471,                   Pasivos netos incurridos,13683.8617473,Millones - Dólares estadounidenses corrientes,2024,Dato provisional,Anual,
471,                   Pasivos netos incurridos,3547.4875052,Millones - Dólares estadounidenses corrientes,2024,Dato provisional,Trimestral,Q1
471,                   Pasivos netos incurridos,2765.9061245,Millones - Dólares estadounidenses corrientes,2024,Dato provisional,Trimestral,Q2
471,                   Pasivos netos incurridos,3304.5495751,Millones - Dólares estadounidenses corrientes,2024,Dato provisional,Trimestral,Q3
471,                   Pasivos netos incurridos,4065.9185425,Millones - Dólares estadounidenses corrientes,2024,Dato provisional,Trimestral,Q4
471,                   Pasivos netos incurridos,9160.2754747,Millones - Dólares estadounidenses corrientes,2025,Dato preliminar,Anual,
471,                   Pasivos netos incurridos,3011.1283087,Millones - Dólares estadounidenses corrientes,2025,Dato preliminar,Trimestral,Q1
471,                   Pasivos netos incurridos,3246.3684471,Millones - Dólares estadounidenses corrientes,2025,Dato preliminar,Trimestral,Q2
471,                   Pasivos netos incurridos,2902.7787189,Millones - Dólares estadounidenses corrientes,2025,Dato preliminar,Trimestral,Q3
472,                        3.1.1 Participaciones de capital y participaciones en fondos de inversión,2394.76910306,Millones - Dólares estadounidenses corrientes,2000,Dato revisado,Anual,
472,                        3.1.1 Participaciones de capital y participaciones en fondos de inversión,387.789895,Millones - Dólares estadounidenses corrientes,2000,Dato revisado,Trimestral,Q1
472,                        3.1.1 Participaciones de capital y participaciones en fondos de inversión,572.86595385,Millones - Dólares estadounidenses corrientes,2000,Dato revisado,Trimestral,Q2
472,                        3.1.1 Participaciones de capital y participaciones en fondos de inversión,760.87893879,Millones - Dólares estadounidenses corrientes,2000,Dato revisado,Trimestral,Q3
472,                        3.1.1 Participaciones de capital y participaciones en fondos de inversión,673.23431542,Millones - Dólares estadounidenses corrientes,2000,Dato revisado,Trimestral,Q4
472,                        3.1.1 Participaciones de capital y participaciones en fondos de inversión,2524.88526632,Millones - Dólares estadounidenses corrientes,2001,Dato revisado,Anual,
472,                        3.1.1 Participaciones de capital y participaciones en fondos de inversión,557.50020627,Millones - Dólares estadounidenses corrientes,2001,Dato revisado,Trimestral,Q1
472,                        3.1.1 Participaciones de capital y participaciones en fondos de inversión,1034.9296147,Millones - Dólares estadounidenses corrientes,2001,Dato revisado,Trimestral,Q2
472,                        3.1.1 Participaciones de capital y participaciones en fondos de inversión,234.47719239,Millones - Dólares estadounidenses corrientes,2001,Dato revisado,Trimestral,Q3
472,                        3.1.1 Participaciones de capital y participaciones en fondos de inversión,697.97825296,Millones - Dólares estadounidenses corrientes,2001,Dato revisado,Trimestral,Q4
472,                        3.1.1 Participaciones de capital y participaciones en fondos de inversión,2139.47695796,Millones - Dólares estadounidenses corrientes,2002,Dato revisado,Anual,
472,                        3.1.1 Participaciones de capital y participaciones en fondos de inversión,910.23465095,Millones - Dólares estadounidenses corrientes,2002,Dato revisado,Trimestral,Q1
472,                        3.1.1 Participaciones de capital y participaciones en fondos de inversión,587.55517266,Millones - Dólares estadounidenses corrientes,2002,Dato revisado,Trimestral,Q2
472,                        3.1.1 Participaciones de capital y participaciones en fondos de inversión,204.85135258,Millones - Dólares estadounidenses corrientes,2002,Dato revisado,Trimestral,Q3
472,                        3.1.1 Participaciones de capital y participaciones en fondos de inversión,436.83578177,Millones - Dólares estadounidenses corrientes,2002,Dato revisado,Trimestral,Q4
472,                        3.1.1 Participaciones de capital y participaciones en fondos de inversión,1757.67146234,Millones - Dólares estadounidenses corrientes,2003,Dato revisado,Anual,
472,                        3.1.1 Participaciones de capital y participaciones en fondos de inversión,313.64900959,Millones - Dólares estadounidenses corrientes,2003,Dato revisado,Trimestral,Q1
472,                        3.1.1 Participaciones de capital y participaciones en fondos de inversión,517.865056,Millones - Dólares estadounidenses corrientes,2003,Dato revisado,Trimestral,Q2
472,                        3.1.1 Participaciones de capital y participaciones en fondos de inversión,578.11071781,Millones - Dólares estadounidenses corrientes,2003,Dato revisado,Trimestral,Q3
472,                        3.1.1 Participaciones de capital y participaciones en fondos de inversión,348.04667894,Millones - Dólares estadounidenses corrientes,2003,Dato revisado,Trimestral,Q4
472,                        3.1.1 Participaciones de capital y participaciones en fondos de inversión,3083.79587352,Millones - Dólares estadounidenses corrientes,2004,Dato revisado,Anual,
472,                        3.1.1 Participaciones de capital y participaciones en fondos de inversión,717.20198414,Millones - Dólares estadounidenses corrientes,2004,Dato revisado,Trimestral,Q1
472,                        3.1.1 Participaciones de capital y participaciones en fondos de inversión,777.94522455,Millones - Dólares estadounidenses corrientes,2004,Dato revisado,Trimestral,Q2
472,                        3.1.1 Participaciones de capital y participaciones en fondos de inversión,885.5052223,Millones - Dólares estadounidenses corrientes,2004,Dato revisado,Trimestral,Q3
472,                        3.1.1 Participaciones de capital y participaciones en fondos de inversión,703.14344253,Millones - Dólares estadounidenses corrientes,2004,Dato revisado,Trimestral,Q4
472,                        3.1.1 Participaciones de capital y participaciones en fondos de inversión,10266.5473151,Millones - Dólares estadounidenses corrientes,2005,Dato revisado,Anual,
472,                        3.1.1 Participaciones de capital y participaciones en fondos de inversión,894.04900672,Millones - Dólares estadounidenses corrientes,2005,Dato revisado,Trimestral,Q1
472,                        3.1.1 Participaciones de capital y participaciones en fondos de inversión,1612.4770486,Millones - Dólares estadounidenses corrientes,2005,Dato revisado,Trimestral,Q2
472,                        3.1.1 Participaciones de capital y participaciones en fondos de inversión,983.94793178,Millones - Dólares estadounidenses corrientes,2005,Dato revisado,Trimestral,Q3
472,                        3.1.1 Participaciones de capital y participaciones en fondos de inversión,6776.073328,Millones - Dólares estadounidenses corrientes,2005,Dato revisado,Trimestral,Q4
472,                        3.1.1 Participaciones de capital y participaciones en fondos de inversión,6687.3353111,Millones - Dólares estadounidenses corrientes,2006,Dato revisado,Anual,
472,                        3.1.1 Participaciones de capital y participaciones en fondos de inversión,1195.9056542,Millones - Dólares estadounidenses corrientes,2006,Dato revisado,Trimestral,Q1
472,                        3.1.1 Participaciones de capital y participaciones en fondos de inversión,1799.1920969,Millones - Dólares estadounidenses corrientes,2006,Dato revisado,Trimestral,Q2
472,                        3.1.1 Participaciones de capital y participaciones en fondos de inversión,1684.5246232,Millones - Dólares estadounidenses corrientes,2006,Dato revisado,Trimestral,Q3
472,                        3.1.1 Participaciones de capital y participaciones en fondos de inversión,2007.7129368,Millones - Dólares estadounidenses corrientes,2006,Dato revisado,Trimestral,Q4
472,                        3.1.1 Participaciones de capital y participaciones en fondos de inversión,9006.9143975,Millones - Dólares estadounidenses corrientes,2007,Dato revisado,Anual,
472,                        3.1.1 Participaciones de capital y participaciones en fondos de inversión,2028.8417052,Millones - Dólares estadounidenses corrientes,2007,Dato revisado,Trimestral,Q1
472,                        3.1.1 Participaciones de capital y participaciones en fondos de inversión,2221.926352,Millones - Dólares estadounidenses corrientes,2007,Dato revisado,Trimestral,Q2
472,                        3.1.1 Participaciones de capital y participaciones en fondos de inversión,2353.5586388,Millones - Dólares estadounidenses corrientes,2007,Dato revisado,Trimestral,Q3
472,                        3.1.1 Participaciones de capital y participaciones en fondos de inversión,2402.5877015,Millones - Dólares estadounidenses corrientes,2007,Dato revisado,Trimestral,Q4
472,                        3.1.1 Participaciones de capital y participaciones en fondos de inversión,10517.555796,Millones - Dólares estadounidenses corrientes,2008,Dato revisado,Anual,
472,                        3.1.1 Participaciones de capital y participaciones en fondos de inversión,2736.0777195,Millones - Dólares estadounidenses corrientes,2008,Dato revisado,Trimestral,Q1
472,                        3.1.1 Participaciones de capital y participaciones en fondos de inversión,2357.7859148,Millones - Dólares estadounidenses corrientes,2008,Dato revisado,Trimestral,Q2
472,                        3.1.1 Participaciones de capital y participaciones en fondos de inversión,2610.7097399,Millones - Dólares estadounidenses corrientes,2008,Dato revisado,Trimestral,Q3
472,                        3.1.1 Participaciones de capital y participaciones en fondos de inversión,2812.9824218,Millones - Dólares estadounidenses corrientes,2008,Dato revisado,Trimestral,Q4
472,                        3.1.1 Participaciones de capital y participaciones en fondos de inversión,7303.32617714,Millones - Dólares estadounidenses corrientes,2009,Dato revisado,Anual,
472,                        3.1.1 Participaciones de capital y participaciones en fondos de inversión,2321.5399129,Millones - Dólares estadounidenses corrientes,2009,Dato revisado,Trimestral,Q1
472,                        3.1.1 Participaciones de capital y participaciones en fondos de inversión,2815.1784332,Millones - Dólares estadounidenses corrientes,2009,Dato revisado,Trimestral,Q2
472,                        3.1.1 Participaciones de capital y participaciones en fondos de inversión,1185.1400279,Millones - Dólares estadounidenses corrientes,2009,Dato revisado,Trimestral,Q3
472,                        3.1.1 Participaciones de capital y participaciones en fondos de inversión,981.46780314,Millones - Dólares estadounidenses corrientes,2009,Dato revisado,Trimestral,Q4
472,                        3.1.1 Participaciones de capital y participaciones en fondos de inversión,7065.3196129,Millones - Dólares estadounidenses corrientes,2010,Dato revisado,Anual,
472,                        3.1.1 Participaciones de capital y participaciones en fondos de inversión,1453.5803089,Millones - Dólares estadounidenses corrientes,2010,Dato revisado,Trimestral,Q1
472,                        3.1.1 Participaciones de capital y participaciones en fondos de inversión,1962.5366158,Millones - Dólares estadounidenses corrientes,2010,Dato revisado,Trimestral,Q2
472,                        3.1.1 Participaciones de capital y participaciones en fondos de inversión,2343.2996834,Millones - Dólares estadounidenses corrientes,2010,Dato revisado,Trimestral,Q3
472,                        3.1.1 Participaciones de capital y participaciones en fondos de inversión,1305.9030048,Millones - Dólares estadounidenses corrientes,2010,Dato revisado,Trimestral,Q4
472,                        3.1.1 Participaciones de capital y participaciones en fondos de inversión,12775.2386384,Millones - Dólares estadounidenses corrientes,2011,Dato revisado,Anual,
472,                        3.1.1 Participaciones de capital y participaciones en fondos de inversión,3176.8409558,Millones - Dólares estadounidenses corrientes,2011,Dato revisado,Trimestral,Q1
472,                        3.1.1 Participaciones de capital y participaciones en fondos de inversión,2919.5152038,Millones - Dólares estadounidenses corrientes,2011,Dato revisado,Trimestral,Q2
472,                        3.1.1 Participaciones de capital y participaciones en fondos de inversión,3740.7159034,Millones - Dólares estadounidenses corrientes,2011,Dato revisado,Trimestral,Q3
472,                        3.1.1 Participaciones de capital y participaciones en fondos de inversión,2938.1665754,Millones - Dólares estadounidenses corrientes,2011,Dato revisado,Trimestral,Q4
472,                        3.1.1 Participaciones de capital y participaciones en fondos de inversión,13801.0391389,Millones - Dólares estadounidenses corrientes,2012,Dato revisado,Anual,
472,                        3.1.1 Participaciones de capital y participaciones en fondos de inversión,3295.4933708,Millones - Dólares estadounidenses corrientes,2012,Dato revisado,Trimestral,Q1
472,                        3.1.1 Participaciones de capital y participaciones en fondos de inversión,4070.2590149,Millones - Dólares estadounidenses corrientes,2012,Dato revisado,Trimestral,Q2
472,                        3.1.1 Participaciones de capital y participaciones en fondos de inversión,2967.2589086,Millones - Dólares estadounidenses corrientes,2012,Dato revisado,Trimestral,Q3
472,                        3.1.1 Participaciones de capital y participaciones en fondos de inversión,3468.0278446,Millones - Dólares estadounidenses corrientes,2012,Dato revisado,Trimestral,Q4
472,                        3.1.1 Participaciones de capital y participaciones en fondos de inversión,13842.109016,Millones - Dólares estadounidenses corrientes,2013,Dato revisado,Anual,
472,                        3.1.1 Participaciones de capital y participaciones en fondos de inversión,3060.751482,Millones - Dólares estadounidenses corrientes,2013,Dato revisado,Trimestral,Q1
472,                        3.1.1 Participaciones de capital y participaciones en fondos de inversión,3727.720925,Millones - Dólares estadounidenses corrientes,2013,Dato revisado,Trimestral,Q2
472,                        3.1.1 Participaciones de capital y participaciones en fondos de inversión,3821.7044581,Millones - Dólares estadounidenses corrientes,2013,Dato revisado,Trimestral,Q3
472,                        3.1.1 Participaciones de capital y participaciones en fondos de inversión,3231.9321509,Millones - Dólares estadounidenses corrientes,2013,Dato revisado,Trimestral,Q4
472,                        3.1.1 Participaciones de capital y participaciones en fondos de inversión,13676.1317148,Millones - Dólares estadounidenses corrientes,2014,Dato revisado,Anual,
472,                        3.1.1 Participaciones de capital y participaciones en fondos de inversión,3333.8369034,Millones - Dólares estadounidenses corrientes,2014,Dato revisado,Trimestral,Q1
472,                        3.1.1 Participaciones de capital y participaciones en fondos de inversión,4597.7587863,Millones - Dólares estadounidenses corrientes,2014,Dato revisado,Trimestral,Q2
472,                        3.1.1 Participaciones de capital y participaciones en fondos de inversión,2853.7903859,Millones - Dólares estadounidenses corrientes,2014,Dato revisado,Trimestral,Q3
472,                        3.1.1 Participaciones de capital y participaciones en fondos de inversión,2890.7456392,Millones - Dólares estadounidenses corrientes,2014,Dato revisado,Trimestral,Q4
472,                        3.1.1 Participaciones de capital y participaciones en fondos de inversión,9614.3606458,Millones - Dólares estadounidenses corrientes,2015,Dato revisado,Anual,
472,                        3.1.1 Participaciones de capital y participaciones en fondos de inversión,2751.974749,Millones - Dólares estadounidenses corrientes,2015,Dato revisado,Trimestral,Q1
472,                        3.1.1 Participaciones de capital y participaciones en fondos de inversión,3305.1552428,Millones - Dólares estadounidenses corrientes,2015,Dato revisado,Trimestral,Q2
472,                        3.1.1 Participaciones de capital y participaciones en fondos de inversión,2049.5550195,Millones - Dólares estadounidenses corrientes,2015,Dato revisado,Trimestral,Q3
472,                        3.1.1 Participaciones de capital y participaciones en fondos de inversión,1507.6756345,Millones - Dólares estadounidenses corrientes,2015,Dato revisado,Trimestral,Q4
472,                        3.1.1 Participaciones de capital y participaciones en fondos de inversión,9185.65140645,Millones - Dólares estadounidenses corrientes,2016,Dato revisado,Anual,
472,                        3.1.1 Participaciones de capital y participaciones en fondos de inversión,3585.5173183,Millones - Dólares estadounidenses corrientes,2016,Dato revisado,Trimestral,Q1
472,                        3.1.1 Participaciones de capital y participaciones en fondos de inversión,3293.5623178,Millones - Dólares estadounidenses corrientes,2016,Dato revisado,Trimestral,Q2
472,                        3.1.1 Participaciones de capital y participaciones en fondos de inversión,2090.1533035,Millones - Dólares estadounidenses corrientes,2016,Dato revisado,Trimestral,Q3
472,                        3.1.1 Participaciones de capital y participaciones en fondos de inversión,216.41846685,Millones - Dólares estadounidenses corrientes,2016,Dato revisado,Trimestral,Q4
472,                        3.1.1 Participaciones de capital y participaciones en fondos de inversión,11907.2670534,Millones - Dólares estadounidenses corrientes,2017,Dato revisado,Anual,
472,                        3.1.1 Participaciones de capital y participaciones en fondos de inversión,2605.1246051,Millones - Dólares estadounidenses corrientes,2017,Dato revisado,Trimestral,Q1
472,                        3.1.1 Participaciones de capital y participaciones en fondos de inversión,2190.9693205,Millones - Dólares estadounidenses corrientes,2017,Dato revisado,Trimestral,Q2
472,                        3.1.1 Participaciones de capital y participaciones en fondos de inversión,3657.4416268,Millones - Dólares estadounidenses corrientes,2017,Dato revisado,Trimestral,Q3
472,                        3.1.1 Participaciones de capital y participaciones en fondos de inversión,3453.731501,Millones - Dólares estadounidenses corrientes,2017,Dato revisado,Trimestral,Q4
472,                        3.1.1 Participaciones de capital y participaciones en fondos de inversión,9694.873388,Millones - Dólares estadounidenses corrientes,2018,Dato revisado,Anual,
472,                        3.1.1 Participaciones de capital y participaciones en fondos de inversión,1841.933396,Millones - Dólares estadounidenses corrientes,2018,Dato revisado,Trimestral,Q1
472,                        3.1.1 Participaciones de capital y participaciones en fondos de inversión,2483.3493394,Millones - Dólares estadounidenses corrientes,2018,Dato revisado,Trimestral,Q2
472,                        3.1.1 Participaciones de capital y participaciones en fondos de inversión,2516.6713865,Millones - Dólares estadounidenses corrientes,2018,Dato revisado,Trimestral,Q3
472,                        3.1.1 Participaciones de capital y participaciones en fondos de inversión,2852.9192661,Millones - Dólares estadounidenses corrientes,2018,Dato revisado,Trimestral,Q4
472,                        3.1.1 Participaciones de capital y participaciones en fondos de inversión,11578.4631852,Millones - Dólares estadounidenses corrientes,2019,Dato revisado,Anual,
472,                        3.1.1 Participaciones de capital y participaciones en fondos de inversión,2566.1889871,Millones - Dólares estadounidenses corrientes,2019,Dato revisado,Trimestral,Q1
472,                        3.1.1 Participaciones de capital y participaciones en fondos de inversión,3059.4806025,Millones - Dólares estadounidenses corrientes,2019,Dato revisado,Trimestral,Q2
472,                        3.1.1 Participaciones de capital y participaciones en fondos de inversión,2646.7271646,Millones - Dólares estadounidenses corrientes,2019,Dato revisado,Trimestral,Q3
472,                        3.1.1 Participaciones de capital y participaciones en fondos de inversión,3306.066431,Millones - Dólares estadounidenses corrientes,2019,Dato revisado,Trimestral,Q4
472,                        3.1.1 Participaciones de capital y participaciones en fondos de inversión,4931.65273465,Millones - Dólares estadounidenses corrientes,2020,Dato revisado,Anual,
472,                        3.1.1 Participaciones de capital y participaciones en fondos de inversión,1792.3551146,Millones - Dólares estadounidenses corrientes,2020,Dato revisado,Trimestral,Q1
472,                        3.1.1 Participaciones de capital y participaciones en fondos de inversión,804.43944914,Millones - Dólares estadounidenses corrientes,2020,Dato revisado,Trimestral,Q2
472,                        3.1.1 Participaciones de capital y participaciones en fondos de inversión,888.68935981,Millones - Dólares estadounidenses corrientes,2020,Dato revisado,Trimestral,Q3
472,                        3.1.1 Participaciones de capital y participaciones en fondos de inversión,1446.1688111,Millones - Dólares estadounidenses corrientes,2020,Dato revisado,Trimestral,Q4
472,                        3.1.1 Participaciones de capital y participaciones en fondos de inversión,7076.2061659,Millones - Dólares estadounidenses corrientes,2021,Dato revisado,Anual,
472,                        3.1.1 Participaciones de capital y participaciones en fondos de inversión,1267.5308556,Millones - Dólares estadounidenses corrientes,2021,Dato revisado,Trimestral,Q1
472,                        3.1.1 Participaciones de capital y participaciones en fondos de inversión,1300.3624959,Millones - Dólares estadounidenses corrientes,2021,Dato revisado,Trimestral,Q2
472,                        3.1.1 Participaciones de capital y participaciones en fondos de inversión,2239.1193874,Millones - Dólares estadounidenses corrientes,2021,Dato revisado,Trimestral,Q3
472,                        3.1.1 Participaciones de capital y participaciones en fondos de inversión,2269.193427,Millones - Dólares estadounidenses corrientes,2021,Dato revisado,Trimestral,Q4
472,                        3.1.1 Participaciones de capital y participaciones en fondos de inversión,14227.1399248,Millones - Dólares estadounidenses corrientes,2022,Dato revisado,Anual,
472,                        3.1.1 Participaciones de capital y participaciones en fondos de inversión,3608.6899041,Millones - Dólares estadounidenses corrientes,2022,Dato revisado,Trimestral,Q1
472,                        3.1.1 Participaciones de capital y participaciones en fondos de inversión,5163.4684703,Millones - Dólares estadounidenses corrientes,2022,Dato revisado,Trimestral,Q2
472,                        3.1.1 Participaciones de capital y participaciones en fondos de inversión,2408.0280638,Millones - Dólares estadounidenses corrientes,2022,Dato revisado,Trimestral,Q3
472,                        3.1.1 Participaciones de capital y participaciones en fondos de inversión,3046.9534866,Millones - Dólares estadounidenses corrientes,2022,Dato revisado,Trimestral,Q4
472,                        3.1.1 Participaciones de capital y participaciones en fondos de inversión,13871.1041474,Millones - Dólares estadounidenses corrientes,2023,Dato provisional,Anual,
472,                        3.1.1 Participaciones de capital y participaciones en fondos de inversión,3102.3308903,Millones - Dólares estadounidenses corrientes,2023,Dato provisional,Trimestral,Q1
472,                        3.1.1 Participaciones de capital y participaciones en fondos de inversión,4922.1442181,Millones - Dólares estadounidenses corrientes,2023,Dato provisional,Trimestral,Q2
472,                        3.1.1 Participaciones de capital y participaciones en fondos de inversión,3196.5408433,Millones - Dólares estadounidenses corrientes,2023,Dato provisional,Trimestral,Q3
472,                        3.1.1 Participaciones de capital y participaciones en fondos de inversión,2650.0881957,Millones - Dólares estadounidenses corrientes,2023,Dato provisional,Trimestral,Q4
472,                        3.1.1 Participaciones de capital y participaciones en fondos de inversión,12245.1971637,Millones - Dólares estadounidenses corrientes,2024,Dato provisional,Anual,
472,                        3.1.1 Participaciones de capital y participaciones en fondos de inversión,3127.9631445,Millones - Dólares estadounidenses corrientes,2024,Dato provisional,Trimestral,Q1
472,                        3.1.1 Participaciones de capital y participaciones en fondos de inversión,3343.8693412,Millones - Dólares estadounidenses corrientes,2024,Dato provisional,Trimestral,Q2
472,                        3.1.1 Participaciones de capital y participaciones en fondos de inversión,2605.5816733,Millones - Dólares estadounidenses corrientes,2024,Dato provisional,Trimestral,Q3
472,                        3.1.1 Participaciones de capital y participaciones en fondos de inversión,3167.7830047,Millones - Dólares estadounidenses corrientes,2024,Dato provisional,Trimestral,Q4
472,                        3.1.1 Participaciones de capital y participaciones en fondos de inversión,7972.0073078,Millones - Dólares estadounidenses corrientes,2025,Dato preliminar,Anual,
472,                        3.1.1 Participaciones de capital y participaciones en fondos de inversión,2567.4227075,Millones - Dólares estadounidenses corrientes,2025,Dato preliminar,Trimestral,Q1
472,                        3.1.1 Participaciones de capital y participaciones en fondos de inversión,2781.6088049,Millones - Dólares estadounidenses corrientes,2025,Dato preliminar,Trimestral,Q2
472,                        3.1.1 Participaciones de capital y participaciones en fondos de inversión,2622.9757954,Millones - Dólares estadounidenses corrientes,2025,Dato preliminar,Trimestral,Q3
483,                        3.1.2 Instrumentos de deuda,41.69082037,Millones - Dólares estadounidenses corrientes,2000,Dato revisado,Anual,
483,                        3.1.2 Instrumentos de deuda,0,Millones - Dólares estadounidenses corrientes,2000,Dato revisado,Trimestral,Q1
483,                        3.1.2 Instrumentos de deuda,28.49082037,Millones - Dólares estadounidenses corrientes,2000,Dato revisado,Trimestral,Q2
483,                        3.1.2 Instrumentos de deuda,12.2,Millones - Dólares estadounidenses corrientes,2000,Dato revisado,Trimestral,Q3
483,                        3.1.2 Instrumentos de deuda,1,Millones - Dólares estadounidenses corrientes,2000,Dato revisado,Trimestral,Q4
483,                        3.1.2 Instrumentos de deuda,17.05734585,Millones - Dólares estadounidenses corrientes,2001,Dato revisado,Anual,
483,                        3.1.2 Instrumentos de deuda,-3.08484215,Millones - Dólares estadounidenses corrientes,2001,Dato revisado,Trimestral,Q1
483,                        3.1.2 Instrumentos de deuda,6.80785027,Millones - Dólares estadounidenses corrientes,2001,Dato revisado,Trimestral,Q2
483,                        3.1.2 Instrumentos de deuda,-0.46566227,Millones - Dólares estadounidenses corrientes,2001,Dato revisado,Trimestral,Q3
483,                        3.1.2 Instrumentos de deuda,13.8,Millones - Dólares estadounidenses corrientes,2001,Dato revisado,Trimestral,Q4
483,                        3.1.2 Instrumentos de deuda,-5.7788338,Millones - Dólares estadounidenses corrientes,2002,Dato revisado,Anual,
483,                        3.1.2 Instrumentos de deuda,-1.22006106,Millones - Dólares estadounidenses corrientes,2002,Dato revisado,Trimestral,Q1
483,                        3.1.2 Instrumentos de deuda,14.11035965,Millones - Dólares estadounidenses corrientes,2002,Dato revisado,Trimestral,Q2
483,                        3.1.2 Instrumentos de deuda,-7.68423164,Millones - Dólares estadounidenses corrientes,2002,Dato revisado,Trimestral,Q3
483,                        3.1.2 Instrumentos de deuda,-10.98490075,Millones - Dólares estadounidenses corrientes,2002,Dato revisado,Trimestral,Q4
483,                        3.1.2 Instrumentos de deuda,-37.17800684,Millones - Dólares estadounidenses corrientes,2003,Dato revisado,Anual,
483,                        3.1.2 Instrumentos de deuda,5.53484716,Millones - Dólares estadounidenses corrientes,2003,Dato revisado,Trimestral,Q1
483,                        3.1.2 Instrumentos de deuda,2.080646,Millones - Dólares estadounidenses corrientes,2003,Dato revisado,Trimestral,Q2
483,                        3.1.2 Instrumentos de deuda,-37.13,Millones - Dólares estadounidenses corrientes,2003,Dato revisado,Trimestral,Q3
483,                        3.1.2 Instrumentos de deuda,-7.6635,Millones - Dólares estadounidenses corrientes,2003,Dato revisado,Trimestral,Q4
483,                        3.1.2 Instrumentos de deuda,31.84,Millones - Dólares estadounidenses corrientes,2004,Dato revisado,Anual,
483,                        3.1.2 Instrumentos de deuda,-35.57,Millones - Dólares estadounidenses corrientes,2004,Dato revisado,Trimestral,Q1
483,                        3.1.2 Instrumentos de deuda,-30.43,Millones - Dólares estadounidenses corrientes,2004,Dato revisado,Trimestral,Q2
483,                        3.1.2 Instrumentos de deuda,0,Millones - Dólares estadounidenses corrientes,2004,Dato revisado,Trimestral,Q3
483,                        3.1.2 Instrumentos de deuda,97.84,Millones - Dólares estadounidenses corrientes,2004,Dato revisado,Trimestral,Q4
483,                        3.1.2 Instrumentos de deuda,-31.13,Millones - Dólares estadounidenses corrientes,2005,Dato revisado,Anual,
483,                        3.1.2 Instrumentos de deuda,-13.83,Millones - Dólares estadounidenses corrientes,2005,Dato revisado,Trimestral,Q1
483,                        3.1.2 Instrumentos de deuda,-12.3,Millones - Dólares estadounidenses corrientes,2005,Dato revisado,Trimestral,Q2
483,                        3.1.2 Instrumentos de deuda,-5.15,Millones - Dólares estadounidenses corrientes,2005,Dato revisado,Trimestral,Q3
483,                        3.1.2 Instrumentos de deuda,0.15,Millones - Dólares estadounidenses corrientes,2005,Dato revisado,Trimestral,Q4
483,                        3.1.2 Instrumentos de deuda,63.29,Millones - Dólares estadounidenses corrientes,2006,Dato revisado,Anual,
483,                        3.1.2 Instrumentos de deuda,6.77,Millones - Dólares estadounidenses corrientes,2006,Dato revisado,Trimestral,Q1
483,                        3.1.2 Instrumentos de deuda,10.51,Millones - Dólares estadounidenses corrientes,2006,Dato revisado,Trimestral,Q2
483,                        3.1.2 Instrumentos de deuda,42.66,Millones - Dólares estadounidenses corrientes,2006,Dato revisado,Trimestral,Q3
483,                        3.1.2 Instrumentos de deuda,3.35,Millones - Dólares estadounidenses corrientes,2006,Dato revisado,Trimestral,Q4
483,                        3.1.2 Instrumentos de deuda,-121.15,Millones - Dólares estadounidenses corrientes,2007,Dato revisado,Anual,
483,                        3.1.2 Instrumentos de deuda,-2.56,Millones - Dólares estadounidenses corrientes,2007,Dato revisado,Trimestral,Q1
483,                        3.1.2 Instrumentos de deuda,6.81,Millones - Dólares estadounidenses corrientes,2007,Dato revisado,Trimestral,Q2
483,                        3.1.2 Instrumentos de deuda,-27.83,Millones - Dólares estadounidenses corrientes,2007,Dato revisado,Trimestral,Q3
483,                        3.1.2 Instrumentos de deuda,-97.57,Millones - Dólares estadounidenses corrientes,2007,Dato revisado,Trimestral,Q4
483,                        3.1.2 Instrumentos de deuda,46.6,Millones - Dólares estadounidenses corrientes,2008,Dato revisado,Anual,
483,                        3.1.2 Instrumentos de deuda,-18.54,Millones - Dólares estadounidenses corrientes,2008,Dato revisado,Trimestral,Q1
483,                        3.1.2 Instrumentos de deuda,-11.42,Millones - Dólares estadounidenses corrientes,2008,Dato revisado,Trimestral,Q2
483,                        3.1.2 Instrumentos de deuda,-12.74,Millones - Dólares estadounidenses corrientes,2008,Dato revisado,Trimestral,Q3
483,                        3.1.2 Instrumentos de deuda,89.3,Millones - Dólares estadounidenses corrientes,2008,Dato revisado,Trimestral,Q4
483,                        3.1.2 Instrumentos de deuda,731.42,Millones - Dólares estadounidenses corrientes,2009,Dato revisado,Anual,
483,                        3.1.2 Instrumentos de deuda,-31.64,Millones - Dólares estadounidenses corrientes,2009,Dato revisado,Trimestral,Q1
483,                        3.1.2 Instrumentos de deuda,-25.49,Millones - Dólares estadounidenses corrientes,2009,Dato revisado,Trimestral,Q2
483,                        3.1.2 Instrumentos de deuda,773.95,Millones - Dólares estadounidenses corrientes,2009,Dato revisado,Trimestral,Q3
483,                        3.1.2 Instrumentos de deuda,14.6,Millones - Dólares estadounidenses corrientes,2009,Dato revisado,Trimestral,Q4
483,                        3.1.2 Instrumentos de deuda,-635.33,Millones - Dólares estadounidenses corrientes,2010,Dato revisado,Anual,
483,                        3.1.2 Instrumentos de deuda,-248.03,Millones - Dólares estadounidenses corrientes,2010,Dato revisado,Trimestral,Q1
483,                        3.1.2 Instrumentos de deuda,-17.64,Millones - Dólares estadounidenses corrientes,2010,Dato revisado,Trimestral,Q2
483,                        3.1.2 Instrumentos de deuda,5.31,Millones - Dólares estadounidenses corrientes,2010,Dato revisado,Trimestral,Q3
483,                        3.1.2 Instrumentos de deuda,-374.97,Millones - Dólares estadounidenses corrientes,2010,Dato revisado,Trimestral,Q4
483,                        3.1.2 Instrumentos de deuda,1871.81,Millones - Dólares estadounidenses corrientes,2011,Dato revisado,Anual,
483,                        3.1.2 Instrumentos de deuda,-63.52,Millones - Dólares estadounidenses corrientes,2011,Dato revisado,Trimestral,Q1
483,                        3.1.2 Instrumentos de deuda,184.18,Millones - Dólares estadounidenses corrientes,2011,Dato revisado,Trimestral,Q2
483,                        3.1.2 Instrumentos de deuda,35.65,Millones - Dólares estadounidenses corrientes,2011,Dato revisado,Trimestral,Q3
483,                        3.1.2 Instrumentos de deuda,1715.5,Millones - Dólares estadounidenses corrientes,2011,Dato revisado,Trimestral,Q4
483,                        3.1.2 Instrumentos de deuda,1238.94,Millones - Dólares estadounidenses corrientes,2012,Dato revisado,Anual,
483,                        3.1.2 Instrumentos de deuda,237.84,Millones - Dólares estadounidenses corrientes,2012,Dato revisado,Trimestral,Q1
483,                        3.1.2 Instrumentos de deuda,162.9,Millones - Dólares estadounidenses corrientes,2012,Dato revisado,Trimestral,Q2
483,                        3.1.2 Instrumentos de deuda,360.5,Millones - Dólares estadounidenses corrientes,2012,Dato revisado,Trimestral,Q3
483,                        3.1.2 Instrumentos de deuda,477.7,Millones - Dólares estadounidenses corrientes,2012,Dato revisado,Trimestral,Q4
483,                        3.1.2 Instrumentos de deuda,2368.31,Millones - Dólares estadounidenses corrientes,2013,Dato revisado,Anual,
483,                        3.1.2 Instrumentos de deuda,609.54,Millones - Dólares estadounidenses corrientes,2013,Dato revisado,Trimestral,Q1
483,                        3.1.2 Instrumentos de deuda,287.34,Millones - Dólares estadounidenses corrientes,2013,Dato revisado,Trimestral,Q2
483,                        3.1.2 Instrumentos de deuda,891.27,Millones - Dólares estadounidenses corrientes,2013,Dato revisado,Trimestral,Q3
483,                        3.1.2 Instrumentos de deuda,580.16,Millones - Dólares estadounidenses corrientes,2013,Dato revisado,Trimestral,Q4
483,                        3.1.2 Instrumentos de deuda,2492.57,Millones - Dólares estadounidenses corrientes,2014,Dato revisado,Anual,
483,                        3.1.2 Instrumentos de deuda,456.09,Millones - Dólares estadounidenses corrientes,2014,Dato revisado,Trimestral,Q1
483,                        3.1.2 Instrumentos de deuda,347.65,Millones - Dólares estadounidenses corrientes,2014,Dato revisado,Trimestral,Q2
483,                        3.1.2 Instrumentos de deuda,819.39,Millones - Dólares estadounidenses corrientes,2014,Dato revisado,Trimestral,Q3
483,                        3.1.2 Instrumentos de deuda,869.44,Millones - Dólares estadounidenses corrientes,2014,Dato revisado,Trimestral,Q4
483,                        3.1.2 Instrumentos de deuda,2006.172,Millones - Dólares estadounidenses corrientes,2015,Dato revisado,Anual,
483,                        3.1.2 Instrumentos de deuda,496.5686,Millones - Dólares estadounidenses corrientes,2015,Dato revisado,Trimestral,Q1
483,                        3.1.2 Instrumentos de deuda,763,Millones - Dólares estadounidenses corrientes,2015,Dato revisado,Trimestral,Q2
483,                        3.1.2 Instrumentos de deuda,147.6034,Millones - Dólares estadounidenses corrientes,2015,Dato revisado,Trimestral,Q3
483,                        3.1.2 Instrumentos de deuda,599,Millones - Dólares estadounidenses corrientes,2015,Dato revisado,Trimestral,Q4
483,                        3.1.2 Instrumentos de deuda,4672.28631429,Millones - Dólares estadounidenses corrientes,2016,Dato revisado,Anual,
483,                        3.1.2 Instrumentos de deuda,1095.8432039,Millones - Dólares estadounidenses corrientes,2016,Dato revisado,Trimestral,Q1
483,                        3.1.2 Instrumentos de deuda,363.42231525,Millones - Dólares estadounidenses corrientes,2016,Dato revisado,Trimestral,Q2
483,                        3.1.2 Instrumentos de deuda,153.72071504,Millones - Dólares estadounidenses corrientes,2016,Dato revisado,Trimestral,Q3
483,                        3.1.2 Instrumentos de deuda,3059.3000801,Millones - Dólares estadounidenses corrientes,2016,Dato revisado,Trimestral,Q4
483,                        3.1.2 Instrumentos de deuda,1793.6133919,Millones - Dólares estadounidenses corrientes,2017,Dato revisado,Anual,
483,                        3.1.2 Instrumentos de deuda,-146.0136753,Millones - Dólares estadounidenses corrientes,2017,Dato revisado,Trimestral,Q1
483,                        3.1.2 Instrumentos de deuda,301.19742264,Millones - Dólares estadounidenses corrientes,2017,Dato revisado,Trimestral,Q2
483,                        3.1.2 Instrumentos de deuda,1299.2618806,Millones - Dólares estadounidenses corrientes,2017,Dato revisado,Trimestral,Q3
483,                        3.1.2 Instrumentos de deuda,339.16776396,Millones - Dólares estadounidenses corrientes,2017,Dato revisado,Trimestral,Q4
483,                        3.1.2 Instrumentos de deuda,1603.81938585,Millones - Dólares estadounidenses corrientes,2018,Dato revisado,Anual,
483,                        3.1.2 Instrumentos de deuda,140.39082476,Millones - Dólares estadounidenses corrientes,2018,Dato revisado,Trimestral,Q1
483,                        3.1.2 Instrumentos de deuda,1289.5948668,Millones - Dólares estadounidenses corrientes,2018,Dato revisado,Trimestral,Q2
483,                        3.1.2 Instrumentos de deuda,187.73143811,Millones - Dólares estadounidenses corrientes,2018,Dato revisado,Trimestral,Q3
483,                        3.1.2 Instrumentos de deuda,-13.89774382,Millones - Dólares estadounidenses corrientes,2018,Dato revisado,Trimestral,Q4
483,                        3.1.2 Instrumentos de deuda,2410.69084319,Millones - Dólares estadounidenses corrientes,2019,Dato revisado,Anual,
483,                        3.1.2 Instrumentos de deuda,827.51290511,Millones - Dólares estadounidenses corrientes,2019,Dato revisado,Trimestral,Q1
483,                        3.1.2 Instrumentos de deuda,1030.6750883,Millones - Dólares estadounidenses corrientes,2019,Dato revisado,Trimestral,Q2
483,                        3.1.2 Instrumentos de deuda,516.36598221,Millones - Dólares estadounidenses corrientes,2019,Dato revisado,Trimestral,Q3
483,                        3.1.2 Instrumentos de deuda,36.13686757,Millones - Dólares estadounidenses corrientes,2019,Dato revisado,Trimestral,Q4
483,                        3.1.2 Instrumentos de deuda,2526.97224961,Millones - Dólares estadounidenses corrientes,2020,Dato revisado,Anual,
483,                        3.1.2 Instrumentos de deuda,1382.2446251,Millones - Dólares estadounidenses corrientes,2020,Dato revisado,Trimestral,Q1
483,                        3.1.2 Instrumentos de deuda,566.94158083,Millones - Dólares estadounidenses corrientes,2020,Dato revisado,Trimestral,Q2
483,                        3.1.2 Instrumentos de deuda,-44.70074688,Millones - Dólares estadounidenses corrientes,2020,Dato revisado,Trimestral,Q3
483,                        3.1.2 Instrumentos de deuda,622.48679056,Millones - Dólares estadounidenses corrientes,2020,Dato revisado,Trimestral,Q4
483,                        3.1.2 Instrumentos de deuda,2485.12911085,Millones - Dólares estadounidenses corrientes,2021,Dato revisado,Anual,
483,                        3.1.2 Instrumentos de deuda,1039.3225921,Millones - Dólares estadounidenses corrientes,2021,Dato revisado,Trimestral,Q1
483,                        3.1.2 Instrumentos de deuda,696.66170271,Millones - Dólares estadounidenses corrientes,2021,Dato revisado,Trimestral,Q2
483,                        3.1.2 Instrumentos de deuda,467.86956227,Millones - Dólares estadounidenses corrientes,2021,Dato revisado,Trimestral,Q3
483,                        3.1.2 Instrumentos de deuda,281.27525377,Millones - Dólares estadounidenses corrientes,2021,Dato revisado,Trimestral,Q4
483,                        3.1.2 Instrumentos de deuda,2955.08557313,Millones - Dólares estadounidenses corrientes,2022,Dato revisado,Anual,
483,                        3.1.2 Instrumentos de deuda,1325.7990788,Millones - Dólares estadounidenses corrientes,2022,Dato revisado,Trimestral,Q1
483,                        3.1.2 Instrumentos de deuda,-120.8677865,Millones - Dólares estadounidenses corrientes,2022,Dato revisado,Trimestral,Q2
483,                        3.1.2 Instrumentos de deuda,705.19033933,Millones - Dólares estadounidenses corrientes,2022,Dato revisado,Trimestral,Q3
483,                        3.1.2 Instrumentos de deuda,1044.9639415,Millones - Dólares estadounidenses corrientes,2022,Dato revisado,Trimestral,Q4
483,                        3.1.2 Instrumentos de deuda,2922.59858113,Millones - Dólares estadounidenses corrientes,2023,Dato provisional,Anual,
483,                        3.1.2 Instrumentos de deuda,1061.5726875,Millones - Dólares estadounidenses corrientes,2023,Dato provisional,Trimestral,Q1
483,                        3.1.2 Instrumentos de deuda,412.62040495,Millones - Dólares estadounidenses corrientes,2023,Dato provisional,Trimestral,Q2
483,                        3.1.2 Instrumentos de deuda,641.4322122,Millones - Dólares estadounidenses corrientes,2023,Dato provisional,Trimestral,Q3
483,                        3.1.2 Instrumentos de deuda,806.97327648,Millones - Dólares estadounidenses corrientes,2023,Dato provisional,Trimestral,Q4
483,                        3.1.2 Instrumentos de deuda,1438.66458344,Millones - Dólares estadounidenses corrientes,2024,Dato provisional,Anual,
483,                        3.1.2 Instrumentos de deuda,419.52436068,Millones - Dólares estadounidenses corrientes,2024,Dato provisional,Trimestral,Q1
483,                        3.1.2 Instrumentos de deuda,-577.9632168,Millones - Dólares estadounidenses corrientes,2024,Dato provisional,Trimestral,Q2
483,                        3.1.2 Instrumentos de deuda,698.96790182,Millones - Dólares estadounidenses corrientes,2024,Dato provisional,Trimestral,Q3
483,                        3.1.2 Instrumentos de deuda,898.13553774,Millones - Dólares estadounidenses corrientes,2024,Dato provisional,Trimestral,Q4
483,                        3.1.2 Instrumentos de deuda,1188.26816689,Millones - Dólares estadounidenses corrientes,2025,Dato preliminar,Anual,
483,                        3.1.2 Instrumentos de deuda,443.70560111,Millones - Dólares estadounidenses corrientes,2025,Dato preliminar,Trimestral,Q1
483,                        3.1.2 Instrumentos de deuda,464.7596422,Millones - Dólares estadounidenses corrientes,2025,Dato preliminar,Trimestral,Q2
483,                        3.1.2 Instrumentos de deuda,279.80292358,Millones - Dólares estadounidenses corrientes,2025,Dato preliminar,Trimestral,Q3
497,              3.2 Inversión de cartera,-174.69070286,Millones - Dólares estadounidenses corrientes,2000,Dato revisado,Anual,
497,              3.2 Inversión de cartera,-361.8044722,Millones - Dólares estadounidenses corrientes,2000,Dato revisado,Trimestral,Q1
497,              3.2 Inversión de cartera,351.07499216,Millones - Dólares estadounidenses corrientes,2000,Dato revisado,Trimestral,Q2
497,              3.2 Inversión de cartera,390.23646388,Millones - Dólares estadounidenses corrientes,2000,Dato revisado,Trimestral,Q3
497,              3.2 Inversión de cartera,-554.1976867,Millones - Dólares estadounidenses corrientes,2000,Dato revisado,Trimestral,Q4
497,              3.2 Inversión de cartera,-1127.36708778,Millones - Dólares estadounidenses corrientes,2001,Dato revisado,Anual,
497,              3.2 Inversión de cartera,-204.5215223,Millones - Dólares estadounidenses corrientes,2001,Dato revisado,Trimestral,Q1
497,              3.2 Inversión de cartera,-1058.727325,Millones - Dólares estadounidenses corrientes,2001,Dato revisado,Trimestral,Q2
497,              3.2 Inversión de cartera,275.08189572,Millones - Dólares estadounidenses corrientes,2001,Dato revisado,Trimestral,Q3
497,              3.2 Inversión de cartera,-139.2001362,Millones - Dólares estadounidenses corrientes,2001,Dato revisado,Trimestral,Q4
497,              3.2 Inversión de cartera,325.82940178,Millones - Dólares estadounidenses corrientes,2002,Dato revisado,Anual,
497,              3.2 Inversión de cartera,1255.0023862,Millones - Dólares estadounidenses corrientes,2002,Dato revisado,Trimestral,Q1
497,              3.2 Inversión de cartera,487.70921628,Millones - Dólares estadounidenses corrientes,2002,Dato revisado,Trimestral,Q2
497,              3.2 Inversión de cartera,-648.4775534,Millones - Dólares estadounidenses corrientes,2002,Dato revisado,Trimestral,Q3
497,              3.2 Inversión de cartera,-768.4046473,Millones - Dólares estadounidenses corrientes,2002,Dato revisado,Trimestral,Q4
497,              3.2 Inversión de cartera,1355.20033866,Millones - Dólares estadounidenses corrientes,2003,Dato revisado,Anual,
497,              3.2 Inversión de cartera,120.98109891,Millones - Dólares estadounidenses corrientes,2003,Dato revisado,Trimestral,Q1
497,              3.2 Inversión de cartera,925.65559034,Millones - Dólares estadounidenses corrientes,2003,Dato revisado,Trimestral,Q2
497,              3.2 Inversión de cartera,447.90210381,Millones - Dólares estadounidenses corrientes,2003,Dato revisado,Trimestral,Q3
497,              3.2 Inversión de cartera,-139.3384544,Millones - Dólares estadounidenses corrientes,2003,Dato revisado,Trimestral,Q4
497,              3.2 Inversión de cartera,-229.54173842,Millones - Dólares estadounidenses corrientes,2004,Dato revisado,Anual,
497,              3.2 Inversión de cartera,165.99409589,Millones - Dólares estadounidenses corrientes,2004,Dato revisado,Trimestral,Q1
497,              3.2 Inversión de cartera,631.73056541,Millones - Dólares estadounidenses corrientes,2004,Dato revisado,Trimestral,Q2
497,              3.2 Inversión de cartera,129.73713628,Millones - Dólares estadounidenses corrientes,2004,Dato revisado,Trimestral,Q3
497,              3.2 Inversión de cartera,-1157.003536,Millones - Dólares estadounidenses corrientes,2004,Dato revisado,Trimestral,Q4
497,              3.2 Inversión de cartera,1483.64701577,Millones - Dólares estadounidenses corrientes,2005,Dato revisado,Anual,
497,              3.2 Inversión de cartera,-143.5173997,Millones - Dólares estadounidenses corrientes,2005,Dato revisado,Trimestral,Q1
497,              3.2 Inversión de cartera,817.23830917,Millones - Dólares estadounidenses corrientes,2005,Dato revisado,Trimestral,Q2
497,              3.2 Inversión de cartera,-159.1357967,Millones - Dólares estadounidenses corrientes,2005,Dato revisado,Trimestral,Q3
497,              3.2 Inversión de cartera,969.061903,Millones - Dólares estadounidenses corrientes,2005,Dato revisado,Trimestral,Q4
497,              3.2 Inversión de cartera,2161.46446675,Millones - Dólares estadounidenses corrientes,2006,Dato revisado,Anual,
497,              3.2 Inversión de cartera,685.96690378,Millones - Dólares estadounidenses corrientes,2006,Dato revisado,Trimestral,Q1
497,              3.2 Inversión de cartera,2167.6797231,Millones - Dólares estadounidenses corrientes,2006,Dato revisado,Trimestral,Q2
497,              3.2 Inversión de cartera,-864.2296365,Millones - Dólares estadounidenses corrientes,2006,Dato revisado,Trimestral,Q3
497,              3.2 Inversión de cartera,172.04747637,Millones - Dólares estadounidenses corrientes,2006,Dato revisado,Trimestral,Q4
497,              3.2 Inversión de cartera,185.515159607,Millones - Dólares estadounidenses corrientes,2007,Dato revisado,Anual,
497,              3.2 Inversión de cartera,-131.480445,Millones - Dólares estadounidenses corrientes,2007,Dato revisado,Trimestral,Q1
497,              3.2 Inversión de cartera,-382.3052743,Millones - Dólares estadounidenses corrientes,2007,Dato revisado,Trimestral,Q2
497,              3.2 Inversión de cartera,26.007039297,Millones - Dólares estadounidenses corrientes,2007,Dato revisado,Trimestral,Q3
497,              3.2 Inversión de cartera,673.29383961,Millones - Dólares estadounidenses corrientes,2007,Dato revisado,Trimestral,Q4
497,              3.2 Inversión de cartera,1011.559638354,Millones - Dólares estadounidenses corrientes,2008,Dato revisado,Anual,
497,              3.2 Inversión de cartera,661.151237,Millones - Dólares estadounidenses corrientes,2008,Dato revisado,Trimestral,Q1
497,              3.2 Inversión de cartera,79.266378394,Millones - Dólares estadounidenses corrientes,2008,Dato revisado,Trimestral,Q2
497,              3.2 Inversión de cartera,-90.73557113,Millones - Dólares estadounidenses corrientes,2008,Dato revisado,Trimestral,Q3
497,              3.2 Inversión de cartera,361.87759409,Millones - Dólares estadounidenses corrientes,2008,Dato revisado,Trimestral,Q4
497,              3.2 Inversión de cartera,-3596.4266738,Millones - Dólares estadounidenses corrientes,2009,Dato revisado,Anual,
497,              3.2 Inversión de cartera,-2041.809666,Millones - Dólares estadounidenses corrientes,2009,Dato revisado,Trimestral,Q1
497,              3.2 Inversión de cartera,-1045.727873,Millones - Dólares estadounidenses corrientes,2009,Dato revisado,Trimestral,Q2
497,              3.2 Inversión de cartera,1415.3837612,Millones - Dólares estadounidenses corrientes,2009,Dato revisado,Trimestral,Q3
497,              3.2 Inversión de cartera,-1924.272896,Millones - Dólares estadounidenses corrientes,2009,Dato revisado,Trimestral,Q4
497,              3.2 Inversión de cartera,87.9693497,Millones - Dólares estadounidenses corrientes,2010,Dato revisado,Anual,
497,              3.2 Inversión de cartera,2160.0824414,Millones - Dólares estadounidenses corrientes,2010,Dato revisado,Trimestral,Q1
497,              3.2 Inversión de cartera,-741.6337008,Millones - Dólares estadounidenses corrientes,2010,Dato revisado,Trimestral,Q2
497,              3.2 Inversión de cartera,-789.4105017,Millones - Dólares estadounidenses corrientes,2010,Dato revisado,Trimestral,Q3
497,              3.2 Inversión de cartera,-541.0688892,Millones - Dólares estadounidenses corrientes,2010,Dato revisado,Trimestral,Q4
497,              3.2 Inversión de cartera,-6170.77841264,Millones - Dólares estadounidenses corrientes,2011,Dato revisado,Anual,
497,              3.2 Inversión de cartera,332.89718616,Millones - Dólares estadounidenses corrientes,2011,Dato revisado,Trimestral,Q1
497,              3.2 Inversión de cartera,-456.7395628,Millones - Dólares estadounidenses corrientes,2011,Dato revisado,Trimestral,Q2
497,              3.2 Inversión de cartera,-2571.171675,Millones - Dólares estadounidenses corrientes,2011,Dato revisado,Trimestral,Q3
497,              3.2 Inversión de cartera,-3475.764361,Millones - Dólares estadounidenses corrientes,2011,Dato revisado,Trimestral,Q4
497,              3.2 Inversión de cartera,-4769.3524953,Millones - Dólares estadounidenses corrientes,2012,Dato revisado,Anual,
497,              3.2 Inversión de cartera,1884.5413178,Millones - Dólares estadounidenses corrientes,2012,Dato revisado,Trimestral,Q1
497,              3.2 Inversión de cartera,-2663.103777,Millones - Dólares estadounidenses corrientes,2012,Dato revisado,Trimestral,Q2
497,              3.2 Inversión de cartera,-3301.395128,Millones - Dólares estadounidenses corrientes,2012,Dato revisado,Trimestral,Q3
497,              3.2 Inversión de cartera,-689.3949081,Millones - Dólares estadounidenses corrientes,2012,Dato revisado,Trimestral,Q4
497,              3.2 Inversión de cartera,-7437.99825,Millones - Dólares estadounidenses corrientes,2013,Dato revisado,Anual,
497,              3.2 Inversión de cartera,-2271.403448,Millones - Dólares estadounidenses corrientes,2013,Dato revisado,Trimestral,Q1
497,              3.2 Inversión de cartera,-1099.741446,Millones - Dólares estadounidenses corrientes,2013,Dato revisado,Trimestral,Q2
497,              3.2 Inversión de cartera,-2172.405605,Millones - Dólares estadounidenses corrientes,2013,Dato revisado,Trimestral,Q3
497,              3.2 Inversión de cartera,-1894.447751,Millones - Dólares estadounidenses corrientes,2013,Dato revisado,Trimestral,Q4
497,              3.2 Inversión de cartera,-11564.821084,Millones - Dólares estadounidenses corrientes,2014,Dato revisado,Anual,
497,              3.2 Inversión de cartera,-2872.585024,Millones - Dólares estadounidenses corrientes,2014,Dato revisado,Trimestral,Q1
497,              3.2 Inversión de cartera,-2054.801228,Millones - Dólares estadounidenses corrientes,2014,Dato revisado,Trimestral,Q2
497,              3.2 Inversión de cartera,-4760.046692,Millones - Dólares estadounidenses corrientes,2014,Dato revisado,Trimestral,Q3
497,              3.2 Inversión de cartera,-1877.38814,Millones - Dólares estadounidenses corrientes,2014,Dato revisado,Trimestral,Q4
497,              3.2 Inversión de cartera,-9090.8908653,Millones - Dólares estadounidenses corrientes,2015,Dato revisado,Anual,
497,              3.2 Inversión de cartera,-2439.658145,Millones - Dólares estadounidenses corrientes,2015,Dato revisado,Trimestral,Q1
497,              3.2 Inversión de cartera,-1433.933728,Millones - Dólares estadounidenses corrientes,2015,Dato revisado,Trimestral,Q2
497,              3.2 Inversión de cartera,-5077.330058,Millones - Dólares estadounidenses corrientes,2015,Dato revisado,Trimestral,Q3
497,              3.2 Inversión de cartera,-139.9689343,Millones - Dólares estadounidenses corrientes,2015,Dato revisado,Trimestral,Q4
497,              3.2 Inversión de cartera,-4945.2472338,Millones - Dólares estadounidenses corrientes,2016,Dato revisado,Anual,
497,              3.2 Inversión de cartera,-894.9631808,Millones - Dólares estadounidenses corrientes,2016,Dato revisado,Trimestral,Q1
497,              3.2 Inversión de cartera,-1685.085939,Millones - Dólares estadounidenses corrientes,2016,Dato revisado,Trimestral,Q2
497,              3.2 Inversión de cartera,-1092.619129,Millones - Dólares estadounidenses corrientes,2016,Dato revisado,Trimestral,Q3
497,              3.2 Inversión de cartera,-1272.578985,Millones - Dólares estadounidenses corrientes,2016,Dato revisado,Trimestral,Q4
497,              3.2 Inversión de cartera,-1799.9218761,Millones - Dólares estadounidenses corrientes,2017,Dato revisado,Anual,
497,              3.2 Inversión de cartera,181.83985183,Millones - Dólares estadounidenses corrientes,2017,Dato revisado,Trimestral,Q1
497,              3.2 Inversión de cartera,-2178.428624,Millones - Dólares estadounidenses corrientes,2017,Dato revisado,Trimestral,Q2
497,              3.2 Inversión de cartera,-423.8269209,Millones - Dólares estadounidenses corrientes,2017,Dato revisado,Trimestral,Q3
497,              3.2 Inversión de cartera,620.49381697,Millones - Dólares estadounidenses corrientes,2017,Dato revisado,Trimestral,Q4
497,              3.2 Inversión de cartera,862.32529913,Millones - Dólares estadounidenses corrientes,2018,Dato revisado,Anual,
497,              3.2 Inversión de cartera,1714.6031927,Millones - Dólares estadounidenses corrientes,2018,Dato revisado,Trimestral,Q1
497,              3.2 Inversión de cartera,349.9558776,Millones - Dólares estadounidenses corrientes,2018,Dato revisado,Trimestral,Q2
497,              3.2 Inversión de cartera,482.02914983,Millones - Dólares estadounidenses corrientes,2018,Dato revisado,Trimestral,Q3
497,              3.2 Inversión de cartera,-1684.262921,Millones - Dólares estadounidenses corrientes,2018,Dato revisado,Trimestral,Q4
497,              3.2 Inversión de cartera,24.06975855,Millones - Dólares estadounidenses corrientes,2019,Dato revisado,Anual,
497,              3.2 Inversión de cartera,-1381.969814,Millones - Dólares estadounidenses corrientes,2019,Dato revisado,Trimestral,Q1
497,              3.2 Inversión de cartera,-282.2100718,Millones - Dólares estadounidenses corrientes,2019,Dato revisado,Trimestral,Q2
497,              3.2 Inversión de cartera,137.16906595,Millones - Dólares estadounidenses corrientes,2019,Dato revisado,Trimestral,Q3
497,              3.2 Inversión de cartera,1551.0805784,Millones - Dólares estadounidenses corrientes,2019,Dato revisado,Trimestral,Q4
497,              3.2 Inversión de cartera,-1768.10529217,Millones - Dólares estadounidenses corrientes,2020,Dato revisado,Anual,
497,              3.2 Inversión de cartera,-167.5652642,Millones - Dólares estadounidenses corrientes,2020,Dato revisado,Trimestral,Q1
497,              3.2 Inversión de cartera,-3429.209095,Millones - Dólares estadounidenses corrientes,2020,Dato revisado,Trimestral,Q2
497,              3.2 Inversión de cartera,322.73472513,Millones - Dólares estadounidenses corrientes,2020,Dato revisado,Trimestral,Q3
497,              3.2 Inversión de cartera,1505.9343419,Millones - Dólares estadounidenses corrientes,2020,Dato revisado,Trimestral,Q4
497,              3.2 Inversión de cartera,-4595.37292928,Millones - Dólares estadounidenses corrientes,2021,Dato revisado,Anual,
497,              3.2 Inversión de cartera,1318.8280556,Millones - Dólares estadounidenses corrientes,2021,Dato revisado,Trimestral,Q1
497,              3.2 Inversión de cartera,-6089.384675,Millones - Dólares estadounidenses corrientes,2021,Dato revisado,Trimestral,Q2
497,              3.2 Inversión de cartera,850.56586332,Millones - Dólares estadounidenses corrientes,2021,Dato revisado,Trimestral,Q3
497,              3.2 Inversión de cartera,-675.3821732,Millones - Dólares estadounidenses corrientes,2021,Dato revisado,Trimestral,Q4
497,              3.2 Inversión de cartera,427.0013722,Millones - Dólares estadounidenses corrientes,2022,Dato revisado,Anual,
497,              3.2 Inversión de cartera,1865.9167996,Millones - Dólares estadounidenses corrientes,2022,Dato revisado,Trimestral,Q1
497,              3.2 Inversión de cartera,-759.0303151,Millones - Dólares estadounidenses corrientes,2022,Dato revisado,Trimestral,Q2
497,              3.2 Inversión de cartera,-233.0353856,Millones - Dólares estadounidenses corrientes,2022,Dato revisado,Trimestral,Q3
497,              3.2 Inversión de cartera,-446.8497267,Millones - Dólares estadounidenses corrientes,2022,Dato revisado,Trimestral,Q4
497,              3.2 Inversión de cartera,8662.7256619,Millones - Dólares estadounidenses corrientes,2023,Dato provisional,Anual,
497,              3.2 Inversión de cartera,1111.2809603,Millones - Dólares estadounidenses corrientes,2023,Dato provisional,Trimestral,Q1
497,              3.2 Inversión de cartera,1519.8078743,Millones - Dólares estadounidenses corrientes,2023,Dato provisional,Trimestral,Q2
497,              3.2 Inversión de cartera,4527.3294861,Millones - Dólares estadounidenses corrientes,2023,Dato provisional,Trimestral,Q3
497,              3.2 Inversión de cartera,1504.3073412,Millones - Dólares estadounidenses corrientes,2023,Dato provisional,Trimestral,Q4
497,              3.2 Inversión de cartera,2271.5760182,Millones - Dólares estadounidenses corrientes,2024,Dato provisional,Anual,
497,              3.2 Inversión de cartera,1415.8371325,Millones - Dólares estadounidenses corrientes,2024,Dato provisional,Trimestral,Q1
497,              3.2 Inversión de cartera,-451.2502465,Millones - Dólares estadounidenses corrientes,2024,Dato provisional,Trimestral,Q2
497,              3.2 Inversión de cartera,3489.4302172,Millones - Dólares estadounidenses corrientes,2024,Dato provisional,Trimestral,Q3
497,              3.2 Inversión de cartera,-2182.441085,Millones - Dólares estadounidenses corrientes,2024,Dato provisional,Trimestral,Q4
497,              3.2 Inversión de cartera,-5719.0506811,Millones - Dólares estadounidenses corrientes,2025,Dato preliminar,Anual,
497,              3.2 Inversión de cartera,2939.9543609,Millones - Dólares estadounidenses corrientes,2025,Dato preliminar,Trimestral,Q1
497,              3.2 Inversión de cartera,-3820.728434,Millones - Dólares estadounidenses corrientes,2025,Dato preliminar,Trimestral,Q2
497,              3.2 Inversión de cartera,-4838.276608,Millones - Dólares estadounidenses corrientes,2025,Dato preliminar,Trimestral,Q3
498,                   Adquisición neta de activos financieros,1278.68457942,Millones - Dólares estadounidenses corrientes,2000,Dato revisado,Anual,
498,                   Adquisición neta de activos financieros,409.84496736,Millones - Dólares estadounidenses corrientes,2000,Dato revisado,Trimestral,Q1
498,                   Adquisición neta de activos financieros,525.79504818,Millones - Dólares estadounidenses corrientes,2000,Dato revisado,Trimestral,Q2
498,                   Adquisición neta de activos financieros,501.94062208,Millones - Dólares estadounidenses corrientes,2000,Dato revisado,Trimestral,Q3
498,                   Adquisición neta de activos financieros,-158.8960582,Millones - Dólares estadounidenses corrientes,2000,Dato revisado,Trimestral,Q4
498,                   Adquisición neta de activos financieros,2321.87554007,Millones - Dólares estadounidenses corrientes,2001,Dato revisado,Anual,
498,                   Adquisición neta de activos financieros,534.07405709,Millones - Dólares estadounidenses corrientes,2001,Dato revisado,Trimestral,Q1
498,                   Adquisición neta de activos financieros,748.90497034,Millones - Dólares estadounidenses corrientes,2001,Dato revisado,Trimestral,Q2
498,                   Adquisición neta de activos financieros,418.73247066,Millones - Dólares estadounidenses corrientes,2001,Dato revisado,Trimestral,Q3
498,                   Adquisición neta de activos financieros,620.16404198,Millones - Dólares estadounidenses corrientes,2001,Dato revisado,Trimestral,Q4
498,                   Adquisición neta de activos financieros,-606.69170814,Millones - Dólares estadounidenses corrientes,2002,Dato revisado,Anual,
498,                   Adquisición neta de activos financieros,609.35210016,Millones - Dólares estadounidenses corrientes,2002,Dato revisado,Trimestral,Q1
498,                   Adquisición neta de activos financieros,-168.5251443,Millones - Dólares estadounidenses corrientes,2002,Dato revisado,Trimestral,Q2
498,                   Adquisición neta de activos financieros,-610.0259333,Millones - Dólares estadounidenses corrientes,2002,Dato revisado,Trimestral,Q3
498,                   Adquisición neta de activos financieros,-437.4927307,Millones - Dólares estadounidenses corrientes,2002,Dato revisado,Trimestral,Q4
498,                   Adquisición neta de activos financieros,1484.75722056,Millones - Dólares estadounidenses corrientes,2003,Dato revisado,Anual,
498,                   Adquisición neta de activos financieros,146.05209411,Millones - Dólares estadounidenses corrientes,2003,Dato revisado,Trimestral,Q1
498,                   Adquisición neta de activos financieros,566.31890074,Millones - Dólares estadounidenses corrientes,2003,Dato revisado,Trimestral,Q2
498,                   Adquisición neta de activos financieros,542.66526331,Millones - Dólares estadounidenses corrientes,2003,Dato revisado,Trimestral,Q3
498,                   Adquisición neta de activos financieros,229.7209624,Millones - Dólares estadounidenses corrientes,2003,Dato revisado,Trimestral,Q4
498,                   Adquisición neta de activos financieros,1076.16115456,Millones - Dólares estadounidenses corrientes,2004,Dato revisado,Anual,
498,                   Adquisición neta de activos financieros,337.17747543,Millones - Dólares estadounidenses corrientes,2004,Dato revisado,Trimestral,Q1
498,                   Adquisición neta de activos financieros,568.7599806,Millones - Dólares estadounidenses corrientes,2004,Dato revisado,Trimestral,Q2
498,                   Adquisición neta de activos financieros,717.43797043,Millones - Dólares estadounidenses corrientes,2004,Dato revisado,Trimestral,Q3
498,                   Adquisición neta de activos financieros,-547.2142719,Millones - Dólares estadounidenses corrientes,2004,Dato revisado,Trimestral,Q4
498,                   Adquisición neta de activos financieros,1431.12453395,Millones - Dólares estadounidenses corrientes,2005,Dato revisado,Anual,
498,                   Adquisición neta de activos financieros,283.05036657,Millones - Dólares estadounidenses corrientes,2005,Dato revisado,Trimestral,Q1
498,                   Adquisición neta de activos financieros,116.68568018,Millones - Dólares estadounidenses corrientes,2005,Dato revisado,Trimestral,Q2
498,                   Adquisición neta de activos financieros,-210.9597467,Millones - Dólares estadounidenses corrientes,2005,Dato revisado,Trimestral,Q3
498,                   Adquisición neta de activos financieros,1242.3482339,Millones - Dólares estadounidenses corrientes,2005,Dato revisado,Trimestral,Q4
498,                   Adquisición neta de activos financieros,3063.45053143,Millones - Dólares estadounidenses corrientes,2006,Dato revisado,Anual,
498,                   Adquisición neta de activos financieros,312.72239963,Millones - Dólares estadounidenses corrientes,2006,Dato revisado,Trimestral,Q1
498,                   Adquisición neta de activos financieros,1160.2850942,Millones - Dólares estadounidenses corrientes,2006,Dato revisado,Trimestral,Q2
498,                   Adquisición neta de activos financieros,835.01357007,Millones - Dólares estadounidenses corrientes,2006,Dato revisado,Trimestral,Q3
498,                   Adquisición neta de activos financieros,755.42946753,Millones - Dólares estadounidenses corrientes,2006,Dato revisado,Trimestral,Q4
498,                   Adquisición neta de activos financieros,2069.36806784,Millones - Dólares estadounidenses corrientes,2007,Dato revisado,Anual,
498,                   Adquisición neta de activos financieros,-53.41751231,Millones - Dólares estadounidenses corrientes,2007,Dato revisado,Trimestral,Q1
498,                   Adquisición neta de activos financieros,499.17593611,Millones - Dólares estadounidenses corrientes,2007,Dato revisado,Trimestral,Q2
498,                   Adquisición neta de activos financieros,899.7766537,Millones - Dólares estadounidenses corrientes,2007,Dato revisado,Trimestral,Q3
498,                   Adquisición neta de activos financieros,723.83299034,Millones - Dólares estadounidenses corrientes,2007,Dato revisado,Trimestral,Q4
498,                   Adquisición neta de activos financieros,-183.65253501,Millones - Dólares estadounidenses corrientes,2008,Dato revisado,Anual,
498,                   Adquisición neta de activos financieros,475.6789584,Millones - Dólares estadounidenses corrientes,2008,Dato revisado,Trimestral,Q1
498,                   Adquisición neta de activos financieros,-428.8089542,Millones - Dólares estadounidenses corrientes,2008,Dato revisado,Trimestral,Q2
498,                   Adquisición neta de activos financieros,-199.9999467,Millones - Dólares estadounidenses corrientes,2008,Dato revisado,Trimestral,Q3
498,                   Adquisición neta de activos financieros,-30.52259251,Millones - Dólares estadounidenses corrientes,2008,Dato revisado,Trimestral,Q4
498,                   Adquisición neta de activos financieros,1071.7287364,Millones - Dólares estadounidenses corrientes,2009,Dato revisado,Anual,
498,                   Adquisición neta de activos financieros,-1067.810965,Millones - Dólares estadounidenses corrientes,2009,Dato revisado,Trimestral,Q1
498,                   Adquisición neta de activos financieros,-610.5598073,Millones - Dólares estadounidenses corrientes,2009,Dato revisado,Trimestral,Q2
498,                   Adquisición neta de activos financieros,3241.7345993,Millones - Dólares estadounidenses corrientes,2009,Dato revisado,Trimestral,Q3
498,                   Adquisición neta de activos financieros,-491.6350906,Millones - Dólares estadounidenses corrientes,2009,Dato revisado,Trimestral,Q4
498,                   Adquisición neta de activos financieros,3350.51960797,Millones - Dólares estadounidenses corrientes,2010,Dato revisado,Anual,
498,                   Adquisición neta de activos financieros,1588.0992784,Millones - Dólares estadounidenses corrientes,2010,Dato revisado,Trimestral,Q1
498,                   Adquisición neta de activos financieros,313.10843026,Millones - Dólares estadounidenses corrientes,2010,Dato revisado,Trimestral,Q2
498,                   Adquisición neta de activos financieros,723.9438038,Millones - Dólares estadounidenses corrientes,2010,Dato revisado,Trimestral,Q3
498,                   Adquisición neta de activos financieros,725.36809551,Millones - Dólares estadounidenses corrientes,2010,Dato revisado,Trimestral,Q4
498,                   Adquisición neta de activos financieros,1361.32275129,Millones - Dólares estadounidenses corrientes,2011,Dato revisado,Anual,
498,                   Adquisición neta de activos financieros,2204.1531169,Millones - Dólares estadounidenses corrientes,2011,Dato revisado,Trimestral,Q1
498,                   Adquisición neta de activos financieros,543.39152949,Millones - Dólares estadounidenses corrientes,2011,Dato revisado,Trimestral,Q2
498,                   Adquisición neta de activos financieros,-266.0353381,Millones - Dólares estadounidenses corrientes,2011,Dato revisado,Trimestral,Q3
498,                   Adquisición neta de activos financieros,-1120.186557,Millones - Dólares estadounidenses corrientes,2011,Dato revisado,Trimestral,Q4
498,                   Adquisición neta de activos financieros,2586.35133431,Millones - Dólares estadounidenses corrientes,2012,Dato revisado,Anual,
498,                   Adquisición neta de activos financieros,3163.7173119,Millones - Dólares estadounidenses corrientes,2012,Dato revisado,Trimestral,Q1
498,                   Adquisición neta de activos financieros,-1295.427554,Millones - Dólares estadounidenses corrientes,2012,Dato revisado,Trimestral,Q2
498,                   Adquisición neta de activos financieros,486.60173227,Millones - Dólares estadounidenses corrientes,2012,Dato revisado,Trimestral,Q3
498,                   Adquisición neta de activos financieros,231.45984414,Millones - Dólares estadounidenses corrientes,2012,Dato revisado,Trimestral,Q4
498,                   Adquisición neta de activos financieros,3635.09856848,Millones - Dólares estadounidenses corrientes,2013,Dato revisado,Anual,
498,                   Adquisición neta de activos financieros,772.46092867,Millones - Dólares estadounidenses corrientes,2013,Dato revisado,Trimestral,Q1
498,                   Adquisición neta de activos financieros,763.60097381,Millones - Dólares estadounidenses corrientes,2013,Dato revisado,Trimestral,Q2
498,                   Adquisición neta de activos financieros,3298.404169,Millones - Dólares estadounidenses corrientes,2013,Dato revisado,Trimestral,Q3
498,                   Adquisición neta de activos financieros,-1199.367503,Millones - Dólares estadounidenses corrientes,2013,Dato revisado,Trimestral,Q4
498,                   Adquisición neta de activos financieros,7096.20753303,Millones - Dólares estadounidenses corrientes,2014,Dato revisado,Anual,
498,                   Adquisición neta de activos financieros,1358.7374054,Millones - Dólares estadounidenses corrientes,2014,Dato revisado,Trimestral,Q1
498,                   Adquisición neta de activos financieros,3947.3153257,Millones - Dólares estadounidenses corrientes,2014,Dato revisado,Trimestral,Q2
498,                   Adquisición neta de activos financieros,1662.8910809,Millones - Dólares estadounidenses corrientes,2014,Dato revisado,Trimestral,Q3
498,                   Adquisición neta de activos financieros,127.26372103,Millones - Dólares estadounidenses corrientes,2014,Dato revisado,Trimestral,Q4
498,                   Adquisición neta de activos financieros,-400.16227581,Millones - Dólares estadounidenses corrientes,2015,Dato revisado,Anual,
498,                   Adquisición neta de activos financieros,1590.2182504,Millones - Dólares estadounidenses corrientes,2015,Dato revisado,Trimestral,Q1
498,                   Adquisición neta de activos financieros,874.77950599,Millones - Dólares estadounidenses corrientes,2015,Dato revisado,Trimestral,Q2
498,                   Adquisición neta de activos financieros,-2286.689313,Millones - Dólares estadounidenses corrientes,2015,Dato revisado,Trimestral,Q3
498,                   Adquisición neta de activos financieros,-578.4707192,Millones - Dólares estadounidenses corrientes,2015,Dato revisado,Trimestral,Q4
498,                   Adquisición neta de activos financieros,5083.9975853,Millones - Dólares estadounidenses corrientes,2016,Dato revisado,Anual,
498,                   Adquisición neta de activos financieros,1314.1877879,Millones - Dólares estadounidenses corrientes,2016,Dato revisado,Trimestral,Q1
498,                   Adquisición neta de activos financieros,1229.1086235,Millones - Dólares estadounidenses corrientes,2016,Dato revisado,Trimestral,Q2
498,                   Adquisición neta de activos financieros,1513.8407931,Millones - Dólares estadounidenses corrientes,2016,Dato revisado,Trimestral,Q3
498,                   Adquisición neta de activos financieros,1026.8603808,Millones - Dólares estadounidenses corrientes,2016,Dato revisado,Trimestral,Q4
498,                   Adquisición neta de activos financieros,6012.3575383,Millones - Dólares estadounidenses corrientes,2017,Dato revisado,Anual,
498,                   Adquisición neta de activos financieros,1985.679461,Millones - Dólares estadounidenses corrientes,2017,Dato revisado,Trimestral,Q1
498,                   Adquisición neta de activos financieros,-744.1401037,Millones - Dólares estadounidenses corrientes,2017,Dato revisado,Trimestral,Q2
498,                   Adquisición neta de activos financieros,2377.652254,Millones - Dólares estadounidenses corrientes,2017,Dato revisado,Trimestral,Q3
498,                   Adquisición neta de activos financieros,2393.165927,Millones - Dólares estadounidenses corrientes,2017,Dato revisado,Trimestral,Q4
498,                   Adquisición neta de activos financieros,1211.197221574,Millones - Dólares estadounidenses corrientes,2018,Dato revisado,Anual,
498,                   Adquisición neta de activos financieros,1867.6810514,Millones - Dólares estadounidenses corrientes,2018,Dato revisado,Trimestral,Q1
498,                   Adquisición neta de activos financieros,90.808538774,Millones - Dólares estadounidenses corrientes,2018,Dato revisado,Trimestral,Q2
498,                   Adquisición neta de activos financieros,1063.5028224,Millones - Dólares estadounidenses corrientes,2018,Dato revisado,Trimestral,Q3
498,                   Adquisición neta de activos financieros,-1810.795191,Millones - Dólares estadounidenses corrientes,2018,Dato revisado,Trimestral,Q4
498,                   Adquisición neta de activos financieros,315.34957396,Millones - Dólares estadounidenses corrientes,2019,Dato revisado,Anual,
498,                   Adquisición neta de activos financieros,-715.1166254,Millones - Dólares estadounidenses corrientes,2019,Dato revisado,Trimestral,Q1
498,                   Adquisición neta de activos financieros,637.10267432,Millones - Dólares estadounidenses corrientes,2019,Dato revisado,Trimestral,Q2
498,                   Adquisición neta de activos financieros,408.09622736,Millones - Dólares estadounidenses corrientes,2019,Dato revisado,Trimestral,Q3
498,                   Adquisición neta de activos financieros,-14.73270232,Millones - Dólares estadounidenses corrientes,2019,Dato revisado,Trimestral,Q4
498,                   Adquisición neta de activos financieros,5746.946372,Millones - Dólares estadounidenses corrientes,2020,Dato revisado,Anual,
498,                   Adquisición neta de activos financieros,-870.0933516,Millones - Dólares estadounidenses corrientes,2020,Dato revisado,Trimestral,Q1
498,                   Adquisición neta de activos financieros,1252.4186738,Millones - Dólares estadounidenses corrientes,2020,Dato revisado,Trimestral,Q2
498,                   Adquisición neta de activos financieros,2281.8829815,Millones - Dólares estadounidenses corrientes,2020,Dato revisado,Trimestral,Q3
498,                   Adquisición neta de activos financieros,3082.7380683,Millones - Dólares estadounidenses corrientes,2020,Dato revisado,Trimestral,Q4
498,                   Adquisición neta de activos financieros,3751.20528497,Millones - Dólares estadounidenses corrientes,2021,Dato revisado,Anual,
498,                   Adquisición neta de activos financieros,422.03813277,Millones - Dólares estadounidenses corrientes,2021,Dato revisado,Trimestral,Q1
498,                   Adquisición neta de activos financieros,-159.1024775,Millones - Dólares estadounidenses corrientes,2021,Dato revisado,Trimestral,Q2
498,                   Adquisición neta de activos financieros,1693.4784302,Millones - Dólares estadounidenses corrientes,2021,Dato revisado,Trimestral,Q3
498,                   Adquisición neta de activos financieros,1794.7911995,Millones - Dólares estadounidenses corrientes,2021,Dato revisado,Trimestral,Q4
498,                   Adquisición neta de activos financieros,3306.82731523,Millones - Dólares estadounidenses corrientes,2022,Dato revisado,Anual,
498,                   Adquisición neta de activos financieros,2666.3395875,Millones - Dólares estadounidenses corrientes,2022,Dato revisado,Trimestral,Q1
498,                   Adquisición neta de activos financieros,662.57911092,Millones - Dólares estadounidenses corrientes,2022,Dato revisado,Trimestral,Q2
498,                   Adquisición neta de activos financieros,410.76047271,Millones - Dólares estadounidenses corrientes,2022,Dato revisado,Trimestral,Q3
498,                   Adquisición neta de activos financieros,-432.8518559,Millones - Dólares estadounidenses corrientes,2022,Dato revisado,Trimestral,Q4
498,                   Adquisición neta de activos financieros,9779.5759009,Millones - Dólares estadounidenses corrientes,2023,Dato provisional,Anual,
498,                   Adquisición neta de activos financieros,2101.3245086,Millones - Dólares estadounidenses corrientes,2023,Dato provisional,Trimestral,Q1
498,                   Adquisición neta de activos financieros,1100.3013599,Millones - Dólares estadounidenses corrientes,2023,Dato provisional,Trimestral,Q2
498,                   Adquisición neta de activos financieros,2975.5265393,Millones - Dólares estadounidenses corrientes,2023,Dato provisional,Trimestral,Q3
498,                   Adquisición neta de activos financieros,3602.4234931,Millones - Dólares estadounidenses corrientes,2023,Dato provisional,Trimestral,Q4
498,                   Adquisición neta de activos financieros,5384.3293405,Millones - Dólares estadounidenses corrientes,2024,Dato provisional,Anual,
498,                   Adquisición neta de activos financieros,1999.1305913,Millones - Dólares estadounidenses corrientes,2024,Dato provisional,Trimestral,Q1
498,                   Adquisición neta de activos financieros,1225.4572926,Millones - Dólares estadounidenses corrientes,2024,Dato provisional,Trimestral,Q2
498,                   Adquisición neta de activos financieros,2417.0796023,Millones - Dólares estadounidenses corrientes,2024,Dato provisional,Trimestral,Q3
498,                   Adquisición neta de activos financieros,-257.3381457,Millones - Dólares estadounidenses corrientes,2024,Dato provisional,Trimestral,Q4
498,                   Adquisición neta de activos financieros,8135.2101399,Millones - Dólares estadounidenses corrientes,2025,Dato preliminar,Anual,
498,                   Adquisición neta de activos financieros,4146.8008065,Millones - Dólares estadounidenses corrientes,2025,Dato preliminar,Trimestral,Q1
498,                   Adquisición neta de activos financieros,2469.8269039,Millones - Dólares estadounidenses corrientes,2025,Dato preliminar,Trimestral,Q2
498,                   Adquisición neta de activos financieros,1518.5824295,Millones - Dólares estadounidenses corrientes,2025,Dato preliminar,Trimestral,Q3
499,                        3.2.1 Participaciones de capital y participaciones en fondos de inversión,0,Millones - Dólares estadounidenses corrientes,2000,Dato revisado,Anual,
499,                        3.2.1 Participaciones de capital y participaciones en fondos de inversión,0,Millones - Dólares estadounidenses corrientes,2000,Dato revisado,Trimestral,Q1
499,                        3.2.1 Participaciones de capital y participaciones en fondos de inversión,0,Millones - Dólares estadounidenses corrientes,2000,Dato revisado,Trimestral,Q2
499,                        3.2.1 Participaciones de capital y participaciones en fondos de inversión,0,Millones - Dólares estadounidenses corrientes,2000,Dato revisado,Trimestral,Q3
499,                        3.2.1 Participaciones de capital y participaciones en fondos de inversión,0,Millones - Dólares estadounidenses corrientes,2000,Dato revisado,Trimestral,Q4
499,                        3.2.1 Participaciones de capital y participaciones en fondos de inversión,0,Millones - Dólares estadounidenses corrientes,2001,Dato revisado,Anual,
499,                        3.2.1 Participaciones de capital y participaciones en fondos de inversión,0,Millones - Dólares estadounidenses corrientes,2001,Dato revisado,Trimestral,Q1
499,                        3.2.1 Participaciones de capital y participaciones en fondos de inversión,0,Millones - Dólares estadounidenses corrientes,2001,Dato revisado,Trimestral,Q2
499,                        3.2.1 Participaciones de capital y participaciones en fondos de inversión,0,Millones - Dólares estadounidenses corrientes,2001,Dato revisado,Trimestral,Q3
499,                        3.2.1 Participaciones de capital y participaciones en fondos de inversión,0,Millones - Dólares estadounidenses corrientes,2001,Dato revisado,Trimestral,Q4
499,                        3.2.1 Participaciones de capital y participaciones en fondos de inversión,0,Millones - Dólares estadounidenses corrientes,2002,Dato revisado,Anual,
499,                        3.2.1 Participaciones de capital y participaciones en fondos de inversión,0,Millones - Dólares estadounidenses corrientes,2002,Dato revisado,Trimestral,Q1
499,                        3.2.1 Participaciones de capital y participaciones en fondos de inversión,0,Millones - Dólares estadounidenses corrientes,2002,Dato revisado,Trimestral,Q2
499,                        3.2.1 Participaciones de capital y participaciones en fondos de inversión,0,Millones - Dólares estadounidenses corrientes,2002,Dato revisado,Trimestral,Q3
499,                        3.2.1 Participaciones de capital y participaciones en fondos de inversión,0,Millones - Dólares estadounidenses corrientes,2002,Dato revisado,Trimestral,Q4
499,                        3.2.1 Participaciones de capital y participaciones en fondos de inversión,0,Millones - Dólares estadounidenses corrientes,2003,Dato revisado,Anual,
499,                        3.2.1 Participaciones de capital y participaciones en fondos de inversión,0,Millones - Dólares estadounidenses corrientes,2003,Dato revisado,Trimestral,Q1
499,                        3.2.1 Participaciones de capital y participaciones en fondos de inversión,0,Millones - Dólares estadounidenses corrientes,2003,Dato revisado,Trimestral,Q2
499,                        3.2.1 Participaciones de capital y participaciones en fondos de inversión,0,Millones - Dólares estadounidenses corrientes,2003,Dato revisado,Trimestral,Q3
499,                        3.2.1 Participaciones de capital y participaciones en fondos de inversión,0,Millones - Dólares estadounidenses corrientes,2003,Dato revisado,Trimestral,Q4
499,                        3.2.1 Participaciones de capital y participaciones en fondos de inversión,24.2813954925,Millones - Dólares estadounidenses corrientes,2004,Dato revisado,Anual,
499,                        3.2.1 Participaciones de capital y participaciones en fondos de inversión,0,Millones - Dólares estadounidenses corrientes,2004,Dato revisado,Trimestral,Q1
499,                        3.2.1 Participaciones de capital y participaciones en fondos de inversión,0,Millones - Dólares estadounidenses corrientes,2004,Dato revisado,Trimestral,Q2
499,                        3.2.1 Participaciones de capital y participaciones en fondos de inversión,7.7868884175,Millones - Dólares estadounidenses corrientes,2004,Dato revisado,Trimestral,Q3
499,                        3.2.1 Participaciones de capital y participaciones en fondos de inversión,16.494507075,Millones - Dólares estadounidenses corrientes,2004,Dato revisado,Trimestral,Q4
499,                        3.2.1 Participaciones de capital y participaciones en fondos de inversión,145.1042542026,Millones - Dólares estadounidenses corrientes,2005,Dato revisado,Anual,
499,                        3.2.1 Participaciones de capital y participaciones en fondos de inversión,26.358534652,Millones - Dólares estadounidenses corrientes,2005,Dato revisado,Trimestral,Q1
499,                        3.2.1 Participaciones de capital y participaciones en fondos de inversión,33.725384085,Millones - Dólares estadounidenses corrientes,2005,Dato revisado,Trimestral,Q2
499,                        3.2.1 Participaciones de capital y participaciones en fondos de inversión,5.3037986506,Millones - Dólares estadounidenses corrientes,2005,Dato revisado,Trimestral,Q3
499,                        3.2.1 Participaciones de capital y participaciones en fondos de inversión,79.716536815,Millones - Dólares estadounidenses corrientes,2005,Dato revisado,Trimestral,Q4
499,                        3.2.1 Participaciones de capital y participaciones en fondos de inversión,96.471982322,Millones - Dólares estadounidenses corrientes,2006,Dato revisado,Anual,
499,                        3.2.1 Participaciones de capital y participaciones en fondos de inversión,-22.57058065,Millones - Dólares estadounidenses corrientes,2006,Dato revisado,Trimestral,Q1
499,                        3.2.1 Participaciones de capital y participaciones en fondos de inversión,-16.54543568,Millones - Dólares estadounidenses corrientes,2006,Dato revisado,Trimestral,Q2
499,                        3.2.1 Participaciones de capital y participaciones en fondos de inversión,63.067831012,Millones - Dólares estadounidenses corrientes,2006,Dato revisado,Trimestral,Q3
499,                        3.2.1 Participaciones de capital y participaciones en fondos de inversión,72.52016764,Millones - Dólares estadounidenses corrientes,2006,Dato revisado,Trimestral,Q4
499,                        3.2.1 Participaciones de capital y participaciones en fondos de inversión,-80.108023796,Millones - Dólares estadounidenses corrientes,2007,Dato revisado,Anual,
499,                        3.2.1 Participaciones de capital y participaciones en fondos de inversión,-114.0998259,Millones - Dólares estadounidenses corrientes,2007,Dato revisado,Trimestral,Q1
499,                        3.2.1 Participaciones de capital y participaciones en fondos de inversión,-102.8783167,Millones - Dólares estadounidenses corrientes,2007,Dato revisado,Trimestral,Q2
499,                        3.2.1 Participaciones de capital y participaciones en fondos de inversión,-5.198155636,Millones - Dólares estadounidenses corrientes,2007,Dato revisado,Trimestral,Q3
499,                        3.2.1 Participaciones de capital y participaciones en fondos de inversión,142.06827444,Millones - Dólares estadounidenses corrientes,2007,Dato revisado,Trimestral,Q4
499,                        3.2.1 Participaciones de capital y participaciones en fondos de inversión,134.267179244,Millones - Dólares estadounidenses corrientes,2008,Dato revisado,Anual,
499,                        3.2.1 Participaciones de capital y participaciones en fondos de inversión,227.55093372,Millones - Dólares estadounidenses corrientes,2008,Dato revisado,Trimestral,Q1
499,                        3.2.1 Participaciones de capital y participaciones en fondos de inversión,13.496335126,Millones - Dólares estadounidenses corrientes,2008,Dato revisado,Trimestral,Q2
499,                        3.2.1 Participaciones de capital y participaciones en fondos de inversión,-186.750873,Millones - Dólares estadounidenses corrientes,2008,Dato revisado,Trimestral,Q3
499,                        3.2.1 Participaciones de capital y participaciones en fondos de inversión,79.970783398,Millones - Dólares estadounidenses corrientes,2008,Dato revisado,Trimestral,Q4
499,                        3.2.1 Participaciones de capital y participaciones en fondos de inversión,1244.092535358,Millones - Dólares estadounidenses corrientes,2009,Dato revisado,Anual,
499,                        3.2.1 Participaciones de capital y participaciones en fondos de inversión,39.994125928,Millones - Dólares estadounidenses corrientes,2009,Dato revisado,Trimestral,Q1
499,                        3.2.1 Participaciones de capital y participaciones en fondos de inversión,267.75433339,Millones - Dólares estadounidenses corrientes,2009,Dato revisado,Trimestral,Q2
499,                        3.2.1 Participaciones de capital y participaciones en fondos de inversión,320.28104913,Millones - Dólares estadounidenses corrientes,2009,Dato revisado,Trimestral,Q3
499,                        3.2.1 Participaciones de capital y participaciones en fondos de inversión,616.06302691,Millones - Dólares estadounidenses corrientes,2009,Dato revisado,Trimestral,Q4
499,                        3.2.1 Participaciones de capital y participaciones en fondos de inversión,1527.49670193,Millones - Dólares estadounidenses corrientes,2010,Dato revisado,Anual,
499,                        3.2.1 Participaciones de capital y participaciones en fondos de inversión,173.75357462,Millones - Dólares estadounidenses corrientes,2010,Dato revisado,Trimestral,Q1
499,                        3.2.1 Participaciones de capital y participaciones en fondos de inversión,358.64601321,Millones - Dólares estadounidenses corrientes,2010,Dato revisado,Trimestral,Q2
499,                        3.2.1 Participaciones de capital y participaciones en fondos de inversión,607.88599933,Millones - Dólares estadounidenses corrientes,2010,Dato revisado,Trimestral,Q3
499,                        3.2.1 Participaciones de capital y participaciones en fondos de inversión,387.21111477,Millones - Dólares estadounidenses corrientes,2010,Dato revisado,Trimestral,Q4
499,                        3.2.1 Participaciones de capital y participaciones en fondos de inversión,254.39973301,Millones - Dólares estadounidenses corrientes,2011,Dato revisado,Anual,
499,                        3.2.1 Participaciones de capital y participaciones en fondos de inversión,881.80828741,Millones - Dólares estadounidenses corrientes,2011,Dato revisado,Trimestral,Q1
499,                        3.2.1 Participaciones de capital y participaciones en fondos de inversión,-174.8713012,Millones - Dólares estadounidenses corrientes,2011,Dato revisado,Trimestral,Q2
499,                        3.2.1 Participaciones de capital y participaciones en fondos de inversión,-336.915996,Millones - Dólares estadounidenses corrientes,2011,Dato revisado,Trimestral,Q3
499,                        3.2.1 Participaciones de capital y participaciones en fondos de inversión,-115.6212572,Millones - Dólares estadounidenses corrientes,2011,Dato revisado,Trimestral,Q4
499,                        3.2.1 Participaciones de capital y participaciones en fondos de inversión,350.32191549,Millones - Dólares estadounidenses corrientes,2012,Dato revisado,Anual,
499,                        3.2.1 Participaciones de capital y participaciones en fondos de inversión,27.51802175,Millones - Dólares estadounidenses corrientes,2012,Dato revisado,Trimestral,Q1
499,                        3.2.1 Participaciones de capital y participaciones en fondos de inversión,288.49768398,Millones - Dólares estadounidenses corrientes,2012,Dato revisado,Trimestral,Q2
499,                        3.2.1 Participaciones de capital y participaciones en fondos de inversión,-108.8589707,Millones - Dólares estadounidenses corrientes,2012,Dato revisado,Trimestral,Q3
499,                        3.2.1 Participaciones de capital y participaciones en fondos de inversión,143.16518046,Millones - Dólares estadounidenses corrientes,2012,Dato revisado,Trimestral,Q4
499,                        3.2.1 Participaciones de capital y participaciones en fondos de inversión,1102.7496911,Millones - Dólares estadounidenses corrientes,2013,Dato revisado,Anual,
499,                        3.2.1 Participaciones de capital y participaciones en fondos de inversión,-106.4040988,Millones - Dólares estadounidenses corrientes,2013,Dato revisado,Trimestral,Q1
499,                        3.2.1 Participaciones de capital y participaciones en fondos de inversión,-295.377219,Millones - Dólares estadounidenses corrientes,2013,Dato revisado,Trimestral,Q2
499,                        3.2.1 Participaciones de capital y participaciones en fondos de inversión,642.16161143,Millones - Dólares estadounidenses corrientes,2013,Dato revisado,Trimestral,Q3
499,                        3.2.1 Participaciones de capital y participaciones en fondos de inversión,862.36939747,Millones - Dólares estadounidenses corrientes,2013,Dato revisado,Trimestral,Q4
499,                        3.2.1 Participaciones de capital y participaciones en fondos de inversión,4110.45250553,Millones - Dólares estadounidenses corrientes,2014,Dato revisado,Anual,
499,                        3.2.1 Participaciones de capital y participaciones en fondos de inversión,1056.7376283,Millones - Dólares estadounidenses corrientes,2014,Dato revisado,Trimestral,Q1
499,                        3.2.1 Participaciones de capital y participaciones en fondos de inversión,373.94712013,Millones - Dólares estadounidenses corrientes,2014,Dato revisado,Trimestral,Q2
499,                        3.2.1 Participaciones de capital y participaciones en fondos de inversión,1187.4189465,Millones - Dólares estadounidenses corrientes,2014,Dato revisado,Trimestral,Q3
499,                        3.2.1 Participaciones de capital y participaciones en fondos de inversión,1492.3488106,Millones - Dólares estadounidenses corrientes,2014,Dato revisado,Trimestral,Q4
499,                        3.2.1 Participaciones de capital y participaciones en fondos de inversión,439.37646255,Millones - Dólares estadounidenses corrientes,2015,Dato revisado,Anual,
499,                        3.2.1 Participaciones de capital y participaciones en fondos de inversión,461.65791725,Millones - Dólares estadounidenses corrientes,2015,Dato revisado,Trimestral,Q1
499,                        3.2.1 Participaciones de capital y participaciones en fondos de inversión,-37.03472633,Millones - Dólares estadounidenses corrientes,2015,Dato revisado,Trimestral,Q2
499,                        3.2.1 Participaciones de capital y participaciones en fondos de inversión,-297.4747915,Millones - Dólares estadounidenses corrientes,2015,Dato revisado,Trimestral,Q3
499,                        3.2.1 Participaciones de capital y participaciones en fondos de inversión,312.22806313,Millones - Dólares estadounidenses corrientes,2015,Dato revisado,Trimestral,Q4
499,                        3.2.1 Participaciones de capital y participaciones en fondos de inversión,902.7529879766,Millones - Dólares estadounidenses corrientes,2016,Dato revisado,Anual,
499,                        3.2.1 Participaciones de capital y participaciones en fondos de inversión,119.7713431,Millones - Dólares estadounidenses corrientes,2016,Dato revisado,Trimestral,Q1
499,                        3.2.1 Participaciones de capital y participaciones en fondos de inversión,159.52309416,Millones - Dólares estadounidenses corrientes,2016,Dato revisado,Trimestral,Q2
499,                        3.2.1 Participaciones de capital y participaciones en fondos de inversión,619.33329085,Millones - Dólares estadounidenses corrientes,2016,Dato revisado,Trimestral,Q3
499,                        3.2.1 Participaciones de capital y participaciones en fondos de inversión,4.1252598666,Millones - Dólares estadounidenses corrientes,2016,Dato revisado,Trimestral,Q4
499,                        3.2.1 Participaciones de capital y participaciones en fondos de inversión,4599.83790618,Millones - Dólares estadounidenses corrientes,2017,Dato revisado,Anual,
499,                        3.2.1 Participaciones de capital y participaciones en fondos de inversión,1091.8468675,Millones - Dólares estadounidenses corrientes,2017,Dato revisado,Trimestral,Q1
499,                        3.2.1 Participaciones de capital y participaciones en fondos de inversión,819.83663648,Millones - Dólares estadounidenses corrientes,2017,Dato revisado,Trimestral,Q2
499,                        3.2.1 Participaciones de capital y participaciones en fondos de inversión,1540.8360546,Millones - Dólares estadounidenses corrientes,2017,Dato revisado,Trimestral,Q3
499,                        3.2.1 Participaciones de capital y participaciones en fondos de inversión,1147.3183476,Millones - Dólares estadounidenses corrientes,2017,Dato revisado,Trimestral,Q4
499,                        3.2.1 Participaciones de capital y participaciones en fondos de inversión,-162.70579939,Millones - Dólares estadounidenses corrientes,2018,Dato revisado,Anual,
499,                        3.2.1 Participaciones de capital y participaciones en fondos de inversión,560.2853936,Millones - Dólares estadounidenses corrientes,2018,Dato revisado,Trimestral,Q1
499,                        3.2.1 Participaciones de capital y participaciones en fondos de inversión,-857.7123455,Millones - Dólares estadounidenses corrientes,2018,Dato revisado,Trimestral,Q2
499,                        3.2.1 Participaciones de capital y participaciones en fondos de inversión,387.85163791,Millones - Dólares estadounidenses corrientes,2018,Dato revisado,Trimestral,Q3
499,                        3.2.1 Participaciones de capital y participaciones en fondos de inversión,-253.1304854,Millones - Dólares estadounidenses corrientes,2018,Dato revisado,Trimestral,Q4
499,                        3.2.1 Participaciones de capital y participaciones en fondos de inversión,363.66314664,Millones - Dólares estadounidenses corrientes,2019,Dato revisado,Anual,
499,                        3.2.1 Participaciones de capital y participaciones en fondos de inversión,-596.5724312,Millones - Dólares estadounidenses corrientes,2019,Dato revisado,Trimestral,Q1
499,                        3.2.1 Participaciones de capital y participaciones en fondos de inversión,664.38391356,Millones - Dólares estadounidenses corrientes,2019,Dato revisado,Trimestral,Q2
499,                        3.2.1 Participaciones de capital y participaciones en fondos de inversión,148.50534099,Millones - Dólares estadounidenses corrientes,2019,Dato revisado,Trimestral,Q3
499,                        3.2.1 Participaciones de capital y participaciones en fondos de inversión,147.34632329,Millones - Dólares estadounidenses corrientes,2019,Dato revisado,Trimestral,Q4
499,                        3.2.1 Participaciones de capital y participaciones en fondos de inversión,3074.59394108,Millones - Dólares estadounidenses corrientes,2020,Dato revisado,Anual,
499,                        3.2.1 Participaciones de capital y participaciones en fondos de inversión,-332.443208,Millones - Dólares estadounidenses corrientes,2020,Dato revisado,Trimestral,Q1
499,                        3.2.1 Participaciones de capital y participaciones en fondos de inversión,171.23092898,Millones - Dólares estadounidenses corrientes,2020,Dato revisado,Trimestral,Q2
499,                        3.2.1 Participaciones de capital y participaciones en fondos de inversión,1385.9599281,Millones - Dólares estadounidenses corrientes,2020,Dato revisado,Trimestral,Q3
499,                        3.2.1 Participaciones de capital y participaciones en fondos de inversión,1849.846292,Millones - Dólares estadounidenses corrientes,2020,Dato revisado,Trimestral,Q4
499,                        3.2.1 Participaciones de capital y participaciones en fondos de inversión,2340.225245704,Millones - Dólares estadounidenses corrientes,2021,Dato revisado,Anual,
499,                        3.2.1 Participaciones de capital y participaciones en fondos de inversión,1318.3604018,Millones - Dólares estadounidenses corrientes,2021,Dato revisado,Trimestral,Q1
499,                        3.2.1 Participaciones de capital y participaciones en fondos de inversión,96.628315364,Millones - Dólares estadounidenses corrientes,2021,Dato revisado,Trimestral,Q2
499,                        3.2.1 Participaciones de capital y participaciones en fondos de inversión,589.61152502,Millones - Dólares estadounidenses corrientes,2021,Dato revisado,Trimestral,Q3
499,                        3.2.1 Participaciones de capital y participaciones en fondos de inversión,335.62500352,Millones - Dólares estadounidenses corrientes,2021,Dato revisado,Trimestral,Q4
499,                        3.2.1 Participaciones de capital y participaciones en fondos de inversión,1056.12523936,Millones - Dólares estadounidenses corrientes,2022,Dato revisado,Anual,
499,                        3.2.1 Participaciones de capital y participaciones en fondos de inversión,1961.1817182,Millones - Dólares estadounidenses corrientes,2022,Dato revisado,Trimestral,Q1
499,                        3.2.1 Participaciones de capital y participaciones en fondos de inversión,153.97403506,Millones - Dólares estadounidenses corrientes,2022,Dato revisado,Trimestral,Q2
499,                        3.2.1 Participaciones de capital y participaciones en fondos de inversión,-282.610913,Millones - Dólares estadounidenses corrientes,2022,Dato revisado,Trimestral,Q3
499,                        3.2.1 Participaciones de capital y participaciones en fondos de inversión,-776.4196009,Millones - Dólares estadounidenses corrientes,2022,Dato revisado,Trimestral,Q4
499,                        3.2.1 Participaciones de capital y participaciones en fondos de inversión,5169.28063398,Millones - Dólares estadounidenses corrientes,2023,Dato provisional,Anual,
499,                        3.2.1 Participaciones de capital y participaciones en fondos de inversión,740.35194708,Millones - Dólares estadounidenses corrientes,2023,Dato provisional,Trimestral,Q1
499,                        3.2.1 Participaciones de capital y participaciones en fondos de inversión,1505.3191249,Millones - Dólares estadounidenses corrientes,2023,Dato provisional,Trimestral,Q2
499,                        3.2.1 Participaciones de capital y participaciones en fondos de inversión,1271.8443671,Millones - Dólares estadounidenses corrientes,2023,Dato provisional,Trimestral,Q3
499,                        3.2.1 Participaciones de capital y participaciones en fondos de inversión,1651.7651949,Millones - Dólares estadounidenses corrientes,2023,Dato provisional,Trimestral,Q4
499,                        3.2.1 Participaciones de capital y participaciones en fondos de inversión,3439.95065167,Millones - Dólares estadounidenses corrientes,2024,Dato provisional,Anual,
499,                        3.2.1 Participaciones de capital y participaciones en fondos de inversión,1444.3662776,Millones - Dólares estadounidenses corrientes,2024,Dato provisional,Trimestral,Q1
499,                        3.2.1 Participaciones de capital y participaciones en fondos de inversión,889.94604757,Millones - Dólares estadounidenses corrientes,2024,Dato provisional,Trimestral,Q2
499,                        3.2.1 Participaciones de capital y participaciones en fondos de inversión,966.22112467,Millones - Dólares estadounidenses corrientes,2024,Dato provisional,Trimestral,Q3
499,                        3.2.1 Participaciones de capital y participaciones en fondos de inversión,139.41720183,Millones - Dólares estadounidenses corrientes,2024,Dato provisional,Trimestral,Q4
499,                        3.2.1 Participaciones de capital y participaciones en fondos de inversión,5475.0548755,Millones - Dólares estadounidenses corrientes,2025,Dato preliminar,Anual,
499,                        3.2.1 Participaciones de capital y participaciones en fondos de inversión,1567.1170057,Millones - Dólares estadounidenses corrientes,2025,Dato preliminar,Trimestral,Q1
499,                        3.2.1 Participaciones de capital y participaciones en fondos de inversión,2239.6042739,Millones - Dólares estadounidenses corrientes,2025,Dato preliminar,Trimestral,Q2
499,                        3.2.1 Participaciones de capital y participaciones en fondos de inversión,1668.3335959,Millones - Dólares estadounidenses corrientes,2025,Dato preliminar,Trimestral,Q3
513,                        3.2.2 Títulos de deuda,1278.68457942,Millones - Dólares estadounidenses corrientes,2000,Dato revisado,Anual,
513,                        3.2.2 Títulos de deuda,409.84496736,Millones - Dólares estadounidenses corrientes,2000,Dato revisado,Trimestral,Q1
513,                        3.2.2 Títulos de deuda,525.79504818,Millones - Dólares estadounidenses corrientes,2000,Dato revisado,Trimestral,Q2
513,                        3.2.2 Títulos de deuda,501.94062208,Millones - Dólares estadounidenses corrientes,2000,Dato revisado,Trimestral,Q3
513,                        3.2.2 Títulos de deuda,-158.8960582,Millones - Dólares estadounidenses corrientes,2000,Dato revisado,Trimestral,Q4
513,                        3.2.2 Títulos de deuda,2321.87554007,Millones - Dólares estadounidenses corrientes,2001,Dato revisado,Anual,
513,                        3.2.2 Títulos de deuda,534.07405709,Millones - Dólares estadounidenses corrientes,2001,Dato revisado,Trimestral,Q1
513,                        3.2.2 Títulos de deuda,748.90497034,Millones - Dólares estadounidenses corrientes,2001,Dato revisado,Trimestral,Q2
513,                        3.2.2 Títulos de deuda,418.73247066,Millones - Dólares estadounidenses corrientes,2001,Dato revisado,Trimestral,Q3
513,                        3.2.2 Títulos de deuda,620.16404198,Millones - Dólares estadounidenses corrientes,2001,Dato revisado,Trimestral,Q4
513,                        3.2.2 Títulos de deuda,-606.69170814,Millones - Dólares estadounidenses corrientes,2002,Dato revisado,Anual,
513,                        3.2.2 Títulos de deuda,609.35210016,Millones - Dólares estadounidenses corrientes,2002,Dato revisado,Trimestral,Q1
513,                        3.2.2 Títulos de deuda,-168.5251443,Millones - Dólares estadounidenses corrientes,2002,Dato revisado,Trimestral,Q2
513,                        3.2.2 Títulos de deuda,-610.0259333,Millones - Dólares estadounidenses corrientes,2002,Dato revisado,Trimestral,Q3
513,                        3.2.2 Títulos de deuda,-437.4927307,Millones - Dólares estadounidenses corrientes,2002,Dato revisado,Trimestral,Q4
513,                        3.2.2 Títulos de deuda,1484.75722056,Millones - Dólares estadounidenses corrientes,2003,Dato revisado,Anual,
513,                        3.2.2 Títulos de deuda,146.05209411,Millones - Dólares estadounidenses corrientes,2003,Dato revisado,Trimestral,Q1
513,                        3.2.2 Títulos de deuda,566.31890074,Millones - Dólares estadounidenses corrientes,2003,Dato revisado,Trimestral,Q2
513,                        3.2.2 Títulos de deuda,542.66526331,Millones - Dólares estadounidenses corrientes,2003,Dato revisado,Trimestral,Q3
513,                        3.2.2 Títulos de deuda,229.7209624,Millones - Dólares estadounidenses corrientes,2003,Dato revisado,Trimestral,Q4
513,                        3.2.2 Títulos de deuda,1051.87975904,Millones - Dólares estadounidenses corrientes,2004,Dato revisado,Anual,
513,                        3.2.2 Títulos de deuda,337.17747543,Millones - Dólares estadounidenses corrientes,2004,Dato revisado,Trimestral,Q1
513,                        3.2.2 Títulos de deuda,568.7599806,Millones - Dólares estadounidenses corrientes,2004,Dato revisado,Trimestral,Q2
513,                        3.2.2 Títulos de deuda,709.65108201,Millones - Dólares estadounidenses corrientes,2004,Dato revisado,Trimestral,Q3
513,                        3.2.2 Títulos de deuda,-563.708779,Millones - Dólares estadounidenses corrientes,2004,Dato revisado,Trimestral,Q4
513,                        3.2.2 Títulos de deuda,1286.020279818,Millones - Dólares estadounidenses corrientes,2005,Dato revisado,Anual,
513,                        3.2.2 Títulos de deuda,256.69183192,Millones - Dólares estadounidenses corrientes,2005,Dato revisado,Trimestral,Q1
513,                        3.2.2 Títulos de deuda,82.960296098,Millones - Dólares estadounidenses corrientes,2005,Dato revisado,Trimestral,Q2
513,                        3.2.2 Títulos de deuda,-216.2635453,Millones - Dólares estadounidenses corrientes,2005,Dato revisado,Trimestral,Q3
513,                        3.2.2 Títulos de deuda,1162.6316971,Millones - Dólares estadounidenses corrientes,2005,Dato revisado,Trimestral,Q4
513,                        3.2.2 Títulos de deuda,2966.97854914,Millones - Dólares estadounidenses corrientes,2006,Dato revisado,Anual,
513,                        3.2.2 Títulos de deuda,335.29298029,Millones - Dólares estadounidenses corrientes,2006,Dato revisado,Trimestral,Q1
513,                        3.2.2 Títulos de deuda,1176.8305299,Millones - Dólares estadounidenses corrientes,2006,Dato revisado,Trimestral,Q2
513,                        3.2.2 Títulos de deuda,771.94573906,Millones - Dólares estadounidenses corrientes,2006,Dato revisado,Trimestral,Q3
513,                        3.2.2 Títulos de deuda,682.90929989,Millones - Dólares estadounidenses corrientes,2006,Dato revisado,Trimestral,Q4
513,                        3.2.2 Títulos de deuda,2149.476091703,Millones - Dólares estadounidenses corrientes,2007,Dato revisado,Anual,
513,                        3.2.2 Títulos de deuda,60.682313603,Millones - Dólares estadounidenses corrientes,2007,Dato revisado,Trimestral,Q1
513,                        3.2.2 Títulos de deuda,602.05425286,Millones - Dólares estadounidenses corrientes,2007,Dato revisado,Trimestral,Q2
513,                        3.2.2 Títulos de deuda,904.97480933,Millones - Dólares estadounidenses corrientes,2007,Dato revisado,Trimestral,Q3
513,                        3.2.2 Títulos de deuda,581.76471591,Millones - Dólares estadounidenses corrientes,2007,Dato revisado,Trimestral,Q4
513,                        3.2.2 Títulos de deuda,-317.91971426,Millones - Dólares estadounidenses corrientes,2008,Dato revisado,Anual,
513,                        3.2.2 Títulos de deuda,248.12802468,Millones - Dólares estadounidenses corrientes,2008,Dato revisado,Trimestral,Q1
513,                        3.2.2 Títulos de deuda,-442.3052893,Millones - Dólares estadounidenses corrientes,2008,Dato revisado,Trimestral,Q2
513,                        3.2.2 Títulos de deuda,-13.24907374,Millones - Dólares estadounidenses corrientes,2008,Dato revisado,Trimestral,Q3
513,                        3.2.2 Títulos de deuda,-110.4933759,Millones - Dólares estadounidenses corrientes,2008,Dato revisado,Trimestral,Q4
513,                        3.2.2 Títulos de deuda,-172.3637996,Millones - Dólares estadounidenses corrientes,2009,Dato revisado,Anual,
513,                        3.2.2 Títulos de deuda,-1107.805091,Millones - Dólares estadounidenses corrientes,2009,Dato revisado,Trimestral,Q1
513,                        3.2.2 Títulos de deuda,-878.3141407,Millones - Dólares estadounidenses corrientes,2009,Dato revisado,Trimestral,Q2
513,                        3.2.2 Títulos de deuda,2921.4535501,Millones - Dólares estadounidenses corrientes,2009,Dato revisado,Trimestral,Q3
513,                        3.2.2 Títulos de deuda,-1107.698118,Millones - Dólares estadounidenses corrientes,2009,Dato revisado,Trimestral,Q4
513,                        3.2.2 Títulos de deuda,1823.02290604,Millones - Dólares estadounidenses corrientes,2010,Dato revisado,Anual,
513,                        3.2.2 Títulos de deuda,1414.3457038,Millones - Dólares estadounidenses corrientes,2010,Dato revisado,Trimestral,Q1
513,                        3.2.2 Títulos de deuda,-45.53758296,Millones - Dólares estadounidenses corrientes,2010,Dato revisado,Trimestral,Q2
513,                        3.2.2 Títulos de deuda,116.05780447,Millones - Dólares estadounidenses corrientes,2010,Dato revisado,Trimestral,Q3
513,                        3.2.2 Títulos de deuda,338.15698073,Millones - Dólares estadounidenses corrientes,2010,Dato revisado,Trimestral,Q4
513,                        3.2.2 Títulos de deuda,1106.923018161,Millones - Dólares estadounidenses corrientes,2011,Dato revisado,Anual,
513,                        3.2.2 Títulos de deuda,1322.3448295,Millones - Dólares estadounidenses corrientes,2011,Dato revisado,Trimestral,Q1
513,                        3.2.2 Títulos de deuda,718.26283072,Millones - Dólares estadounidenses corrientes,2011,Dato revisado,Trimestral,Q2
513,                        3.2.2 Títulos de deuda,70.880657941,Millones - Dólares estadounidenses corrientes,2011,Dato revisado,Trimestral,Q3
513,                        3.2.2 Títulos de deuda,-1004.5653,Millones - Dólares estadounidenses corrientes,2011,Dato revisado,Trimestral,Q4
513,                        3.2.2 Títulos de deuda,2236.029418864,Millones - Dólares estadounidenses corrientes,2012,Dato revisado,Anual,
513,                        3.2.2 Títulos de deuda,3136.1992902,Millones - Dólares estadounidenses corrientes,2012,Dato revisado,Trimestral,Q1
513,                        3.2.2 Títulos de deuda,-1583.925238,Millones - Dólares estadounidenses corrientes,2012,Dato revisado,Trimestral,Q2
513,                        3.2.2 Títulos de deuda,595.46070298,Millones - Dólares estadounidenses corrientes,2012,Dato revisado,Trimestral,Q3
513,                        3.2.2 Títulos de deuda,88.294663684,Millones - Dólares estadounidenses corrientes,2012,Dato revisado,Trimestral,Q4
513,                        3.2.2 Títulos de deuda,2532.3488778,Millones - Dólares estadounidenses corrientes,2013,Dato revisado,Anual,
513,                        3.2.2 Títulos de deuda,878.8650275,Millones - Dólares estadounidenses corrientes,2013,Dato revisado,Trimestral,Q1
513,                        3.2.2 Títulos de deuda,1058.9781928,Millones - Dólares estadounidenses corrientes,2013,Dato revisado,Trimestral,Q2
513,                        3.2.2 Títulos de deuda,2656.2425575,Millones - Dólares estadounidenses corrientes,2013,Dato revisado,Trimestral,Q3
513,                        3.2.2 Títulos de deuda,-2061.7369,Millones - Dólares estadounidenses corrientes,2013,Dato revisado,Trimestral,Q4
513,                        3.2.2 Títulos de deuda,2985.75502704,Millones - Dólares estadounidenses corrientes,2014,Dato revisado,Anual,
513,                        3.2.2 Títulos de deuda,301.99977712,Millones - Dólares estadounidenses corrientes,2014,Dato revisado,Trimestral,Q1
513,                        3.2.2 Títulos de deuda,3573.3682055,Millones - Dólares estadounidenses corrientes,2014,Dato revisado,Trimestral,Q2
513,                        3.2.2 Títulos de deuda,475.47213442,Millones - Dólares estadounidenses corrientes,2014,Dato revisado,Trimestral,Q3
513,                        3.2.2 Títulos de deuda,-1365.08509,Millones - Dólares estadounidenses corrientes,2014,Dato revisado,Trimestral,Q4
513,                        3.2.2 Títulos de deuda,-839.53873888,Millones - Dólares estadounidenses corrientes,2015,Dato revisado,Anual,
513,                        3.2.2 Títulos de deuda,1128.5603331,Millones - Dólares estadounidenses corrientes,2015,Dato revisado,Trimestral,Q1
513,                        3.2.2 Títulos de deuda,911.81423232,Millones - Dólares estadounidenses corrientes,2015,Dato revisado,Trimestral,Q2
513,                        3.2.2 Títulos de deuda,-1989.214522,Millones - Dólares estadounidenses corrientes,2015,Dato revisado,Trimestral,Q3
513,                        3.2.2 Títulos de deuda,-890.6987823,Millones - Dólares estadounidenses corrientes,2015,Dato revisado,Trimestral,Q4
513,                        3.2.2 Títulos de deuda,4181.24459732,Millones - Dólares estadounidenses corrientes,2016,Dato revisado,Anual,
513,                        3.2.2 Títulos de deuda,1194.4164448,Millones - Dólares estadounidenses corrientes,2016,Dato revisado,Trimestral,Q1
513,                        3.2.2 Títulos de deuda,1069.5855294,Millones - Dólares estadounidenses corrientes,2016,Dato revisado,Trimestral,Q2
513,                        3.2.2 Títulos de deuda,894.50750222,Millones - Dólares estadounidenses corrientes,2016,Dato revisado,Trimestral,Q3
513,                        3.2.2 Títulos de deuda,1022.7351209,Millones - Dólares estadounidenses corrientes,2016,Dato revisado,Trimestral,Q4
513,                        3.2.2 Títulos de deuda,1412.51963232,Millones - Dólares estadounidenses corrientes,2017,Dato revisado,Anual,
513,                        3.2.2 Títulos de deuda,893.83259345,Millones - Dólares estadounidenses corrientes,2017,Dato revisado,Trimestral,Q1
513,                        3.2.2 Títulos de deuda,-1563.97674,Millones - Dólares estadounidenses corrientes,2017,Dato revisado,Trimestral,Q2
513,                        3.2.2 Títulos de deuda,836.81619937,Millones - Dólares estadounidenses corrientes,2017,Dato revisado,Trimestral,Q3
513,                        3.2.2 Títulos de deuda,1245.8475795,Millones - Dólares estadounidenses corrientes,2017,Dato revisado,Trimestral,Q4
513,                        3.2.2 Títulos de deuda,1373.9030216,Millones - Dólares estadounidenses corrientes,2018,Dato revisado,Anual,
513,                        3.2.2 Títulos de deuda,1307.3956578,Millones - Dólares estadounidenses corrientes,2018,Dato revisado,Trimestral,Q1
513,                        3.2.2 Títulos de deuda,948.52088432,Millones - Dólares estadounidenses corrientes,2018,Dato revisado,Trimestral,Q2
513,                        3.2.2 Títulos de deuda,675.65118448,Millones - Dólares estadounidenses corrientes,2018,Dato revisado,Trimestral,Q3
513,                        3.2.2 Títulos de deuda,-1557.664705,Millones - Dólares estadounidenses corrientes,2018,Dato revisado,Trimestral,Q4
513,                        3.2.2 Títulos de deuda,-48.31357267,Millones - Dólares estadounidenses corrientes,2019,Dato revisado,Anual,
513,                        3.2.2 Títulos de deuda,-118.5441942,Millones - Dólares estadounidenses corrientes,2019,Dato revisado,Trimestral,Q1
513,                        3.2.2 Títulos de deuda,-27.28123924,Millones - Dólares estadounidenses corrientes,2019,Dato revisado,Trimestral,Q2
513,                        3.2.2 Títulos de deuda,259.59088637,Millones - Dólares estadounidenses corrientes,2019,Dato revisado,Trimestral,Q3
513,                        3.2.2 Títulos de deuda,-162.0790256,Millones - Dólares estadounidenses corrientes,2019,Dato revisado,Trimestral,Q4
513,                        3.2.2 Títulos de deuda,2672.35243065,Millones - Dólares estadounidenses corrientes,2020,Dato revisado,Anual,
513,                        3.2.2 Títulos de deuda,-537.6501437,Millones - Dólares estadounidenses corrientes,2020,Dato revisado,Trimestral,Q1
513,                        3.2.2 Títulos de deuda,1081.1877448,Millones - Dólares estadounidenses corrientes,2020,Dato revisado,Trimestral,Q2
513,                        3.2.2 Títulos de deuda,895.92305335,Millones - Dólares estadounidenses corrientes,2020,Dato revisado,Trimestral,Q3
513,                        3.2.2 Títulos de deuda,1232.8917762,Millones - Dólares estadounidenses corrientes,2020,Dato revisado,Trimestral,Q4
513,                        3.2.2 Títulos de deuda,1410.9800391,Millones - Dólares estadounidenses corrientes,2021,Dato revisado,Anual,
513,                        3.2.2 Títulos de deuda,-896.3222691,Millones - Dólares estadounidenses corrientes,2021,Dato revisado,Trimestral,Q1
513,                        3.2.2 Títulos de deuda,-255.7307929,Millones - Dólares estadounidenses corrientes,2021,Dato revisado,Trimestral,Q2
513,                        3.2.2 Títulos de deuda,1103.8669051,Millones - Dólares estadounidenses corrientes,2021,Dato revisado,Trimestral,Q3
513,                        3.2.2 Títulos de deuda,1459.166196,Millones - Dólares estadounidenses corrientes,2021,Dato revisado,Trimestral,Q4
513,                        3.2.2 Títulos de deuda,2250.70207581,Millones - Dólares estadounidenses corrientes,2022,Dato revisado,Anual,
513,                        3.2.2 Títulos de deuda,705.15786927,Millones - Dólares estadounidenses corrientes,2022,Dato revisado,Trimestral,Q1
513,                        3.2.2 Títulos de deuda,508.60507585,Millones - Dólares estadounidenses corrientes,2022,Dato revisado,Trimestral,Q2
513,                        3.2.2 Títulos de deuda,693.3713857,Millones - Dólares estadounidenses corrientes,2022,Dato revisado,Trimestral,Q3
513,                        3.2.2 Títulos de deuda,343.56774499,Millones - Dólares estadounidenses corrientes,2022,Dato revisado,Trimestral,Q4
513,                        3.2.2 Títulos de deuda,4610.2952668,Millones - Dólares estadounidenses corrientes,2023,Dato provisional,Anual,
513,                        3.2.2 Títulos de deuda,1360.9725615,Millones - Dólares estadounidenses corrientes,2023,Dato provisional,Trimestral,Q1
513,                        3.2.2 Títulos de deuda,-405.0177651,Millones - Dólares estadounidenses corrientes,2023,Dato provisional,Trimestral,Q2
513,                        3.2.2 Títulos de deuda,1703.6821722,Millones - Dólares estadounidenses corrientes,2023,Dato provisional,Trimestral,Q3
513,                        3.2.2 Títulos de deuda,1950.6582982,Millones - Dólares estadounidenses corrientes,2023,Dato provisional,Trimestral,Q4
513,                        3.2.2 Títulos de deuda,1944.37868887,Millones - Dólares estadounidenses corrientes,2024,Dato provisional,Anual,
513,                        3.2.2 Títulos de deuda,554.76431365,Millones - Dólares estadounidenses corrientes,2024,Dato provisional,Trimestral,Q1
513,                        3.2.2 Títulos de deuda,335.51124502,Millones - Dólares estadounidenses corrientes,2024,Dato provisional,Trimestral,Q2
513,                        3.2.2 Títulos de deuda,1450.8584777,Millones - Dólares estadounidenses corrientes,2024,Dato provisional,Trimestral,Q3
513,                        3.2.2 Títulos de deuda,-396.7553475,Millones - Dólares estadounidenses corrientes,2024,Dato provisional,Trimestral,Q4
513,                        3.2.2 Títulos de deuda,2660.15526439,Millones - Dólares estadounidenses corrientes,2025,Dato preliminar,Anual,
513,                        3.2.2 Títulos de deuda,2579.6838008,Millones - Dólares estadounidenses corrientes,2025,Dato preliminar,Trimestral,Q1
513,                        3.2.2 Títulos de deuda,230.22262999,Millones - Dólares estadounidenses corrientes,2025,Dato preliminar,Trimestral,Q2
513,                        3.2.2 Títulos de deuda,-149.7511664,Millones - Dólares estadounidenses corrientes,2025,Dato preliminar,Trimestral,Q3
535,                   Pasivos netos incurridos,1453.37528238,Millones - Dólares estadounidenses corrientes,2000,Dato revisado,Anual,
535,                   Pasivos netos incurridos,771.64943959,Millones - Dólares estadounidenses corrientes,2000,Dato revisado,Trimestral,Q1
535,                   Pasivos netos incurridos,174.72005602,Millones - Dólares estadounidenses corrientes,2000,Dato revisado,Trimestral,Q2
535,                   Pasivos netos incurridos,111.70415821,Millones - Dólares estadounidenses corrientes,2000,Dato revisado,Trimestral,Q3
535,                   Pasivos netos incurridos,395.30162856,Millones - Dólares estadounidenses corrientes,2000,Dato revisado,Trimestral,Q4
535,                   Pasivos netos incurridos,3449.24262753,Millones - Dólares estadounidenses corrientes,2001,Dato revisado,Anual,
535,                   Pasivos netos incurridos,738.59557943,Millones - Dólares estadounidenses corrientes,2001,Dato revisado,Trimestral,Q1
535,                   Pasivos netos incurridos,1807.632295,Millones - Dólares estadounidenses corrientes,2001,Dato revisado,Trimestral,Q2
535,                   Pasivos netos incurridos,143.65057494,Millones - Dólares estadounidenses corrientes,2001,Dato revisado,Trimestral,Q3
535,                   Pasivos netos incurridos,759.36417816,Millones - Dólares estadounidenses corrientes,2001,Dato revisado,Trimestral,Q4
535,                   Pasivos netos incurridos,-932.52110984,Millones - Dólares estadounidenses corrientes,2002,Dato revisado,Anual,
535,                   Pasivos netos incurridos,-645.650286,Millones - Dólares estadounidenses corrientes,2002,Dato revisado,Trimestral,Q1
535,                   Pasivos netos incurridos,-656.2343606,Millones - Dólares estadounidenses corrientes,2002,Dato revisado,Trimestral,Q2
535,                   Pasivos netos incurridos,38.45162015,Millones - Dólares estadounidenses corrientes,2002,Dato revisado,Trimestral,Q3
535,                   Pasivos netos incurridos,330.91191661,Millones - Dólares estadounidenses corrientes,2002,Dato revisado,Trimestral,Q4
535,                   Pasivos netos incurridos,129.55688191,Millones - Dólares estadounidenses corrientes,2003,Dato revisado,Anual,
535,                   Pasivos netos incurridos,25.0709952,Millones - Dólares estadounidenses corrientes,2003,Dato revisado,Trimestral,Q1
535,                   Pasivos netos incurridos,-359.3366896,Millones - Dólares estadounidenses corrientes,2003,Dato revisado,Trimestral,Q2
535,                   Pasivos netos incurridos,94.7631595,Millones - Dólares estadounidenses corrientes,2003,Dato revisado,Trimestral,Q3
535,                   Pasivos netos incurridos,369.05941681,Millones - Dólares estadounidenses corrientes,2003,Dato revisado,Trimestral,Q4
535,                   Pasivos netos incurridos,1305.70289256,Millones - Dólares estadounidenses corrientes,2004,Dato revisado,Anual,
535,                   Pasivos netos incurridos,171.18337954,Millones - Dólares estadounidenses corrientes,2004,Dato revisado,Trimestral,Q1
535,                   Pasivos netos incurridos,-62.97058481,Millones - Dólares estadounidenses corrientes,2004,Dato revisado,Trimestral,Q2
535,                   Pasivos netos incurridos,587.70083415,Millones - Dólares estadounidenses corrientes,2004,Dato revisado,Trimestral,Q3
535,                   Pasivos netos incurridos,609.78926368,Millones - Dólares estadounidenses corrientes,2004,Dato revisado,Trimestral,Q4
535,                   Pasivos netos incurridos,-52.52248182,Millones - Dólares estadounidenses corrientes,2005,Dato revisado,Anual,
535,                   Pasivos netos incurridos,426.56776627,Millones - Dólares estadounidenses corrientes,2005,Dato revisado,Trimestral,Q1
535,                   Pasivos netos incurridos,-700.552629,Millones - Dólares estadounidenses corrientes,2005,Dato revisado,Trimestral,Q2
535,                   Pasivos netos incurridos,-51.82394998,Millones - Dólares estadounidenses corrientes,2005,Dato revisado,Trimestral,Q3
535,                   Pasivos netos incurridos,273.28633089,Millones - Dólares estadounidenses corrientes,2005,Dato revisado,Trimestral,Q4
535,                   Pasivos netos incurridos,901.98606466,Millones - Dólares estadounidenses corrientes,2006,Dato revisado,Anual,
535,                   Pasivos netos incurridos,-373.2445041,Millones - Dólares estadounidenses corrientes,2006,Dato revisado,Trimestral,Q1
535,                   Pasivos netos incurridos,-1007.394629,Millones - Dólares estadounidenses corrientes,2006,Dato revisado,Trimestral,Q2
535,                   Pasivos netos incurridos,1699.2432066,Millones - Dólares estadounidenses corrientes,2006,Dato revisado,Trimestral,Q3
535,                   Pasivos netos incurridos,583.38199116,Millones - Dólares estadounidenses corrientes,2006,Dato revisado,Trimestral,Q4
535,                   Pasivos netos incurridos,1883.85290823,Millones - Dólares estadounidenses corrientes,2007,Dato revisado,Anual,
535,                   Pasivos netos incurridos,78.0629327,Millones - Dólares estadounidenses corrientes,2007,Dato revisado,Trimestral,Q1
535,                   Pasivos netos incurridos,881.4812104,Millones - Dólares estadounidenses corrientes,2007,Dato revisado,Trimestral,Q2
535,                   Pasivos netos incurridos,873.7696144,Millones - Dólares estadounidenses corrientes,2007,Dato revisado,Trimestral,Q3
535,                   Pasivos netos incurridos,50.53915073,Millones - Dólares estadounidenses corrientes,2007,Dato revisado,Trimestral,Q4
535,                   Pasivos netos incurridos,-1195.2121734,Millones - Dólares estadounidenses corrientes,2008,Dato revisado,Anual,
535,                   Pasivos netos incurridos,-185.4722786,Millones - Dólares estadounidenses corrientes,2008,Dato revisado,Trimestral,Q1
535,                   Pasivos netos incurridos,-508.0753326,Millones - Dólares estadounidenses corrientes,2008,Dato revisado,Trimestral,Q2
535,                   Pasivos netos incurridos,-109.2643756,Millones - Dólares estadounidenses corrientes,2008,Dato revisado,Trimestral,Q3
535,                   Pasivos netos incurridos,-392.4001866,Millones - Dólares estadounidenses corrientes,2008,Dato revisado,Trimestral,Q4
535,                   Pasivos netos incurridos,4668.15540942,Millones - Dólares estadounidenses corrientes,2009,Dato revisado,Anual,
535,                   Pasivos netos incurridos,973.99870015,Millones - Dólares estadounidenses corrientes,2009,Dato revisado,Trimestral,Q1
535,                   Pasivos netos incurridos,435.16806607,Millones - Dólares estadounidenses corrientes,2009,Dato revisado,Trimestral,Q2
535,                   Pasivos netos incurridos,1826.350838,Millones - Dólares estadounidenses corrientes,2009,Dato revisado,Trimestral,Q3
535,                   Pasivos netos incurridos,1432.6378052,Millones - Dólares estadounidenses corrientes,2009,Dato revisado,Trimestral,Q4
535,                   Pasivos netos incurridos,3262.5502581,Millones - Dólares estadounidenses corrientes,2010,Dato revisado,Anual,
535,                   Pasivos netos incurridos,-571.983163,Millones - Dólares estadounidenses corrientes,2010,Dato revisado,Trimestral,Q1
535,                   Pasivos netos incurridos,1054.742131,Millones - Dólares estadounidenses corrientes,2010,Dato revisado,Trimestral,Q2
535,                   Pasivos netos incurridos,1513.3543054,Millones - Dólares estadounidenses corrientes,2010,Dato revisado,Trimestral,Q3
535,                   Pasivos netos incurridos,1266.4369847,Millones - Dólares estadounidenses corrientes,2010,Dato revisado,Trimestral,Q4
535,                   Pasivos netos incurridos,7532.1011636,Millones - Dólares estadounidenses corrientes,2011,Dato revisado,Anual,
535,                   Pasivos netos incurridos,1871.2559307,Millones - Dólares estadounidenses corrientes,2011,Dato revisado,Trimestral,Q1
535,                   Pasivos netos incurridos,1000.1310923,Millones - Dólares estadounidenses corrientes,2011,Dato revisado,Trimestral,Q2
535,                   Pasivos netos incurridos,2305.1363365,Millones - Dólares estadounidenses corrientes,2011,Dato revisado,Trimestral,Q3
535,                   Pasivos netos incurridos,2355.5778041,Millones - Dólares estadounidenses corrientes,2011,Dato revisado,Trimestral,Q4
535,                   Pasivos netos incurridos,7355.70382957,Millones - Dólares estadounidenses corrientes,2012,Dato revisado,Anual,
535,                   Pasivos netos incurridos,1279.1759941,Millones - Dólares estadounidenses corrientes,2012,Dato revisado,Trimestral,Q1
535,                   Pasivos netos incurridos,1367.6762228,Millones - Dólares estadounidenses corrientes,2012,Dato revisado,Trimestral,Q2
535,                   Pasivos netos incurridos,3787.9968604,Millones - Dólares estadounidenses corrientes,2012,Dato revisado,Trimestral,Q3
535,                   Pasivos netos incurridos,920.85475227,Millones - Dólares estadounidenses corrientes,2012,Dato revisado,Trimestral,Q4
535,                   Pasivos netos incurridos,11073.09681732,Millones - Dólares estadounidenses corrientes,2013,Dato revisado,Anual,
535,                   Pasivos netos incurridos,3043.8643763,Millones - Dólares estadounidenses corrientes,2013,Dato revisado,Trimestral,Q1
535,                   Pasivos netos incurridos,1863.3424195,Millones - Dólares estadounidenses corrientes,2013,Dato revisado,Trimestral,Q2
535,                   Pasivos netos incurridos,5470.809774,Millones - Dólares estadounidenses corrientes,2013,Dato revisado,Trimestral,Q3
535,                   Pasivos netos incurridos,695.08024752,Millones - Dólares estadounidenses corrientes,2013,Dato revisado,Trimestral,Q4
535,                   Pasivos netos incurridos,18661.0286162,Millones - Dólares estadounidenses corrientes,2014,Dato revisado,Anual,
535,                   Pasivos netos incurridos,4231.3224292,Millones - Dólares estadounidenses corrientes,2014,Dato revisado,Trimestral,Q1
535,                   Pasivos netos incurridos,6002.1165533,Millones - Dólares estadounidenses corrientes,2014,Dato revisado,Trimestral,Q2
535,                   Pasivos netos incurridos,6422.9377727,Millones - Dólares estadounidenses corrientes,2014,Dato revisado,Trimestral,Q3
535,                   Pasivos netos incurridos,2004.651861,Millones - Dólares estadounidenses corrientes,2014,Dato revisado,Trimestral,Q4
535,                   Pasivos netos incurridos,8690.7285899,Millones - Dólares estadounidenses corrientes,2015,Dato revisado,Anual,
535,                   Pasivos netos incurridos,4029.8763959,Millones - Dólares estadounidenses corrientes,2015,Dato revisado,Trimestral,Q1
535,                   Pasivos netos incurridos,2308.7132338,Millones - Dólares estadounidenses corrientes,2015,Dato revisado,Trimestral,Q2
535,                   Pasivos netos incurridos,2790.6407451,Millones - Dólares estadounidenses corrientes,2015,Dato revisado,Trimestral,Q3
535,                   Pasivos netos incurridos,-438.5017849,Millones - Dólares estadounidenses corrientes,2015,Dato revisado,Trimestral,Q4
535,                   Pasivos netos incurridos,10029.2448189,Millones - Dólares estadounidenses corrientes,2016,Dato revisado,Anual,
535,                   Pasivos netos incurridos,2209.1509687,Millones - Dólares estadounidenses corrientes,2016,Dato revisado,Trimestral,Q1
535,                   Pasivos netos incurridos,2914.1945627,Millones - Dólares estadounidenses corrientes,2016,Dato revisado,Trimestral,Q2
535,                   Pasivos netos incurridos,2606.4599222,Millones - Dólares estadounidenses corrientes,2016,Dato revisado,Trimestral,Q3
535,                   Pasivos netos incurridos,2299.4393653,Millones - Dólares estadounidenses corrientes,2016,Dato revisado,Trimestral,Q4
535,                   Pasivos netos incurridos,7812.2794144,Millones - Dólares estadounidenses corrientes,2017,Dato revisado,Anual,
535,                   Pasivos netos incurridos,1803.8396091,Millones - Dólares estadounidenses corrientes,2017,Dato revisado,Trimestral,Q1
535,                   Pasivos netos incurridos,1434.2885204,Millones - Dólares estadounidenses corrientes,2017,Dato revisado,Trimestral,Q2
535,                   Pasivos netos incurridos,2801.4791749,Millones - Dólares estadounidenses corrientes,2017,Dato revisado,Trimestral,Q3
535,                   Pasivos netos incurridos,1772.67211,Millones - Dólares estadounidenses corrientes,2017,Dato revisado,Trimestral,Q4
535,                   Pasivos netos incurridos,348.87192294,Millones - Dólares estadounidenses corrientes,2018,Dato revisado,Anual,
535,                   Pasivos netos incurridos,153.07785868,Millones - Dólares estadounidenses corrientes,2018,Dato revisado,Trimestral,Q1
535,                   Pasivos netos incurridos,-259.1473388,Millones - Dólares estadounidenses corrientes,2018,Dato revisado,Trimestral,Q2
535,                   Pasivos netos incurridos,581.47367256,Millones - Dólares estadounidenses corrientes,2018,Dato revisado,Trimestral,Q3
535,                   Pasivos netos incurridos,-126.5322695,Millones - Dólares estadounidenses corrientes,2018,Dato revisado,Trimestral,Q4
535,                   Pasivos netos incurridos,291.27981558,Millones - Dólares estadounidenses corrientes,2019,Dato revisado,Anual,
535,                   Pasivos netos incurridos,666.85318904,Millones - Dólares estadounidenses corrientes,2019,Dato revisado,Trimestral,Q1
535,                   Pasivos netos incurridos,919.31274612,Millones - Dólares estadounidenses corrientes,2019,Dato revisado,Trimestral,Q2
535,                   Pasivos netos incurridos,270.92716142,Millones - Dólares estadounidenses corrientes,2019,Dato revisado,Trimestral,Q3
535,                   Pasivos netos incurridos,-1565.813281,Millones - Dólares estadounidenses corrientes,2019,Dato revisado,Trimestral,Q4
535,                   Pasivos netos incurridos,7515.0516639,Millones - Dólares estadounidenses corrientes,2020,Dato revisado,Anual,
535,                   Pasivos netos incurridos,-702.5280874,Millones - Dólares estadounidenses corrientes,2020,Dato revisado,Trimestral,Q1
535,                   Pasivos netos incurridos,4681.6277687,Millones - Dólares estadounidenses corrientes,2020,Dato revisado,Trimestral,Q2
535,                   Pasivos netos incurridos,1959.1482563,Millones - Dólares estadounidenses corrientes,2020,Dato revisado,Trimestral,Q3
535,                   Pasivos netos incurridos,1576.8037263,Millones - Dólares estadounidenses corrientes,2020,Dato revisado,Trimestral,Q4
535,                   Pasivos netos incurridos,8346.57821434,Millones - Dólares estadounidenses corrientes,2021,Dato revisado,Anual,
535,                   Pasivos netos incurridos,-896.7899229,Millones - Dólares estadounidenses corrientes,2021,Dato revisado,Trimestral,Q1
535,                   Pasivos netos incurridos,5930.2821977,Millones - Dólares estadounidenses corrientes,2021,Dato revisado,Trimestral,Q2
535,                   Pasivos netos incurridos,842.91256684,Millones - Dólares estadounidenses corrientes,2021,Dato revisado,Trimestral,Q3
535,                   Pasivos netos incurridos,2470.1733727,Millones - Dólares estadounidenses corrientes,2021,Dato revisado,Trimestral,Q4
535,                   Pasivos netos incurridos,2879.825943058,Millones - Dólares estadounidenses corrientes,2022,Dato revisado,Anual,
535,                   Pasivos netos incurridos,800.42278791,Millones - Dólares estadounidenses corrientes,2022,Dato revisado,Trimestral,Q1
535,                   Pasivos netos incurridos,1421.609426,Millones - Dólares estadounidenses corrientes,2022,Dato revisado,Trimestral,Q2
535,                   Pasivos netos incurridos,643.79585835,Millones - Dólares estadounidenses corrientes,2022,Dato revisado,Trimestral,Q3
535,                   Pasivos netos incurridos,13.997870798,Millones - Dólares estadounidenses corrientes,2022,Dato revisado,Trimestral,Q4
535,                   Pasivos netos incurridos,1116.85023877,Millones - Dólares estadounidenses corrientes,2023,Dato provisional,Anual,
535,                   Pasivos netos incurridos,990.04354827,Millones - Dólares estadounidenses corrientes,2023,Dato provisional,Trimestral,Q1
535,                   Pasivos netos incurridos,-419.5065144,Millones - Dólares estadounidenses corrientes,2023,Dato provisional,Trimestral,Q2
535,                   Pasivos netos incurridos,-1551.802947,Millones - Dólares estadounidenses corrientes,2023,Dato provisional,Trimestral,Q3
535,                   Pasivos netos incurridos,2098.1161519,Millones - Dólares estadounidenses corrientes,2023,Dato provisional,Trimestral,Q4
535,                   Pasivos netos incurridos,3112.7533219,Millones - Dólares estadounidenses corrientes,2024,Dato provisional,Anual,
535,                   Pasivos netos incurridos,583.2934588,Millones - Dólares estadounidenses corrientes,2024,Dato provisional,Trimestral,Q1
535,                   Pasivos netos incurridos,1676.7075391,Millones - Dólares estadounidenses corrientes,2024,Dato provisional,Trimestral,Q2
535,                   Pasivos netos incurridos,-1072.350615,Millones - Dólares estadounidenses corrientes,2024,Dato provisional,Trimestral,Q3
535,                   Pasivos netos incurridos,1925.102939,Millones - Dólares estadounidenses corrientes,2024,Dato provisional,Trimestral,Q4
535,                   Pasivos netos incurridos,13854.2608209,Millones - Dólares estadounidenses corrientes,2025,Dato preliminar,Anual,
535,                   Pasivos netos incurridos,1206.8464456,Millones - Dólares estadounidenses corrientes,2025,Dato preliminar,Trimestral,Q1
535,                   Pasivos netos incurridos,6290.5553379,Millones - Dólares estadounidenses corrientes,2025,Dato preliminar,Trimestral,Q2
535,                   Pasivos netos incurridos,6356.8590374,Millones - Dólares estadounidenses corrientes,2025,Dato preliminar,Trimestral,Q3
536,                        3.2.1 Participaciones de capital y participaciones en fondos de inversión,16.90193019,Millones - Dólares estadounidenses corrientes,2000,Dato revisado,Anual,
536,                        3.2.1 Participaciones de capital y participaciones en fondos de inversión,23.036286,Millones - Dólares estadounidenses corrientes,2000,Dato revisado,Trimestral,Q1
536,                        3.2.1 Participaciones de capital y participaciones en fondos de inversión,-9.47555181,Millones - Dólares estadounidenses corrientes,2000,Dato revisado,Trimestral,Q2
536,                        3.2.1 Participaciones de capital y participaciones en fondos de inversión,-2.121812,Millones - Dólares estadounidenses corrientes,2000,Dato revisado,Trimestral,Q3
536,                        3.2.1 Participaciones de capital y participaciones en fondos de inversión,5.463008,Millones - Dólares estadounidenses corrientes,2000,Dato revisado,Trimestral,Q4
536,                        3.2.1 Participaciones de capital y participaciones en fondos de inversión,-42.330280102,Millones - Dólares estadounidenses corrientes,2001,Dato revisado,Anual,
536,                        3.2.1 Participaciones de capital y participaciones en fondos de inversión,-1.081096582,Millones - Dólares estadounidenses corrientes,2001,Dato revisado,Trimestral,Q1
536,                        3.2.1 Participaciones de capital y participaciones en fondos de inversión,-26.79964705,Millones - Dólares estadounidenses corrientes,2001,Dato revisado,Trimestral,Q2
536,                        3.2.1 Participaciones de capital y participaciones en fondos de inversión,-0.81283547,Millones - Dólares estadounidenses corrientes,2001,Dato revisado,Trimestral,Q3
536,                        3.2.1 Participaciones de capital y participaciones en fondos de inversión,-13.636701,Millones - Dólares estadounidenses corrientes,2001,Dato revisado,Trimestral,Q4
536,                        3.2.1 Participaciones de capital y participaciones en fondos de inversión,16.983282,Millones - Dólares estadounidenses corrientes,2002,Dato revisado,Anual,
536,                        3.2.1 Participaciones de capital y participaciones en fondos de inversión,-5.834286,Millones - Dólares estadounidenses corrientes,2002,Dato revisado,Trimestral,Q1
536,                        3.2.1 Participaciones de capital y participaciones en fondos de inversión,-6.656946,Millones - Dólares estadounidenses corrientes,2002,Dato revisado,Trimestral,Q2
536,                        3.2.1 Participaciones de capital y participaciones en fondos de inversión,-0.908184,Millones - Dólares estadounidenses corrientes,2002,Dato revisado,Trimestral,Q3
536,                        3.2.1 Participaciones de capital y participaciones en fondos de inversión,30.382698,Millones - Dólares estadounidenses corrientes,2002,Dato revisado,Trimestral,Q4
536,                        3.2.1 Participaciones de capital y participaciones en fondos de inversión,-51.50617609,Millones - Dólares estadounidenses corrientes,2003,Dato revisado,Anual,
536,                        3.2.1 Participaciones de capital y participaciones en fondos de inversión,-19.948583,Millones - Dólares estadounidenses corrientes,2003,Dato revisado,Trimestral,Q1
536,                        3.2.1 Participaciones de capital y participaciones en fondos de inversión,-10.659275,Millones - Dólares estadounidenses corrientes,2003,Dato revisado,Trimestral,Q2
536,                        3.2.1 Participaciones de capital y participaciones en fondos de inversión,3.3321595,Millones - Dólares estadounidenses corrientes,2003,Dato revisado,Trimestral,Q3
536,                        3.2.1 Participaciones de capital y participaciones en fondos de inversión,-24.23047759,Millones - Dólares estadounidenses corrientes,2003,Dato revisado,Trimestral,Q4
536,                        3.2.1 Participaciones de capital y participaciones en fondos de inversión,129.735835383,Millones - Dólares estadounidenses corrientes,2004,Dato revisado,Anual,
536,                        3.2.1 Participaciones de capital y participaciones en fondos de inversión,6.79757539,Millones - Dólares estadounidenses corrientes,2004,Dato revisado,Trimestral,Q1
536,                        3.2.1 Participaciones de capital y participaciones en fondos de inversión,-10.07017021,Millones - Dólares estadounidenses corrientes,2004,Dato revisado,Trimestral,Q2
536,                        3.2.1 Participaciones de capital y participaciones en fondos de inversión,61.759751923,Millones - Dólares estadounidenses corrientes,2004,Dato revisado,Trimestral,Q3
536,                        3.2.1 Participaciones de capital y participaciones en fondos de inversión,71.24867828,Millones - Dólares estadounidenses corrientes,2004,Dato revisado,Trimestral,Q4
536,                        3.2.1 Participaciones de capital y participaciones en fondos de inversión,85.77073909,Millones - Dólares estadounidenses corrientes,2005,Dato revisado,Anual,
536,                        3.2.1 Participaciones de capital y participaciones en fondos de inversión,-18.32503788,Millones - Dólares estadounidenses corrientes,2005,Dato revisado,Trimestral,Q1
536,                        3.2.1 Participaciones de capital y participaciones en fondos de inversión,61.32278561,Millones - Dólares estadounidenses corrientes,2005,Dato revisado,Trimestral,Q2
536,                        3.2.1 Participaciones de capital y participaciones en fondos de inversión,45.59324587,Millones - Dólares estadounidenses corrientes,2005,Dato revisado,Trimestral,Q3
536,                        3.2.1 Participaciones de capital y participaciones en fondos de inversión,-2.82025451,Millones - Dólares estadounidenses corrientes,2005,Dato revisado,Trimestral,Q4
536,                        3.2.1 Participaciones de capital y participaciones en fondos de inversión,-30.094608803,Millones - Dólares estadounidenses corrientes,2006,Dato revisado,Anual,
536,                        3.2.1 Participaciones de capital y participaciones en fondos de inversión,70.08633725,Millones - Dólares estadounidenses corrientes,2006,Dato revisado,Trimestral,Q1
536,                        3.2.1 Participaciones de capital y participaciones en fondos de inversión,-68.12222813,Millones - Dólares estadounidenses corrientes,2006,Dato revisado,Trimestral,Q2
536,                        3.2.1 Participaciones de capital y participaciones en fondos de inversión,-97.77498932,Millones - Dólares estadounidenses corrientes,2006,Dato revisado,Trimestral,Q3
536,                        3.2.1 Participaciones de capital y participaciones en fondos de inversión,65.716271397,Millones - Dólares estadounidenses corrientes,2006,Dato revisado,Trimestral,Q4
536,                        3.2.1 Participaciones de capital y participaciones en fondos de inversión,790.07847187,Millones - Dólares estadounidenses corrientes,2007,Dato revisado,Anual,
536,                        3.2.1 Participaciones de capital y participaciones en fondos de inversión,443.4568707,Millones - Dólares estadounidenses corrientes,2007,Dato revisado,Trimestral,Q1
536,                        3.2.1 Participaciones de capital y participaciones en fondos de inversión,-348.3993454,Millones - Dólares estadounidenses corrientes,2007,Dato revisado,Trimestral,Q2
536,                        3.2.1 Participaciones de capital y participaciones en fondos de inversión,585.70677378,Millones - Dólares estadounidenses corrientes,2007,Dato revisado,Trimestral,Q3
536,                        3.2.1 Participaciones de capital y participaciones en fondos de inversión,109.31417279,Millones - Dólares estadounidenses corrientes,2007,Dato revisado,Trimestral,Q4
536,                        3.2.1 Participaciones de capital y participaciones en fondos de inversión,-86.285982976,Millones - Dólares estadounidenses corrientes,2008,Dato revisado,Anual,
536,                        3.2.1 Participaciones de capital y participaciones en fondos de inversión,5.579466103,Millones - Dólares estadounidenses corrientes,2008,Dato revisado,Trimestral,Q1
536,                        3.2.1 Participaciones de capital y participaciones en fondos de inversión,32.046042731,Millones - Dólares estadounidenses corrientes,2008,Dato revisado,Trimestral,Q2
536,                        3.2.1 Participaciones de capital y participaciones en fondos de inversión,-107.8141267,Millones - Dólares estadounidenses corrientes,2008,Dato revisado,Trimestral,Q3
536,                        3.2.1 Participaciones de capital y participaciones en fondos de inversión,-16.09736511,Millones - Dólares estadounidenses corrientes,2008,Dato revisado,Trimestral,Q4
536,                        3.2.1 Participaciones de capital y participaciones en fondos de inversión,67.35112241,Millones - Dólares estadounidenses corrientes,2009,Dato revisado,Anual,
536,                        3.2.1 Participaciones de capital y participaciones en fondos de inversión,-34.99306399,Millones - Dólares estadounidenses corrientes,2009,Dato revisado,Trimestral,Q1
536,                        3.2.1 Participaciones de capital y participaciones en fondos de inversión,169.52854155,Millones - Dólares estadounidenses corrientes,2009,Dato revisado,Trimestral,Q2
536,                        3.2.1 Participaciones de capital y participaciones en fondos de inversión,-3.02184092,Millones - Dólares estadounidenses corrientes,2009,Dato revisado,Trimestral,Q3
536,                        3.2.1 Participaciones de capital y participaciones en fondos de inversión,-64.16251423,Millones - Dólares estadounidenses corrientes,2009,Dato revisado,Trimestral,Q4
536,                        3.2.1 Participaciones de capital y participaciones en fondos de inversión,1487.960174475,Millones - Dólares estadounidenses corrientes,2010,Dato revisado,Anual,
536,                        3.2.1 Participaciones de capital y participaciones en fondos de inversión,53.604812845,Millones - Dólares estadounidenses corrientes,2010,Dato revisado,Trimestral,Q1
536,                        3.2.1 Participaciones de capital y participaciones en fondos de inversión,155.69765077,Millones - Dólares estadounidenses corrientes,2010,Dato revisado,Trimestral,Q2
536,                        3.2.1 Participaciones de capital y participaciones en fondos de inversión,509.31850517,Millones - Dólares estadounidenses corrientes,2010,Dato revisado,Trimestral,Q3
536,                        3.2.1 Participaciones de capital y participaciones en fondos de inversión,769.33920569,Millones - Dólares estadounidenses corrientes,2010,Dato revisado,Trimestral,Q4
536,                        3.2.1 Participaciones de capital y participaciones en fondos de inversión,2271.91947027,Millones - Dólares estadounidenses corrientes,2011,Dato revisado,Anual,
536,                        3.2.1 Participaciones de capital y participaciones en fondos de inversión,389.45084303,Millones - Dólares estadounidenses corrientes,2011,Dato revisado,Trimestral,Q1
536,                        3.2.1 Participaciones de capital y participaciones en fondos de inversión,419.74824321,Millones - Dólares estadounidenses corrientes,2011,Dato revisado,Trimestral,Q2
536,                        3.2.1 Participaciones de capital y participaciones en fondos de inversión,461.70104923,Millones - Dólares estadounidenses corrientes,2011,Dato revisado,Trimestral,Q3
536,                        3.2.1 Participaciones de capital y participaciones en fondos de inversión,1001.0193348,Millones - Dólares estadounidenses corrientes,2011,Dato revisado,Trimestral,Q4
536,                        3.2.1 Participaciones de capital y participaciones en fondos de inversión,3455.18377761,Millones - Dólares estadounidenses corrientes,2012,Dato revisado,Anual,
536,                        3.2.1 Participaciones de capital y participaciones en fondos de inversión,1064.3796715,Millones - Dólares estadounidenses corrientes,2012,Dato revisado,Trimestral,Q1
536,                        3.2.1 Participaciones de capital y participaciones en fondos de inversión,848.81011579,Millones - Dólares estadounidenses corrientes,2012,Dato revisado,Trimestral,Q2
536,                        3.2.1 Participaciones de capital y participaciones en fondos de inversión,713.81304168,Millones - Dólares estadounidenses corrientes,2012,Dato revisado,Trimestral,Q3
536,                        3.2.1 Participaciones de capital y participaciones en fondos de inversión,828.18094864,Millones - Dólares estadounidenses corrientes,2012,Dato revisado,Trimestral,Q4
536,                        3.2.1 Participaciones de capital y participaciones en fondos de inversión,1921.21750401,Millones - Dólares estadounidenses corrientes,2013,Dato revisado,Anual,
536,                        3.2.1 Participaciones de capital y participaciones en fondos de inversión,916.29783446,Millones - Dólares estadounidenses corrientes,2013,Dato revisado,Trimestral,Q1
536,                        3.2.1 Participaciones de capital y participaciones en fondos de inversión,504.95048889,Millones - Dólares estadounidenses corrientes,2013,Dato revisado,Trimestral,Q2
536,                        3.2.1 Participaciones de capital y participaciones en fondos de inversión,351.83381634,Millones - Dólares estadounidenses corrientes,2013,Dato revisado,Trimestral,Q3
536,                        3.2.1 Participaciones de capital y participaciones en fondos de inversión,148.13536432,Millones - Dólares estadounidenses corrientes,2013,Dato revisado,Trimestral,Q4
536,                        3.2.1 Participaciones de capital y participaciones en fondos de inversión,1823.2110431,Millones - Dólares estadounidenses corrientes,2014,Dato revisado,Anual,
536,                        3.2.1 Participaciones de capital y participaciones en fondos de inversión,-28.75291679,Millones - Dólares estadounidenses corrientes,2014,Dato revisado,Trimestral,Q1
536,                        3.2.1 Participaciones de capital y participaciones en fondos de inversión,661.1080293,Millones - Dólares estadounidenses corrientes,2014,Dato revisado,Trimestral,Q2
536,                        3.2.1 Participaciones de capital y participaciones en fondos de inversión,872.84209279,Millones - Dólares estadounidenses corrientes,2014,Dato revisado,Trimestral,Q3
536,                        3.2.1 Participaciones de capital y participaciones en fondos de inversión,318.0138378,Millones - Dólares estadounidenses corrientes,2014,Dato revisado,Trimestral,Q4
536,                        3.2.1 Participaciones de capital y participaciones en fondos de inversión,639.939240392,Millones - Dólares estadounidenses corrientes,2015,Dato revisado,Anual,
536,                        3.2.1 Participaciones de capital y participaciones en fondos de inversión,0.36162634,Millones - Dólares estadounidenses corrientes,2015,Dato revisado,Trimestral,Q1
536,                        3.2.1 Participaciones de capital y participaciones en fondos de inversión,238.70049243,Millones - Dólares estadounidenses corrientes,2015,Dato revisado,Trimestral,Q2
536,                        3.2.1 Participaciones de capital y participaciones en fondos de inversión,314.56685987,Millones - Dólares estadounidenses corrientes,2015,Dato revisado,Trimestral,Q3
536,                        3.2.1 Participaciones de capital y participaciones en fondos de inversión,86.310261752,Millones - Dólares estadounidenses corrientes,2015,Dato revisado,Trimestral,Q4
536,                        3.2.1 Participaciones de capital y participaciones en fondos de inversión,-362.887503172,Millones - Dólares estadounidenses corrientes,2016,Dato revisado,Anual,
536,                        3.2.1 Participaciones de capital y participaciones en fondos de inversión,92.319528598,Millones - Dólares estadounidenses corrientes,2016,Dato revisado,Trimestral,Q1
536,                        3.2.1 Participaciones de capital y participaciones en fondos de inversión,-328.7656719,Millones - Dólares estadounidenses corrientes,2016,Dato revisado,Trimestral,Q2
536,                        3.2.1 Participaciones de capital y participaciones en fondos de inversión,-315.637046,Millones - Dólares estadounidenses corrientes,2016,Dato revisado,Trimestral,Q3
536,                        3.2.1 Participaciones de capital y participaciones en fondos de inversión,189.19568613,Millones - Dólares estadounidenses corrientes,2016,Dato revisado,Trimestral,Q4
536,                        3.2.1 Participaciones de capital y participaciones en fondos de inversión,472.082478843,Millones - Dólares estadounidenses corrientes,2017,Dato revisado,Anual,
536,                        3.2.1 Participaciones de capital y participaciones en fondos de inversión,167.59514849,Millones - Dólares estadounidenses corrientes,2017,Dato revisado,Trimestral,Q1
536,                        3.2.1 Participaciones de capital y participaciones en fondos de inversión,159.15147428,Millones - Dólares estadounidenses corrientes,2017,Dato revisado,Trimestral,Q2
536,                        3.2.1 Participaciones de capital y participaciones en fondos de inversión,53.501211555,Millones - Dólares estadounidenses corrientes,2017,Dato revisado,Trimestral,Q3
536,                        3.2.1 Participaciones de capital y participaciones en fondos de inversión,91.834644518,Millones - Dólares estadounidenses corrientes,2017,Dato revisado,Trimestral,Q4
536,                        3.2.1 Participaciones de capital y participaciones en fondos de inversión,-823.122138164,Millones - Dólares estadounidenses corrientes,2018,Dato revisado,Anual,
536,                        3.2.1 Participaciones de capital y participaciones en fondos de inversión,36.636507036,Millones - Dólares estadounidenses corrientes,2018,Dato revisado,Trimestral,Q1
536,                        3.2.1 Participaciones de capital y participaciones en fondos de inversión,-301.5576456,Millones - Dólares estadounidenses corrientes,2018,Dato revisado,Trimestral,Q2
536,                        3.2.1 Participaciones de capital y participaciones en fondos de inversión,-171.8801645,Millones - Dólares estadounidenses corrientes,2018,Dato revisado,Trimestral,Q3
536,                        3.2.1 Participaciones de capital y participaciones en fondos de inversión,-386.3208351,Millones - Dólares estadounidenses corrientes,2018,Dato revisado,Trimestral,Q4
536,                        3.2.1 Participaciones de capital y participaciones en fondos de inversión,-1231.6384447,Millones - Dólares estadounidenses corrientes,2019,Dato revisado,Anual,
536,                        3.2.1 Participaciones de capital y participaciones en fondos de inversión,-125.8293248,Millones - Dólares estadounidenses corrientes,2019,Dato revisado,Trimestral,Q1
536,                        3.2.1 Participaciones de capital y participaciones en fondos de inversión,-109.6410019,Millones - Dólares estadounidenses corrientes,2019,Dato revisado,Trimestral,Q2
536,                        3.2.1 Participaciones de capital y participaciones en fondos de inversión,-383.8256895,Millones - Dólares estadounidenses corrientes,2019,Dato revisado,Trimestral,Q3
536,                        3.2.1 Participaciones de capital y participaciones en fondos de inversión,-612.3424285,Millones - Dólares estadounidenses corrientes,2019,Dato revisado,Trimestral,Q4
536,                        3.2.1 Participaciones de capital y participaciones en fondos de inversión,-453.723568676,Millones - Dólares estadounidenses corrientes,2020,Dato revisado,Anual,
536,                        3.2.1 Participaciones de capital y participaciones en fondos de inversión,-163.1493249,Millones - Dólares estadounidenses corrientes,2020,Dato revisado,Trimestral,Q1
536,                        3.2.1 Participaciones de capital y participaciones en fondos de inversión,-154.0700581,Millones - Dólares estadounidenses corrientes,2020,Dato revisado,Trimestral,Q2
536,                        3.2.1 Participaciones de capital y participaciones en fondos de inversión,-130.0085683,Millones - Dólares estadounidenses corrientes,2020,Dato revisado,Trimestral,Q3
536,                        3.2.1 Participaciones de capital y participaciones en fondos de inversión,-6.495617376,Millones - Dólares estadounidenses corrientes,2020,Dato revisado,Trimestral,Q4
536,                        3.2.1 Participaciones de capital y participaciones en fondos de inversión,-1189.2696911,Millones - Dólares estadounidenses corrientes,2021,Dato revisado,Anual,
536,                        3.2.1 Participaciones de capital y participaciones en fondos de inversión,-268.6359837,Millones - Dólares estadounidenses corrientes,2021,Dato revisado,Trimestral,Q1
536,                        3.2.1 Participaciones de capital y participaciones en fondos de inversión,-297.0080992,Millones - Dólares estadounidenses corrientes,2021,Dato revisado,Trimestral,Q2
536,                        3.2.1 Participaciones de capital y participaciones en fondos de inversión,-342.1867424,Millones - Dólares estadounidenses corrientes,2021,Dato revisado,Trimestral,Q3
536,                        3.2.1 Participaciones de capital y participaciones en fondos de inversión,-281.4388658,Millones - Dólares estadounidenses corrientes,2021,Dato revisado,Trimestral,Q4
536,                        3.2.1 Participaciones de capital y participaciones en fondos de inversión,-551.034485885,Millones - Dólares estadounidenses corrientes,2022,Dato revisado,Anual,
536,                        3.2.1 Participaciones de capital y participaciones en fondos de inversión,-391.0675223,Millones - Dólares estadounidenses corrientes,2022,Dato revisado,Trimestral,Q1
536,                        3.2.1 Participaciones de capital y participaciones en fondos de inversión,-267.0129864,Millones - Dólares estadounidenses corrientes,2022,Dato revisado,Trimestral,Q2
536,                        3.2.1 Participaciones de capital y participaciones en fondos de inversión,17.261982218,Millones - Dólares estadounidenses corrientes,2022,Dato revisado,Trimestral,Q3
536,                        3.2.1 Participaciones de capital y participaciones en fondos de inversión,89.784040597,Millones - Dólares estadounidenses corrientes,2022,Dato revisado,Trimestral,Q4
536,                        3.2.1 Participaciones de capital y participaciones en fondos de inversión,19.923914044,Millones - Dólares estadounidenses corrientes,2023,Dato provisional,Anual,
536,                        3.2.1 Participaciones de capital y participaciones en fondos de inversión,27.134651605,Millones - Dólares estadounidenses corrientes,2023,Dato provisional,Trimestral,Q1
536,                        3.2.1 Participaciones de capital y participaciones en fondos de inversión,-3.718998041,Millones - Dólares estadounidenses corrientes,2023,Dato provisional,Trimestral,Q2
536,                        3.2.1 Participaciones de capital y participaciones en fondos de inversión,56.91603196,Millones - Dólares estadounidenses corrientes,2023,Dato provisional,Trimestral,Q3
536,                        3.2.1 Participaciones de capital y participaciones en fondos de inversión,-60.40777148,Millones - Dólares estadounidenses corrientes,2023,Dato provisional,Trimestral,Q4
536,                        3.2.1 Participaciones de capital y participaciones en fondos de inversión,537.8156632087,Millones - Dólares estadounidenses corrientes,2024,Dato provisional,Anual,
536,                        3.2.1 Participaciones de capital y participaciones en fondos de inversión,4.4128011487,Millones - Dólares estadounidenses corrientes,2024,Dato provisional,Trimestral,Q1
536,                        3.2.1 Participaciones de capital y participaciones en fondos de inversión,127.85160638,Millones - Dólares estadounidenses corrientes,2024,Dato provisional,Trimestral,Q2
536,                        3.2.1 Participaciones de capital y participaciones en fondos de inversión,177.38578332,Millones - Dólares estadounidenses corrientes,2024,Dato provisional,Trimestral,Q3
536,                        3.2.1 Participaciones de capital y participaciones en fondos de inversión,228.16547236,Millones - Dólares estadounidenses corrientes,2024,Dato provisional,Trimestral,Q4
536,                        3.2.1 Participaciones de capital y participaciones en fondos de inversión,1193.79324473,Millones - Dólares estadounidenses corrientes,2025,Dato preliminar,Anual,
536,                        3.2.1 Participaciones de capital y participaciones en fondos de inversión,180.85341169,Millones - Dólares estadounidenses corrientes,2025,Dato preliminar,Trimestral,Q1
536,                        3.2.1 Participaciones de capital y participaciones en fondos de inversión,417.63514581,Millones - Dólares estadounidenses corrientes,2025,Dato preliminar,Trimestral,Q2
536,                        3.2.1 Participaciones de capital y participaciones en fondos de inversión,595.30468723,Millones - Dólares estadounidenses corrientes,2025,Dato preliminar,Trimestral,Q3
550,                        3.2.2 Títulos de deuda,1436.47335219,Millones - Dólares estadounidenses corrientes,2000,Dato revisado,Anual,
550,                        3.2.2 Títulos de deuda,748.61315359,Millones - Dólares estadounidenses corrientes,2000,Dato revisado,Trimestral,Q1
550,                        3.2.2 Títulos de deuda,184.19560783,Millones - Dólares estadounidenses corrientes,2000,Dato revisado,Trimestral,Q2
550,                        3.2.2 Títulos de deuda,113.82597021,Millones - Dólares estadounidenses corrientes,2000,Dato revisado,Trimestral,Q3
550,                        3.2.2 Títulos de deuda,389.83862056,Millones - Dólares estadounidenses corrientes,2000,Dato revisado,Trimestral,Q4
550,                        3.2.2 Títulos de deuda,3491.57290758,Millones - Dólares estadounidenses corrientes,2001,Dato revisado,Anual,
550,                        3.2.2 Títulos de deuda,739.67667601,Millones - Dólares estadounidenses corrientes,2001,Dato revisado,Trimestral,Q1
550,                        3.2.2 Títulos de deuda,1834.431942,Millones - Dólares estadounidenses corrientes,2001,Dato revisado,Trimestral,Q2
550,                        3.2.2 Títulos de deuda,144.46341041,Millones - Dólares estadounidenses corrientes,2001,Dato revisado,Trimestral,Q3
550,                        3.2.2 Títulos de deuda,773.00087916,Millones - Dólares estadounidenses corrientes,2001,Dato revisado,Trimestral,Q4
550,                        3.2.2 Títulos de deuda,-949.50439184,Millones - Dólares estadounidenses corrientes,2002,Dato revisado,Anual,
550,                        3.2.2 Títulos de deuda,-639.816,Millones - Dólares estadounidenses corrientes,2002,Dato revisado,Trimestral,Q1
550,                        3.2.2 Títulos de deuda,-649.5774146,Millones - Dólares estadounidenses corrientes,2002,Dato revisado,Trimestral,Q2
550,                        3.2.2 Títulos de deuda,39.35980415,Millones - Dólares estadounidenses corrientes,2002,Dato revisado,Trimestral,Q3
550,                        3.2.2 Títulos de deuda,300.52921861,Millones - Dólares estadounidenses corrientes,2002,Dato revisado,Trimestral,Q4
550,                        3.2.2 Títulos de deuda,181.063058,Millones - Dólares estadounidenses corrientes,2003,Dato revisado,Anual,
550,                        3.2.2 Títulos de deuda,45.0195782,Millones - Dólares estadounidenses corrientes,2003,Dato revisado,Trimestral,Q1
550,                        3.2.2 Títulos de deuda,-348.6774146,Millones - Dólares estadounidenses corrientes,2003,Dato revisado,Trimestral,Q2
550,                        3.2.2 Títulos de deuda,91.431,Millones - Dólares estadounidenses corrientes,2003,Dato revisado,Trimestral,Q3
550,                        3.2.2 Títulos de deuda,393.2898944,Millones - Dólares estadounidenses corrientes,2003,Dato revisado,Trimestral,Q4
550,                        3.2.2 Títulos de deuda,1175.96705718,Millones - Dólares estadounidenses corrientes,2004,Dato revisado,Anual,
550,                        3.2.2 Títulos de deuda,164.38580415,Millones - Dólares estadounidenses corrientes,2004,Dato revisado,Trimestral,Q1
550,                        3.2.2 Títulos de deuda,-52.9004146,Millones - Dólares estadounidenses corrientes,2004,Dato revisado,Trimestral,Q2
550,                        3.2.2 Títulos de deuda,525.94108223,Millones - Dólares estadounidenses corrientes,2004,Dato revisado,Trimestral,Q3
550,                        3.2.2 Títulos de deuda,538.5405854,Millones - Dólares estadounidenses corrientes,2004,Dato revisado,Trimestral,Q4
550,                        3.2.2 Títulos de deuda,-138.2932209,Millones - Dólares estadounidenses corrientes,2005,Dato revisado,Anual,
550,                        3.2.2 Títulos de deuda,444.89280415,Millones - Dólares estadounidenses corrientes,2005,Dato revisado,Trimestral,Q1
550,                        3.2.2 Títulos de deuda,-761.8754146,Millones - Dólares estadounidenses corrientes,2005,Dato revisado,Trimestral,Q2
550,                        3.2.2 Títulos de deuda,-97.41719585,Millones - Dólares estadounidenses corrientes,2005,Dato revisado,Trimestral,Q3
550,                        3.2.2 Títulos de deuda,276.1065854,Millones - Dólares estadounidenses corrientes,2005,Dato revisado,Trimestral,Q4
550,                        3.2.2 Títulos de deuda,932.08067356,Millones - Dólares estadounidenses corrientes,2006,Dato revisado,Anual,
550,                        3.2.2 Títulos de deuda,-443.3308414,Millones - Dólares estadounidenses corrientes,2006,Dato revisado,Trimestral,Q1
550,                        3.2.2 Títulos de deuda,-939.2724007,Millones - Dólares estadounidenses corrientes,2006,Dato revisado,Trimestral,Q2
550,                        3.2.2 Títulos de deuda,1797.0181959,Millones - Dólares estadounidenses corrientes,2006,Dato revisado,Trimestral,Q3
550,                        3.2.2 Títulos de deuda,517.66571976,Millones - Dólares estadounidenses corrientes,2006,Dato revisado,Trimestral,Q4
550,                        3.2.2 Títulos de deuda,1093.77443636,Millones - Dólares estadounidenses corrientes,2007,Dato revisado,Anual,
550,                        3.2.2 Títulos de deuda,-365.393938,Millones - Dólares estadounidenses corrientes,2007,Dato revisado,Trimestral,Q1
550,                        3.2.2 Títulos de deuda,1229.8805558,Millones - Dólares estadounidenses corrientes,2007,Dato revisado,Trimestral,Q2
550,                        3.2.2 Títulos de deuda,288.06284062,Millones - Dólares estadounidenses corrientes,2007,Dato revisado,Trimestral,Q3
550,                        3.2.2 Títulos de deuda,-58.77502206,Millones - Dólares estadounidenses corrientes,2007,Dato revisado,Trimestral,Q4
550,                        3.2.2 Títulos de deuda,-1108.926190423,Millones - Dólares estadounidenses corrientes,2008,Dato revisado,Anual,
550,                        3.2.2 Títulos de deuda,-191.0517447,Millones - Dólares estadounidenses corrientes,2008,Dato revisado,Trimestral,Q1
550,                        3.2.2 Títulos de deuda,-540.1213753,Millones - Dólares estadounidenses corrientes,2008,Dato revisado,Trimestral,Q2
550,                        3.2.2 Títulos de deuda,-1.450248923,Millones - Dólares estadounidenses corrientes,2008,Dato revisado,Trimestral,Q3
550,                        3.2.2 Títulos de deuda,-376.3028215,Millones - Dólares estadounidenses corrientes,2008,Dato revisado,Trimestral,Q4
550,                        3.2.2 Títulos de deuda,4600.80428692,Millones - Dólares estadounidenses corrientes,2009,Dato revisado,Anual,
550,                        3.2.2 Títulos de deuda,1008.9917641,Millones - Dólares estadounidenses corrientes,2009,Dato revisado,Trimestral,Q1
550,                        3.2.2 Títulos de deuda,265.63952452,Millones - Dólares estadounidenses corrientes,2009,Dato revisado,Trimestral,Q2
550,                        3.2.2 Títulos de deuda,1829.3726789,Millones - Dólares estadounidenses corrientes,2009,Dato revisado,Trimestral,Q3
550,                        3.2.2 Títulos de deuda,1496.8003194,Millones - Dólares estadounidenses corrientes,2009,Dato revisado,Trimestral,Q4
550,                        3.2.2 Títulos de deuda,1774.59008381,Millones - Dólares estadounidenses corrientes,2010,Dato revisado,Anual,
550,                        3.2.2 Títulos de deuda,-625.5879758,Millones - Dólares estadounidenses corrientes,2010,Dato revisado,Trimestral,Q1
550,                        3.2.2 Títulos de deuda,899.04448028,Millones - Dólares estadounidenses corrientes,2010,Dato revisado,Trimestral,Q2
550,                        3.2.2 Títulos de deuda,1004.0358003,Millones - Dólares estadounidenses corrientes,2010,Dato revisado,Trimestral,Q3
550,                        3.2.2 Títulos de deuda,497.09777903,Millones - Dólares estadounidenses corrientes,2010,Dato revisado,Trimestral,Q4
550,                        3.2.2 Títulos de deuda,5260.1816933,Millones - Dólares estadounidenses corrientes,2011,Dato revisado,Anual,
550,                        3.2.2 Títulos de deuda,1481.8050877,Millones - Dólares estadounidenses corrientes,2011,Dato revisado,Trimestral,Q1
550,                        3.2.2 Títulos de deuda,580.3828491,Millones - Dólares estadounidenses corrientes,2011,Dato revisado,Trimestral,Q2
550,                        3.2.2 Títulos de deuda,1843.4352872,Millones - Dólares estadounidenses corrientes,2011,Dato revisado,Trimestral,Q3
550,                        3.2.2 Títulos de deuda,1354.5584693,Millones - Dólares estadounidenses corrientes,2011,Dato revisado,Trimestral,Q4
550,                        3.2.2 Títulos de deuda,3900.52005199,Millones - Dólares estadounidenses corrientes,2012,Dato revisado,Anual,
550,                        3.2.2 Títulos de deuda,214.79632261,Millones - Dólares estadounidenses corrientes,2012,Dato revisado,Trimestral,Q1
550,                        3.2.2 Títulos de deuda,518.86610705,Millones - Dólares estadounidenses corrientes,2012,Dato revisado,Trimestral,Q2
550,                        3.2.2 Títulos de deuda,3074.1838187,Millones - Dólares estadounidenses corrientes,2012,Dato revisado,Trimestral,Q3
550,                        3.2.2 Títulos de deuda,92.67380363,Millones - Dólares estadounidenses corrientes,2012,Dato revisado,Trimestral,Q4
550,                        3.2.2 Títulos de deuda,9151.8793133,Millones - Dólares estadounidenses corrientes,2013,Dato revisado,Anual,
550,                        3.2.2 Títulos de deuda,2127.5665419,Millones - Dólares estadounidenses corrientes,2013,Dato revisado,Trimestral,Q1
550,                        3.2.2 Títulos de deuda,1358.3919306,Millones - Dólares estadounidenses corrientes,2013,Dato revisado,Trimestral,Q2
550,                        3.2.2 Títulos de deuda,5118.9759576,Millones - Dólares estadounidenses corrientes,2013,Dato revisado,Trimestral,Q3
550,                        3.2.2 Títulos de deuda,546.9448832,Millones - Dólares estadounidenses corrientes,2013,Dato revisado,Trimestral,Q4
550,                        3.2.2 Títulos de deuda,16837.8175731,Millones - Dólares estadounidenses corrientes,2014,Dato revisado,Anual,
550,                        3.2.2 Títulos de deuda,4260.075346,Millones - Dólares estadounidenses corrientes,2014,Dato revisado,Trimestral,Q1
550,                        3.2.2 Títulos de deuda,5341.008524,Millones - Dólares estadounidenses corrientes,2014,Dato revisado,Trimestral,Q2
550,                        3.2.2 Títulos de deuda,5550.0956799,Millones - Dólares estadounidenses corrientes,2014,Dato revisado,Trimestral,Q3
550,                        3.2.2 Títulos de deuda,1686.6380232,Millones - Dólares estadounidenses corrientes,2014,Dato revisado,Trimestral,Q4
550,                        3.2.2 Títulos de deuda,8050.7893496,Millones - Dólares estadounidenses corrientes,2015,Dato revisado,Anual,
550,                        3.2.2 Títulos de deuda,4029.5147695,Millones - Dólares estadounidenses corrientes,2015,Dato revisado,Trimestral,Q1
550,                        3.2.2 Títulos de deuda,2070.0127414,Millones - Dólares estadounidenses corrientes,2015,Dato revisado,Trimestral,Q2
550,                        3.2.2 Títulos de deuda,2476.0738853,Millones - Dólares estadounidenses corrientes,2015,Dato revisado,Trimestral,Q3
550,                        3.2.2 Títulos de deuda,-524.8120466,Millones - Dólares estadounidenses corrientes,2015,Dato revisado,Trimestral,Q4
550,                        3.2.2 Títulos de deuda,10392.1323221,Millones - Dólares estadounidenses corrientes,2016,Dato revisado,Anual,
550,                        3.2.2 Títulos de deuda,2116.8314401,Millones - Dólares estadounidenses corrientes,2016,Dato revisado,Trimestral,Q1
550,                        3.2.2 Títulos de deuda,3242.9602346,Millones - Dólares estadounidenses corrientes,2016,Dato revisado,Trimestral,Q2
550,                        3.2.2 Títulos de deuda,2922.0969682,Millones - Dólares estadounidenses corrientes,2016,Dato revisado,Trimestral,Q3
550,                        3.2.2 Títulos de deuda,2110.2436792,Millones - Dólares estadounidenses corrientes,2016,Dato revisado,Trimestral,Q4
550,                        3.2.2 Títulos de deuda,7340.1969356,Millones - Dólares estadounidenses corrientes,2017,Dato revisado,Anual,
550,                        3.2.2 Títulos de deuda,1636.2444606,Millones - Dólares estadounidenses corrientes,2017,Dato revisado,Trimestral,Q1
550,                        3.2.2 Títulos de deuda,1275.1370461,Millones - Dólares estadounidenses corrientes,2017,Dato revisado,Trimestral,Q2
550,                        3.2.2 Títulos de deuda,2747.9779634,Millones - Dólares estadounidenses corrientes,2017,Dato revisado,Trimestral,Q3
550,                        3.2.2 Títulos de deuda,1680.8374655,Millones - Dólares estadounidenses corrientes,2017,Dato revisado,Trimestral,Q4
550,                        3.2.2 Títulos de deuda,1171.994061066,Millones - Dólares estadounidenses corrientes,2018,Dato revisado,Anual,
550,                        3.2.2 Títulos de deuda,116.44135164,Millones - Dólares estadounidenses corrientes,2018,Dato revisado,Trimestral,Q1
550,                        3.2.2 Títulos de deuda,42.410306816,Millones - Dólares estadounidenses corrientes,2018,Dato revisado,Trimestral,Q2
550,                        3.2.2 Títulos de deuda,753.35383705,Millones - Dólares estadounidenses corrientes,2018,Dato revisado,Trimestral,Q3
550,                        3.2.2 Títulos de deuda,259.78856556,Millones - Dólares estadounidenses corrientes,2018,Dato revisado,Trimestral,Q4
550,                        3.2.2 Títulos de deuda,1522.91826039,Millones - Dólares estadounidenses corrientes,2019,Dato revisado,Anual,
550,                        3.2.2 Títulos de deuda,792.68251379,Millones - Dólares estadounidenses corrientes,2019,Dato revisado,Trimestral,Q1
550,                        3.2.2 Títulos de deuda,1028.953748,Millones - Dólares estadounidenses corrientes,2019,Dato revisado,Trimestral,Q2
550,                        3.2.2 Títulos de deuda,654.7528509,Millones - Dólares estadounidenses corrientes,2019,Dato revisado,Trimestral,Q3
550,                        3.2.2 Títulos de deuda,-953.4708523,Millones - Dólares estadounidenses corrientes,2019,Dato revisado,Trimestral,Q4
550,                        3.2.2 Títulos de deuda,7968.7752326,Millones - Dólares estadounidenses corrientes,2020,Dato revisado,Anual,
550,                        3.2.2 Títulos de deuda,-539.3787625,Millones - Dólares estadounidenses corrientes,2020,Dato revisado,Trimestral,Q1
550,                        3.2.2 Títulos de deuda,4835.6978267,Millones - Dólares estadounidenses corrientes,2020,Dato revisado,Trimestral,Q2
550,                        3.2.2 Títulos de deuda,2089.1568247,Millones - Dólares estadounidenses corrientes,2020,Dato revisado,Trimestral,Q3
550,                        3.2.2 Títulos de deuda,1583.2993437,Millones - Dólares estadounidenses corrientes,2020,Dato revisado,Trimestral,Q4
550,                        3.2.2 Títulos de deuda,9535.8479053,Millones - Dólares estadounidenses corrientes,2021,Dato revisado,Anual,
550,                        3.2.2 Títulos de deuda,-628.1539392,Millones - Dólares estadounidenses corrientes,2021,Dato revisado,Trimestral,Q1
550,                        3.2.2 Títulos de deuda,6227.2902968,Millones - Dólares estadounidenses corrientes,2021,Dato revisado,Trimestral,Q2
550,                        3.2.2 Títulos de deuda,1185.0993092,Millones - Dólares estadounidenses corrientes,2021,Dato revisado,Trimestral,Q3
550,                        3.2.2 Títulos de deuda,2751.6122385,Millones - Dólares estadounidenses corrientes,2021,Dato revisado,Trimestral,Q4
550,                        3.2.2 Títulos de deuda,3430.86042893,Millones - Dólares estadounidenses corrientes,2022,Dato revisado,Anual,
550,                        3.2.2 Títulos de deuda,1191.4903102,Millones - Dólares estadounidenses corrientes,2022,Dato revisado,Trimestral,Q1
550,                        3.2.2 Títulos de deuda,1688.6224124,Millones - Dólares estadounidenses corrientes,2022,Dato revisado,Trimestral,Q2
550,                        3.2.2 Títulos de deuda,626.53387613,Millones - Dólares estadounidenses corrientes,2022,Dato revisado,Trimestral,Q3
550,                        3.2.2 Títulos de deuda,-75.7861698,Millones - Dólares estadounidenses corrientes,2022,Dato revisado,Trimestral,Q4
550,                        3.2.2 Títulos de deuda,1096.92632466,Millones - Dólares estadounidenses corrientes,2023,Dato provisional,Anual,
550,                        3.2.2 Títulos de deuda,962.90889666,Millones - Dólares estadounidenses corrientes,2023,Dato provisional,Trimestral,Q1
550,                        3.2.2 Títulos de deuda,-415.7875164,Millones - Dólares estadounidenses corrientes,2023,Dato provisional,Trimestral,Q2
550,                        3.2.2 Títulos de deuda,-1608.718979,Millones - Dólares estadounidenses corrientes,2023,Dato provisional,Trimestral,Q3
550,                        3.2.2 Títulos de deuda,2158.5239234,Millones - Dólares estadounidenses corrientes,2023,Dato provisional,Trimestral,Q4
550,                        3.2.2 Títulos de deuda,2574.93765905,Millones - Dólares estadounidenses corrientes,2024,Dato provisional,Anual,
550,                        3.2.2 Títulos de deuda,578.88065765,Millones - Dólares estadounidenses corrientes,2024,Dato provisional,Trimestral,Q1
550,                        3.2.2 Títulos de deuda,1548.8559327,Millones - Dólares estadounidenses corrientes,2024,Dato provisional,Trimestral,Q2
550,                        3.2.2 Títulos de deuda,-1249.736398,Millones - Dólares estadounidenses corrientes,2024,Dato provisional,Trimestral,Q3
550,                        3.2.2 Títulos de deuda,1696.9374667,Millones - Dólares estadounidenses corrientes,2024,Dato provisional,Trimestral,Q4
550,                        3.2.2 Títulos de deuda,12660.4675762,Millones - Dólares estadounidenses corrientes,2025,Dato preliminar,Anual,
550,                        3.2.2 Títulos de deuda,1025.9930339,Millones - Dólares estadounidenses corrientes,2025,Dato preliminar,Trimestral,Q1
550,                        3.2.2 Títulos de deuda,5872.9201921,Millones - Dólares estadounidenses corrientes,2025,Dato preliminar,Trimestral,Q2
550,                        3.2.2 Títulos de deuda,5761.5543502,Millones - Dólares estadounidenses corrientes,2025,Dato preliminar,Trimestral,Q3
574,              3.3 Derivados financieros (distintos de reservas) y opciones de compra de acciones por parte de empleados,121.958325998,Millones - Dólares estadounidenses corrientes,2000,Dato revisado,Anual,
574,              3.3 Derivados financieros (distintos de reservas) y opciones de compra de acciones por parte de empleados,24.923932,Millones - Dólares estadounidenses corrientes,2000,Dato revisado,Trimestral,Q1
574,              3.3 Derivados financieros (distintos de reservas) y opciones de compra de acciones por parte de empleados,31.378123985,Millones - Dólares estadounidenses corrientes,2000,Dato revisado,Trimestral,Q2
574,              3.3 Derivados financieros (distintos de reservas) y opciones de compra de acciones por parte de empleados,32.670875169,Millones - Dólares estadounidenses corrientes,2000,Dato revisado,Trimestral,Q3
574,              3.3 Derivados financieros (distintos de reservas) y opciones de compra de acciones por parte de empleados,32.985394844,Millones - Dólares estadounidenses corrientes,2000,Dato revisado,Trimestral,Q4
574,              3.3 Derivados financieros (distintos de reservas) y opciones de compra de acciones por parte de empleados,132.583154674,Millones - Dólares estadounidenses corrientes,2001,Dato revisado,Anual,
574,              3.3 Derivados financieros (distintos de reservas) y opciones de compra de acciones por parte de empleados,32.334289453,Millones - Dólares estadounidenses corrientes,2001,Dato revisado,Trimestral,Q1
574,              3.3 Derivados financieros (distintos de reservas) y opciones de compra de acciones por parte de empleados,33.443069031,Millones - Dólares estadounidenses corrientes,2001,Dato revisado,Trimestral,Q2
574,              3.3 Derivados financieros (distintos de reservas) y opciones de compra de acciones por parte de empleados,32.926565626,Millones - Dólares estadounidenses corrientes,2001,Dato revisado,Trimestral,Q3
574,              3.3 Derivados financieros (distintos de reservas) y opciones de compra de acciones por parte de empleados,33.879230564,Millones - Dólares estadounidenses corrientes,2001,Dato revisado,Trimestral,Q4
574,              3.3 Derivados financieros (distintos de reservas) y opciones de compra de acciones por parte de empleados,111.14093884,Millones - Dólares estadounidenses corrientes,2002,Dato revisado,Anual,
574,              3.3 Derivados financieros (distintos de reservas) y opciones de compra de acciones por parte de empleados,37.326149506,Millones - Dólares estadounidenses corrientes,2002,Dato revisado,Trimestral,Q1
574,              3.3 Derivados financieros (distintos de reservas) y opciones de compra de acciones por parte de empleados,35.251842836,Millones - Dólares estadounidenses corrientes,2002,Dato revisado,Trimestral,Q2
574,              3.3 Derivados financieros (distintos de reservas) y opciones de compra de acciones por parte de empleados,21.655873261,Millones - Dólares estadounidenses corrientes,2002,Dato revisado,Trimestral,Q3
574,              3.3 Derivados financieros (distintos de reservas) y opciones de compra de acciones por parte de empleados,16.907073237,Millones - Dólares estadounidenses corrientes,2002,Dato revisado,Trimestral,Q4
574,              3.3 Derivados financieros (distintos de reservas) y opciones de compra de acciones por parte de empleados,100.958545852,Millones - Dólares estadounidenses corrientes,2003,Dato revisado,Anual,
574,              3.3 Derivados financieros (distintos de reservas) y opciones de compra de acciones por parte de empleados,30.479989539,Millones - Dólares estadounidenses corrientes,2003,Dato revisado,Trimestral,Q1
574,              3.3 Derivados financieros (distintos de reservas) y opciones de compra de acciones por parte de empleados,18.466413428,Millones - Dólares estadounidenses corrientes,2003,Dato revisado,Trimestral,Q2
574,              3.3 Derivados financieros (distintos de reservas) y opciones de compra de acciones por parte de empleados,22.514988164,Millones - Dólares estadounidenses corrientes,2003,Dato revisado,Trimestral,Q3
574,              3.3 Derivados financieros (distintos de reservas) y opciones de compra de acciones por parte de empleados,29.497154721,Millones - Dólares estadounidenses corrientes,2003,Dato revisado,Trimestral,Q4
574,              3.3 Derivados financieros (distintos de reservas) y opciones de compra de acciones por parte de empleados,189.037626021,Millones - Dólares estadounidenses corrientes,2004,Dato revisado,Anual,
574,              3.3 Derivados financieros (distintos de reservas) y opciones de compra de acciones por parte de empleados,30.583163562,Millones - Dólares estadounidenses corrientes,2004,Dato revisado,Trimestral,Q1
574,              3.3 Derivados financieros (distintos de reservas) y opciones de compra de acciones por parte de empleados,15.850705918,Millones - Dólares estadounidenses corrientes,2004,Dato revisado,Trimestral,Q2
574,              3.3 Derivados financieros (distintos de reservas) y opciones de compra de acciones por parte de empleados,46.941726092,Millones - Dólares estadounidenses corrientes,2004,Dato revisado,Trimestral,Q3
574,              3.3 Derivados financieros (distintos de reservas) y opciones de compra de acciones por parte de empleados,95.662030449,Millones - Dólares estadounidenses corrientes,2004,Dato revisado,Trimestral,Q4
574,              3.3 Derivados financieros (distintos de reservas) y opciones de compra de acciones por parte de empleados,61.4659293084,Millones - Dólares estadounidenses corrientes,2005,Dato revisado,Anual,
574,              3.3 Derivados financieros (distintos de reservas) y opciones de compra de acciones por parte de empleados,23.118369449,Millones - Dólares estadounidenses corrientes,2005,Dato revisado,Trimestral,Q1
574,              3.3 Derivados financieros (distintos de reservas) y opciones de compra de acciones por parte de empleados,28.803114665,Millones - Dólares estadounidenses corrientes,2005,Dato revisado,Trimestral,Q2
574,              3.3 Derivados financieros (distintos de reservas) y opciones de compra de acciones por parte de empleados,5.8494451944,Millones - Dólares estadounidenses corrientes,2005,Dato revisado,Trimestral,Q3
574,              3.3 Derivados financieros (distintos de reservas) y opciones de compra de acciones por parte de empleados,3.695,Millones - Dólares estadounidenses corrientes,2005,Dato revisado,Trimestral,Q4
574,              3.3 Derivados financieros (distintos de reservas) y opciones de compra de acciones por parte de empleados,8.595,Millones - Dólares estadounidenses corrientes,2006,Dato revisado,Anual,
574,              3.3 Derivados financieros (distintos de reservas) y opciones de compra de acciones por parte de empleados,0.81,Millones - Dólares estadounidenses corrientes,2006,Dato revisado,Trimestral,Q1
574,              3.3 Derivados financieros (distintos de reservas) y opciones de compra de acciones por parte de empleados,0.785,Millones - Dólares estadounidenses corrientes,2006,Dato revisado,Trimestral,Q2
574,              3.3 Derivados financieros (distintos de reservas) y opciones de compra de acciones por parte de empleados,3,Millones - Dólares estadounidenses corrientes,2006,Dato revisado,Trimestral,Q3
574,              3.3 Derivados financieros (distintos de reservas) y opciones de compra de acciones por parte de empleados,4,Millones - Dólares estadounidenses corrientes,2006,Dato revisado,Trimestral,Q4
574,              3.3 Derivados financieros (distintos de reservas) y opciones de compra de acciones por parte de empleados,0,Millones - Dólares estadounidenses corrientes,2007,Dato revisado,Anual,
574,              3.3 Derivados financieros (distintos de reservas) y opciones de compra de acciones por parte de empleados,0,Millones - Dólares estadounidenses corrientes,2007,Dato revisado,Trimestral,Q1
574,              3.3 Derivados financieros (distintos de reservas) y opciones de compra de acciones por parte de empleados,0,Millones - Dólares estadounidenses corrientes,2007,Dato revisado,Trimestral,Q2
574,              3.3 Derivados financieros (distintos de reservas) y opciones de compra de acciones por parte de empleados,0,Millones - Dólares estadounidenses corrientes,2007,Dato revisado,Trimestral,Q3
574,              3.3 Derivados financieros (distintos de reservas) y opciones de compra de acciones por parte de empleados,0,Millones - Dólares estadounidenses corrientes,2007,Dato revisado,Trimestral,Q4
574,              3.3 Derivados financieros (distintos de reservas) y opciones de compra de acciones por parte de empleados,-43.00486843,Millones - Dólares estadounidenses corrientes,2008,Dato revisado,Anual,
574,              3.3 Derivados financieros (distintos de reservas) y opciones de compra de acciones por parte de empleados,-315.0744151,Millones - Dólares estadounidenses corrientes,2008,Dato revisado,Trimestral,Q1
574,              3.3 Derivados financieros (distintos de reservas) y opciones de compra de acciones por parte de empleados,-307.3688593,Millones - Dólares estadounidenses corrientes,2008,Dato revisado,Trimestral,Q2
574,              3.3 Derivados financieros (distintos de reservas) y opciones de compra de acciones por parte de empleados,362.03754962,Millones - Dólares estadounidenses corrientes,2008,Dato revisado,Trimestral,Q3
574,              3.3 Derivados financieros (distintos de reservas) y opciones de compra de acciones por parte de empleados,217.40085635,Millones - Dólares estadounidenses corrientes,2008,Dato revisado,Trimestral,Q4
574,              3.3 Derivados financieros (distintos de reservas) y opciones de compra de acciones por parte de empleados,-469.55772098,Millones - Dólares estadounidenses corrientes,2009,Dato revisado,Anual,
574,              3.3 Derivados financieros (distintos de reservas) y opciones de compra de acciones por parte de empleados,183.16054762,Millones - Dólares estadounidenses corrientes,2009,Dato revisado,Trimestral,Q1
574,              3.3 Derivados financieros (distintos de reservas) y opciones de compra de acciones por parte de empleados,-261.838836,Millones - Dólares estadounidenses corrientes,2009,Dato revisado,Trimestral,Q2
574,              3.3 Derivados financieros (distintos de reservas) y opciones de compra de acciones por parte de empleados,-269.3042471,Millones - Dólares estadounidenses corrientes,2009,Dato revisado,Trimestral,Q3
574,              3.3 Derivados financieros (distintos de reservas) y opciones de compra de acciones por parte de empleados,-121.5751855,Millones - Dólares estadounidenses corrientes,2009,Dato revisado,Trimestral,Q4
574,              3.3 Derivados financieros (distintos de reservas) y opciones de compra de acciones por parte de empleados,-276.582068613,Millones - Dólares estadounidenses corrientes,2010,Dato revisado,Anual,
574,              3.3 Derivados financieros (distintos de reservas) y opciones de compra de acciones por parte de empleados,-156.3285262,Millones - Dólares estadounidenses corrientes,2010,Dato revisado,Trimestral,Q1
574,              3.3 Derivados financieros (distintos de reservas) y opciones de compra de acciones por parte de empleados,-22.78377145,Millones - Dólares estadounidenses corrientes,2010,Dato revisado,Trimestral,Q2
574,              3.3 Derivados financieros (distintos de reservas) y opciones de compra de acciones por parte de empleados,-122.1611066,Millones - Dólares estadounidenses corrientes,2010,Dato revisado,Trimestral,Q3
574,              3.3 Derivados financieros (distintos de reservas) y opciones de compra de acciones por parte de empleados,24.691335637,Millones - Dólares estadounidenses corrientes,2010,Dato revisado,Trimestral,Q4
574,              3.3 Derivados financieros (distintos de reservas) y opciones de compra de acciones por parte de empleados,36.0321170487,Millones - Dólares estadounidenses corrientes,2011,Dato revisado,Anual,
574,              3.3 Derivados financieros (distintos de reservas) y opciones de compra de acciones por parte de empleados,-52.49210566,Millones - Dólares estadounidenses corrientes,2011,Dato revisado,Trimestral,Q1
574,              3.3 Derivados financieros (distintos de reservas) y opciones de compra de acciones por parte de empleados,-57.79356553,Millones - Dólares estadounidenses corrientes,2011,Dato revisado,Trimestral,Q2
574,              3.3 Derivados financieros (distintos de reservas) y opciones de compra de acciones por parte de empleados,8.7256270887,Millones - Dólares estadounidenses corrientes,2011,Dato revisado,Trimestral,Q3
574,              3.3 Derivados financieros (distintos de reservas) y opciones de compra de acciones por parte de empleados,137.59216115,Millones - Dólares estadounidenses corrientes,2011,Dato revisado,Trimestral,Q4
574,              3.3 Derivados financieros (distintos de reservas) y opciones de compra de acciones por parte de empleados,-513.8274506,Millones - Dólares estadounidenses corrientes,2012,Dato revisado,Anual,
574,              3.3 Derivados financieros (distintos de reservas) y opciones de compra de acciones por parte de empleados,-273.7866735,Millones - Dólares estadounidenses corrientes,2012,Dato revisado,Trimestral,Q1
574,              3.3 Derivados financieros (distintos de reservas) y opciones de compra de acciones por parte de empleados,-125.3600295,Millones - Dólares estadounidenses corrientes,2012,Dato revisado,Trimestral,Q2
574,              3.3 Derivados financieros (distintos de reservas) y opciones de compra de acciones por parte de empleados,-56.26908891,Millones - Dólares estadounidenses corrientes,2012,Dato revisado,Trimestral,Q3
574,              3.3 Derivados financieros (distintos de reservas) y opciones de compra de acciones por parte de empleados,-58.41165869,Millones - Dólares estadounidenses corrientes,2012,Dato revisado,Trimestral,Q4
574,              3.3 Derivados financieros (distintos de reservas) y opciones de compra de acciones por parte de empleados,117.990712101,Millones - Dólares estadounidenses corrientes,2013,Dato revisado,Anual,
574,              3.3 Derivados financieros (distintos de reservas) y opciones de compra de acciones por parte de empleados,-21.71680503,Millones - Dólares estadounidenses corrientes,2013,Dato revisado,Trimestral,Q1
574,              3.3 Derivados financieros (distintos de reservas) y opciones de compra de acciones por parte de empleados,140.02824192,Millones - Dólares estadounidenses corrientes,2013,Dato revisado,Trimestral,Q2
574,              3.3 Derivados financieros (distintos de reservas) y opciones de compra de acciones por parte de empleados,-18.79639475,Millones - Dólares estadounidenses corrientes,2013,Dato revisado,Trimestral,Q3
574,              3.3 Derivados financieros (distintos de reservas) y opciones de compra de acciones por parte de empleados,18.475669961,Millones - Dólares estadounidenses corrientes,2013,Dato revisado,Trimestral,Q4
574,              3.3 Derivados financieros (distintos de reservas) y opciones de compra de acciones por parte de empleados,608.166867273,Millones - Dólares estadounidenses corrientes,2014,Dato revisado,Anual,
574,              3.3 Derivados financieros (distintos de reservas) y opciones de compra de acciones por parte de empleados,196.06427344,Millones - Dólares estadounidenses corrientes,2014,Dato revisado,Trimestral,Q1
574,              3.3 Derivados financieros (distintos de reservas) y opciones de compra de acciones por parte de empleados,-249.94929,Millones - Dólares estadounidenses corrientes,2014,Dato revisado,Trimestral,Q2
574,              3.3 Derivados financieros (distintos de reservas) y opciones de compra de acciones por parte de empleados,25.659229453,Millones - Dólares estadounidenses corrientes,2014,Dato revisado,Trimestral,Q3
574,              3.3 Derivados financieros (distintos de reservas) y opciones de compra de acciones por parte de empleados,636.39265438,Millones - Dólares estadounidenses corrientes,2014,Dato revisado,Trimestral,Q4
574,              3.3 Derivados financieros (distintos de reservas) y opciones de compra de acciones por parte de empleados,1955.75989329,Millones - Dólares estadounidenses corrientes,2015,Dato revisado,Anual,
574,              3.3 Derivados financieros (distintos de reservas) y opciones de compra de acciones por parte de empleados,601.20460462,Millones - Dólares estadounidenses corrientes,2015,Dato revisado,Trimestral,Q1
574,              3.3 Derivados financieros (distintos de reservas) y opciones de compra de acciones por parte de empleados,31.384444618,Millones - Dólares estadounidenses corrientes,2015,Dato revisado,Trimestral,Q2
574,              3.3 Derivados financieros (distintos de reservas) y opciones de compra de acciones por parte de empleados,1238.0332035,Millones - Dólares estadounidenses corrientes,2015,Dato revisado,Trimestral,Q3
574,              3.3 Derivados financieros (distintos de reservas) y opciones de compra de acciones por parte de empleados,85.137640552,Millones - Dólares estadounidenses corrientes,2015,Dato revisado,Trimestral,Q4
574,              3.3 Derivados financieros (distintos de reservas) y opciones de compra de acciones por parte de empleados,-621.32620374,Millones - Dólares estadounidenses corrientes,2016,Dato revisado,Anual,
574,              3.3 Derivados financieros (distintos de reservas) y opciones de compra de acciones por parte de empleados,-28.08567343,Millones - Dólares estadounidenses corrientes,2016,Dato revisado,Trimestral,Q1
574,              3.3 Derivados financieros (distintos de reservas) y opciones de compra de acciones por parte de empleados,-169.294662,Millones - Dólares estadounidenses corrientes,2016,Dato revisado,Trimestral,Q2
574,              3.3 Derivados financieros (distintos de reservas) y opciones de compra de acciones por parte de empleados,-97.39575121,Millones - Dólares estadounidenses corrientes,2016,Dato revisado,Trimestral,Q3
574,              3.3 Derivados financieros (distintos de reservas) y opciones de compra de acciones por parte de empleados,-326.5501171,Millones - Dólares estadounidenses corrientes,2016,Dato revisado,Trimestral,Q4
574,              3.3 Derivados financieros (distintos de reservas) y opciones de compra de acciones por parte de empleados,365.332012688,Millones - Dólares estadounidenses corrientes,2017,Dato revisado,Anual,
574,              3.3 Derivados financieros (distintos de reservas) y opciones de compra de acciones por parte de empleados,114.46075318,Millones - Dólares estadounidenses corrientes,2017,Dato revisado,Trimestral,Q1
574,              3.3 Derivados financieros (distintos de reservas) y opciones de compra de acciones por parte de empleados,238.45341184,Millones - Dólares estadounidenses corrientes,2017,Dato revisado,Trimestral,Q2
574,              3.3 Derivados financieros (distintos de reservas) y opciones de compra de acciones por parte de empleados,-29.48041337,Millones - Dólares estadounidenses corrientes,2017,Dato revisado,Trimestral,Q3
574,              3.3 Derivados financieros (distintos de reservas) y opciones de compra de acciones por parte de empleados,41.898261038,Millones - Dólares estadounidenses corrientes,2017,Dato revisado,Trimestral,Q4
574,              3.3 Derivados financieros (distintos de reservas) y opciones de compra de acciones por parte de empleados,21.263691587,Millones - Dólares estadounidenses corrientes,2018,Dato revisado,Anual,
574,              3.3 Derivados financieros (distintos de reservas) y opciones de compra de acciones por parte de empleados,-370.8312323,Millones - Dólares estadounidenses corrientes,2018,Dato revisado,Trimestral,Q1
574,              3.3 Derivados financieros (distintos de reservas) y opciones de compra de acciones por parte de empleados,140.9923067,Millones - Dólares estadounidenses corrientes,2018,Dato revisado,Trimestral,Q2
574,              3.3 Derivados financieros (distintos de reservas) y opciones de compra de acciones por parte de empleados,151.75350073,Millones - Dólares estadounidenses corrientes,2018,Dato revisado,Trimestral,Q3
574,              3.3 Derivados financieros (distintos de reservas) y opciones de compra de acciones por parte de empleados,99.349116457,Millones - Dólares estadounidenses corrientes,2018,Dato revisado,Trimestral,Q4
574,              3.3 Derivados financieros (distintos de reservas) y opciones de compra de acciones por parte de empleados,83.99975738,Millones - Dólares estadounidenses corrientes,2019,Dato revisado,Anual,
574,              3.3 Derivados financieros (distintos de reservas) y opciones de compra de acciones por parte de empleados,-91.35012949,Millones - Dólares estadounidenses corrientes,2019,Dato revisado,Trimestral,Q1
574,              3.3 Derivados financieros (distintos de reservas) y opciones de compra de acciones por parte de empleados,201.98403825,Millones - Dólares estadounidenses corrientes,2019,Dato revisado,Trimestral,Q2
574,              3.3 Derivados financieros (distintos de reservas) y opciones de compra de acciones por parte de empleados,189.57196482,Millones - Dólares estadounidenses corrientes,2019,Dato revisado,Trimestral,Q3
574,              3.3 Derivados financieros (distintos de reservas) y opciones de compra de acciones por parte de empleados,-216.2061162,Millones - Dólares estadounidenses corrientes,2019,Dato revisado,Trimestral,Q4
574,              3.3 Derivados financieros (distintos de reservas) y opciones de compra de acciones por parte de empleados,-513.216300768,Millones - Dólares estadounidenses corrientes,2020,Dato revisado,Anual,
574,              3.3 Derivados financieros (distintos de reservas) y opciones de compra de acciones por parte de empleados,148.99982665,Millones - Dólares estadounidenses corrientes,2020,Dato revisado,Trimestral,Q1
574,              3.3 Derivados financieros (distintos de reservas) y opciones de compra de acciones por parte de empleados,-130.0268142,Millones - Dólares estadounidenses corrientes,2020,Dato revisado,Trimestral,Q2
574,              3.3 Derivados financieros (distintos de reservas) y opciones de compra de acciones por parte de empleados,28.736269082,Millones - Dólares estadounidenses corrientes,2020,Dato revisado,Trimestral,Q3
574,              3.3 Derivados financieros (distintos de reservas) y opciones de compra de acciones por parte de empleados,-560.9255823,Millones - Dólares estadounidenses corrientes,2020,Dato revisado,Trimestral,Q4
574,              3.3 Derivados financieros (distintos de reservas) y opciones de compra de acciones por parte de empleados,365.15909373,Millones - Dólares estadounidenses corrientes,2021,Dato revisado,Anual,
574,              3.3 Derivados financieros (distintos de reservas) y opciones de compra de acciones por parte de empleados,-320.8628002,Millones - Dólares estadounidenses corrientes,2021,Dato revisado,Trimestral,Q1
574,              3.3 Derivados financieros (distintos de reservas) y opciones de compra de acciones por parte de empleados,181.65367392,Millones - Dólares estadounidenses corrientes,2021,Dato revisado,Trimestral,Q2
574,              3.3 Derivados financieros (distintos de reservas) y opciones de compra de acciones por parte de empleados,356.06058619,Millones - Dólares estadounidenses corrientes,2021,Dato revisado,Trimestral,Q3
574,              3.3 Derivados financieros (distintos de reservas) y opciones de compra de acciones por parte de empleados,148.30763382,Millones - Dólares estadounidenses corrientes,2021,Dato revisado,Trimestral,Q4
574,              3.3 Derivados financieros (distintos de reservas) y opciones de compra de acciones por parte de empleados,823.340570674,Millones - Dólares estadounidenses corrientes,2022,Dato revisado,Anual,
574,              3.3 Derivados financieros (distintos de reservas) y opciones de compra de acciones por parte de empleados,-377.1360787,Millones - Dólares estadounidenses corrientes,2022,Dato revisado,Trimestral,Q1
574,              3.3 Derivados financieros (distintos de reservas) y opciones de compra de acciones por parte de empleados,36.169823274,Millones - Dólares estadounidenses corrientes,2022,Dato revisado,Trimestral,Q2
574,              3.3 Derivados financieros (distintos de reservas) y opciones de compra de acciones por parte de empleados,487.33717306,Millones - Dólares estadounidenses corrientes,2022,Dato revisado,Trimestral,Q3
574,              3.3 Derivados financieros (distintos de reservas) y opciones de compra de acciones por parte de empleados,676.96965304,Millones - Dólares estadounidenses corrientes,2022,Dato revisado,Trimestral,Q4
574,              3.3 Derivados financieros (distintos de reservas) y opciones de compra de acciones por parte de empleados,-2574.5881249,Millones - Dólares estadounidenses corrientes,2023,Dato provisional,Anual,
574,              3.3 Derivados financieros (distintos de reservas) y opciones de compra de acciones por parte de empleados,-248.3700531,Millones - Dólares estadounidenses corrientes,2023,Dato provisional,Trimestral,Q1
574,              3.3 Derivados financieros (distintos de reservas) y opciones de compra de acciones por parte de empleados,-756.2889964,Millones - Dólares estadounidenses corrientes,2023,Dato provisional,Trimestral,Q2
574,              3.3 Derivados financieros (distintos de reservas) y opciones de compra de acciones por parte de empleados,-690.5236296,Millones - Dólares estadounidenses corrientes,2023,Dato provisional,Trimestral,Q3
574,              3.3 Derivados financieros (distintos de reservas) y opciones de compra de acciones por parte de empleados,-879.4054458,Millones - Dólares estadounidenses corrientes,2023,Dato provisional,Trimestral,Q4
574,              3.3 Derivados financieros (distintos de reservas) y opciones de compra de acciones por parte de empleados,-56.662580086,Millones - Dólares estadounidenses corrientes,2024,Dato provisional,Anual,
574,              3.3 Derivados financieros (distintos de reservas) y opciones de compra de acciones por parte de empleados,-575.1720499,Millones - Dólares estadounidenses corrientes,2024,Dato provisional,Trimestral,Q1
574,              3.3 Derivados financieros (distintos de reservas) y opciones de compra de acciones por parte de empleados,80.169823274,Millones - Dólares estadounidenses corrientes,2024,Dato provisional,Trimestral,Q2
574,              3.3 Derivados financieros (distintos de reservas) y opciones de compra de acciones por parte de empleados,281.66982327,Millones - Dólares estadounidenses corrientes,2024,Dato provisional,Trimestral,Q3
574,              3.3 Derivados financieros (distintos de reservas) y opciones de compra de acciones por parte de empleados,156.66982327,Millones - Dólares estadounidenses corrientes,2024,Dato provisional,Trimestral,Q4
574,              3.3 Derivados financieros (distintos de reservas) y opciones de compra de acciones por parte de empleados,-1269.005985,Millones - Dólares estadounidenses corrientes,2025,Dato preliminar,Anual,
574,              3.3 Derivados financieros (distintos de reservas) y opciones de compra de acciones por parte de empleados,-422.282895,Millones - Dólares estadounidenses corrientes,2025,Dato preliminar,Trimestral,Q1
574,              3.3 Derivados financieros (distintos de reservas) y opciones de compra de acciones por parte de empleados,-448.418195,Millones - Dólares estadounidenses corrientes,2025,Dato preliminar,Trimestral,Q2
574,              3.3 Derivados financieros (distintos de reservas) y opciones de compra de acciones por parte de empleados,-398.304895,Millones - Dólares estadounidenses corrientes,2025,Dato preliminar,Trimestral,Q3
582,                   Adquisición neta de activos financieros,0,Millones - Dólares estadounidenses corrientes,2000,Dato revisado,Anual,
582,                   Adquisición neta de activos financieros,0,Millones - Dólares estadounidenses corrientes,2000,Dato revisado,Trimestral,Q1
582,                   Adquisición neta de activos financieros,0,Millones - Dólares estadounidenses corrientes,2000,Dato revisado,Trimestral,Q2
582,                   Adquisición neta de activos financieros,0,Millones - Dólares estadounidenses corrientes,2000,Dato revisado,Trimestral,Q3
582,                   Adquisición neta de activos financieros,0,Millones - Dólares estadounidenses corrientes,2000,Dato revisado,Trimestral,Q4
582,                   Adquisición neta de activos financieros,0,Millones - Dólares estadounidenses corrientes,2001,Dato revisado,Anual,
582,                   Adquisición neta de activos financieros,0,Millones - Dólares estadounidenses corrientes,2001,Dato revisado,Trimestral,Q1
582,                   Adquisición neta de activos financieros,0,Millones - Dólares estadounidenses corrientes,2001,Dato revisado,Trimestral,Q2
582,                   Adquisición neta de activos financieros,0,Millones - Dólares estadounidenses corrientes,2001,Dato revisado,Trimestral,Q3
582,                   Adquisición neta de activos financieros,0,Millones - Dólares estadounidenses corrientes,2001,Dato revisado,Trimestral,Q4
582,                   Adquisición neta de activos financieros,0,Millones - Dólares estadounidenses corrientes,2002,Dato revisado,Anual,
582,                   Adquisición neta de activos financieros,0,Millones - Dólares estadounidenses corrientes,2002,Dato revisado,Trimestral,Q1
582,                   Adquisición neta de activos financieros,0,Millones - Dólares estadounidenses corrientes,2002,Dato revisado,Trimestral,Q2
582,                   Adquisición neta de activos financieros,0,Millones - Dólares estadounidenses corrientes,2002,Dato revisado,Trimestral,Q3
582,                   Adquisición neta de activos financieros,0,Millones - Dólares estadounidenses corrientes,2002,Dato revisado,Trimestral,Q4
582,                   Adquisición neta de activos financieros,0,Millones - Dólares estadounidenses corrientes,2003,Dato revisado,Anual,
582,                   Adquisición neta de activos financieros,0,Millones - Dólares estadounidenses corrientes,2003,Dato revisado,Trimestral,Q1
582,                   Adquisición neta de activos financieros,0,Millones - Dólares estadounidenses corrientes,2003,Dato revisado,Trimestral,Q2
582,                   Adquisición neta de activos financieros,0,Millones - Dólares estadounidenses corrientes,2003,Dato revisado,Trimestral,Q3
582,                   Adquisición neta de activos financieros,0,Millones - Dólares estadounidenses corrientes,2003,Dato revisado,Trimestral,Q4
582,                   Adquisición neta de activos financieros,0,Millones - Dólares estadounidenses corrientes,2004,Dato revisado,Anual,
582,                   Adquisición neta de activos financieros,0,Millones - Dólares estadounidenses corrientes,2004,Dato revisado,Trimestral,Q1
582,                   Adquisición neta de activos financieros,0,Millones - Dólares estadounidenses corrientes,2004,Dato revisado,Trimestral,Q2
582,                   Adquisición neta de activos financieros,0,Millones - Dólares estadounidenses corrientes,2004,Dato revisado,Trimestral,Q3
582,                   Adquisición neta de activos financieros,0,Millones - Dólares estadounidenses corrientes,2004,Dato revisado,Trimestral,Q4
582,                   Adquisición neta de activos financieros,0,Millones - Dólares estadounidenses corrientes,2005,Dato revisado,Anual,
582,                   Adquisición neta de activos financieros,0,Millones - Dólares estadounidenses corrientes,2005,Dato revisado,Trimestral,Q1
582,                   Adquisición neta de activos financieros,0,Millones - Dólares estadounidenses corrientes,2005,Dato revisado,Trimestral,Q2
582,                   Adquisición neta de activos financieros,0,Millones - Dólares estadounidenses corrientes,2005,Dato revisado,Trimestral,Q3
582,                   Adquisición neta de activos financieros,0,Millones - Dólares estadounidenses corrientes,2005,Dato revisado,Trimestral,Q4
582,                   Adquisición neta de activos financieros,0,Millones - Dólares estadounidenses corrientes,2006,Dato revisado,Anual,
582,                   Adquisición neta de activos financieros,0,Millones - Dólares estadounidenses corrientes,2006,Dato revisado,Trimestral,Q1
582,                   Adquisición neta de activos financieros,0,Millones - Dólares estadounidenses corrientes,2006,Dato revisado,Trimestral,Q2
582,                   Adquisición neta de activos financieros,0,Millones - Dólares estadounidenses corrientes,2006,Dato revisado,Trimestral,Q3
582,                   Adquisición neta de activos financieros,0,Millones - Dólares estadounidenses corrientes,2006,Dato revisado,Trimestral,Q4
582,                   Adquisición neta de activos financieros,0,Millones - Dólares estadounidenses corrientes,2007,Dato revisado,Anual,
582,                   Adquisición neta de activos financieros,0,Millones - Dólares estadounidenses corrientes,2007,Dato revisado,Trimestral,Q1
582,                   Adquisición neta de activos financieros,0,Millones - Dólares estadounidenses corrientes,2007,Dato revisado,Trimestral,Q2
582,                   Adquisición neta de activos financieros,0,Millones - Dólares estadounidenses corrientes,2007,Dato revisado,Trimestral,Q3
582,                   Adquisición neta de activos financieros,0,Millones - Dólares estadounidenses corrientes,2007,Dato revisado,Trimestral,Q4
582,                   Adquisición neta de activos financieros,-622.4432744,Millones - Dólares estadounidenses corrientes,2008,Dato revisado,Anual,
582,                   Adquisición neta de activos financieros,-315.0744151,Millones - Dólares estadounidenses corrientes,2008,Dato revisado,Trimestral,Q1
582,                   Adquisición neta de activos financieros,-307.3688593,Millones - Dólares estadounidenses corrientes,2008,Dato revisado,Trimestral,Q2
582,                   Adquisición neta de activos financieros,0,Millones - Dólares estadounidenses corrientes,2008,Dato revisado,Trimestral,Q3
582,                   Adquisición neta de activos financieros,0,Millones - Dólares estadounidenses corrientes,2008,Dato revisado,Trimestral,Q4
582,                   Adquisición neta de activos financieros,-652.7182686,Millones - Dólares estadounidenses corrientes,2009,Dato revisado,Anual,
582,                   Adquisición neta de activos financieros,0,Millones - Dólares estadounidenses corrientes,2009,Dato revisado,Trimestral,Q1
582,                   Adquisición neta de activos financieros,-261.838836,Millones - Dólares estadounidenses corrientes,2009,Dato revisado,Trimestral,Q2
582,                   Adquisición neta de activos financieros,-269.3042471,Millones - Dólares estadounidenses corrientes,2009,Dato revisado,Trimestral,Q3
582,                   Adquisición neta de activos financieros,-121.5751855,Millones - Dólares estadounidenses corrientes,2009,Dato revisado,Trimestral,Q4
582,                   Adquisición neta de activos financieros,-301.27340425,Millones - Dólares estadounidenses corrientes,2010,Dato revisado,Anual,
582,                   Adquisición neta de activos financieros,-156.3285262,Millones - Dólares estadounidenses corrientes,2010,Dato revisado,Trimestral,Q1
582,                   Adquisición neta de activos financieros,-22.78377145,Millones - Dólares estadounidenses corrientes,2010,Dato revisado,Trimestral,Q2
582,                   Adquisición neta de activos financieros,-122.1611066,Millones - Dólares estadounidenses corrientes,2010,Dato revisado,Trimestral,Q3
582,                   Adquisición neta de activos financieros,0,Millones - Dólares estadounidenses corrientes,2010,Dato revisado,Trimestral,Q4
582,                   Adquisición neta de activos financieros,-130.038764623,Millones - Dólares estadounidenses corrientes,2011,Dato revisado,Anual,
582,                   Adquisición neta de activos financieros,-52.49210566,Millones - Dólares estadounidenses corrientes,2011,Dato revisado,Trimestral,Q1
582,                   Adquisición neta de activos financieros,-57.79356553,Millones - Dólares estadounidenses corrientes,2011,Dato revisado,Trimestral,Q2
582,                   Adquisición neta de activos financieros,-7.164055113,Millones - Dólares estadounidenses corrientes,2011,Dato revisado,Trimestral,Q3
582,                   Adquisición neta de activos financieros,-12.58903832,Millones - Dólares estadounidenses corrientes,2011,Dato revisado,Trimestral,Q4
582,                   Adquisición neta de activos financieros,-580.94625414,Millones - Dólares estadounidenses corrientes,2012,Dato revisado,Anual,
582,                   Adquisición neta de activos financieros,-288.0329079,Millones - Dólares estadounidenses corrientes,2012,Dato revisado,Trimestral,Q1
582,                   Adquisición neta de activos financieros,-126.3940096,Millones - Dólares estadounidenses corrientes,2012,Dato revisado,Trimestral,Q2
582,                   Adquisición neta de activos financieros,-81.45029601,Millones - Dólares estadounidenses corrientes,2012,Dato revisado,Trimestral,Q3
582,                   Adquisición neta de activos financieros,-85.06904063,Millones - Dólares estadounidenses corrientes,2012,Dato revisado,Trimestral,Q4
582,                   Adquisición neta de activos financieros,-74.445212356,Millones - Dólares estadounidenses corrientes,2013,Dato revisado,Anual,
582,                   Adquisición neta de activos financieros,-37.24163533,Millones - Dólares estadounidenses corrientes,2013,Dato revisado,Trimestral,Q1
582,                   Adquisición neta de activos financieros,-8.837730026,Millones - Dólares estadounidenses corrientes,2013,Dato revisado,Trimestral,Q2
582,                   Adquisición neta de activos financieros,-28.365847,Millones - Dólares estadounidenses corrientes,2013,Dato revisado,Trimestral,Q3
582,                   Adquisición neta de activos financieros,0,Millones - Dólares estadounidenses corrientes,2013,Dato revisado,Trimestral,Q4
582,                   Adquisición neta de activos financieros,-323.481585005,Millones - Dólares estadounidenses corrientes,2014,Dato revisado,Anual,
582,                   Adquisición neta de activos financieros,-7.372603035,Millones - Dólares estadounidenses corrientes,2014,Dato revisado,Trimestral,Q1
582,                   Adquisición neta de activos financieros,-257.9222547,Millones - Dólares estadounidenses corrientes,2014,Dato revisado,Trimestral,Q2
582,                   Adquisición neta de activos financieros,-41.03071288,Millones - Dólares estadounidenses corrientes,2014,Dato revisado,Trimestral,Q3
582,                   Adquisición neta de activos financieros,-17.15601439,Millones - Dólares estadounidenses corrientes,2014,Dato revisado,Trimestral,Q4
582,                   Adquisición neta de activos financieros,-223.189300052,Millones - Dólares estadounidenses corrientes,2015,Dato revisado,Anual,
582,                   Adquisición neta de activos financieros,-63.6833514,Millones - Dólares estadounidenses corrientes,2015,Dato revisado,Trimestral,Q1
582,                   Adquisición neta de activos financieros,-0.492610812,Millones - Dólares estadounidenses corrientes,2015,Dato revisado,Trimestral,Q2
582,                   Adquisición neta de activos financieros,-10.03897574,Millones - Dólares estadounidenses corrientes,2015,Dato revisado,Trimestral,Q3
582,                   Adquisición neta de activos financieros,-148.9743621,Millones - Dólares estadounidenses corrientes,2015,Dato revisado,Trimestral,Q4
582,                   Adquisición neta de activos financieros,-794.1729278,Millones - Dólares estadounidenses corrientes,2016,Dato revisado,Anual,
582,                   Adquisición neta de activos financieros,-91.6903091,Millones - Dólares estadounidenses corrientes,2016,Dato revisado,Trimestral,Q1
582,                   Adquisición neta de activos financieros,-185.5222132,Millones - Dólares estadounidenses corrientes,2016,Dato revisado,Trimestral,Q2
582,                   Adquisición neta de activos financieros,-163.8698488,Millones - Dólares estadounidenses corrientes,2016,Dato revisado,Trimestral,Q3
582,                   Adquisición neta de activos financieros,-353.0905567,Millones - Dólares estadounidenses corrientes,2016,Dato revisado,Trimestral,Q4
582,                   Adquisición neta de activos financieros,-168.768919598,Millones - Dólares estadounidenses corrientes,2017,Dato revisado,Anual,
582,                   Adquisición neta de activos financieros,-5.311900913,Millones - Dólares estadounidenses corrientes,2017,Dato revisado,Trimestral,Q1
582,                   Adquisición neta de activos financieros,-6.487266765,Millones - Dólares estadounidenses corrientes,2017,Dato revisado,Trimestral,Q2
582,                   Adquisición neta de activos financieros,-142.0167144,Millones - Dólares estadounidenses corrientes,2017,Dato revisado,Trimestral,Q3
582,                   Adquisición neta de activos financieros,-14.95303752,Millones - Dólares estadounidenses corrientes,2017,Dato revisado,Trimestral,Q4
582,                   Adquisición neta de activos financieros,-473.210510161,Millones - Dólares estadounidenses corrientes,2018,Dato revisado,Anual,
582,                   Adquisición neta de activos financieros,-408.006825,Millones - Dólares estadounidenses corrientes,2018,Dato revisado,Trimestral,Q1
582,                   Adquisición neta de activos financieros,-2.168935322,Millones - Dólares estadounidenses corrientes,2018,Dato revisado,Trimestral,Q2
582,                   Adquisición neta de activos financieros,-4.615048909,Millones - Dólares estadounidenses corrientes,2018,Dato revisado,Trimestral,Q3
582,                   Adquisición neta de activos financieros,-58.41970093,Millones - Dólares estadounidenses corrientes,2018,Dato revisado,Trimestral,Q4
582,                   Adquisición neta de activos financieros,-405.220017504,Millones - Dólares estadounidenses corrientes,2019,Dato revisado,Anual,
582,                   Adquisición neta de activos financieros,-140.8867288,Millones - Dólares estadounidenses corrientes,2019,Dato revisado,Trimestral,Q1
582,                   Adquisición neta de activos financieros,-8.274429104,Millones - Dólares estadounidenses corrientes,2019,Dato revisado,Trimestral,Q2
582,                   Adquisición neta de activos financieros,-37.2188857,Millones - Dólares estadounidenses corrientes,2019,Dato revisado,Trimestral,Q3
582,                   Adquisición neta de activos financieros,-218.8399739,Millones - Dólares estadounidenses corrientes,2019,Dato revisado,Trimestral,Q4
582,                   Adquisición neta de activos financieros,-1080.88679629,Millones - Dólares estadounidenses corrientes,2020,Dato revisado,Anual,
582,                   Adquisición neta de activos financieros,-41.54565341,Millones - Dólares estadounidenses corrientes,2020,Dato revisado,Trimestral,Q1
582,                   Adquisición neta de activos financieros,-436.4167234,Millones - Dólares estadounidenses corrientes,2020,Dato revisado,Trimestral,Q2
582,                   Adquisición neta de activos financieros,-41.19959338,Millones - Dólares estadounidenses corrientes,2020,Dato revisado,Trimestral,Q3
582,                   Adquisición neta de activos financieros,-561.7248261,Millones - Dólares estadounidenses corrientes,2020,Dato revisado,Trimestral,Q4
582,                   Adquisición neta de activos financieros,-418.79176158,Millones - Dólares estadounidenses corrientes,2021,Dato revisado,Anual,
582,                   Adquisición neta de activos financieros,-331.63656,Millones - Dólares estadounidenses corrientes,2021,Dato revisado,Trimestral,Q1
582,                   Adquisición neta de activos financieros,0,Millones - Dólares estadounidenses corrientes,2021,Dato revisado,Trimestral,Q2
582,                   Adquisición neta de activos financieros,0,Millones - Dólares estadounidenses corrientes,2021,Dato revisado,Trimestral,Q3
582,                   Adquisición neta de activos financieros,-87.15520158,Millones - Dólares estadounidenses corrientes,2021,Dato revisado,Trimestral,Q4
582,                   Adquisición neta de activos financieros,-481.1669326,Millones - Dólares estadounidenses corrientes,2022,Dato revisado,Anual,
582,                   Adquisición neta de activos financieros,-377.1360787,Millones - Dólares estadounidenses corrientes,2022,Dato revisado,Trimestral,Q1
582,                   Adquisición neta de activos financieros,-104.0308539,Millones - Dólares estadounidenses corrientes,2022,Dato revisado,Trimestral,Q2
582,                   Adquisición neta de activos financieros,0,Millones - Dólares estadounidenses corrientes,2022,Dato revisado,Trimestral,Q3
582,                   Adquisición neta de activos financieros,0,Millones - Dólares estadounidenses corrientes,2022,Dato revisado,Trimestral,Q4
582,                   Adquisición neta de activos financieros,-2574.5881249,Millones - Dólares estadounidenses corrientes,2023,Dato provisional,Anual,
582,                   Adquisición neta de activos financieros,-248.3700531,Millones - Dólares estadounidenses corrientes,2023,Dato provisional,Trimestral,Q1
582,                   Adquisición neta de activos financieros,-756.2889964,Millones - Dólares estadounidenses corrientes,2023,Dato provisional,Trimestral,Q2
582,                   Adquisición neta de activos financieros,-690.5236296,Millones - Dólares estadounidenses corrientes,2023,Dato provisional,Trimestral,Q3
582,                   Adquisición neta de activos financieros,-879.4054458,Millones - Dólares estadounidenses corrientes,2023,Dato provisional,Trimestral,Q4
582,                   Adquisición neta de activos financieros,-575.1720499,Millones - Dólares estadounidenses corrientes,2024,Dato provisional,Anual,
582,                   Adquisición neta de activos financieros,-575.1720499,Millones - Dólares estadounidenses corrientes,2024,Dato provisional,Trimestral,Q1
582,                   Adquisición neta de activos financieros,0,Millones - Dólares estadounidenses corrientes,2024,Dato provisional,Trimestral,Q2
582,                   Adquisición neta de activos financieros,0,Millones - Dólares estadounidenses corrientes,2024,Dato provisional,Trimestral,Q3
582,                   Adquisición neta de activos financieros,0,Millones - Dólares estadounidenses corrientes,2024,Dato provisional,Trimestral,Q4
582,                   Adquisición neta de activos financieros,-1269.005985,Millones - Dólares estadounidenses corrientes,2025,Dato preliminar,Anual,
582,                   Adquisición neta de activos financieros,-422.282895,Millones - Dólares estadounidenses corrientes,2025,Dato preliminar,Trimestral,Q1
582,                   Adquisición neta de activos financieros,-448.418195,Millones - Dólares estadounidenses corrientes,2025,Dato preliminar,Trimestral,Q2
582,                   Adquisición neta de activos financieros,-398.304895,Millones - Dólares estadounidenses corrientes,2025,Dato preliminar,Trimestral,Q3
594,                   Pasivos netos incurridos,-121.958326,Millones - Dólares estadounidenses corrientes,2000,Dato revisado,Anual,
594,                   Pasivos netos incurridos,-24.923932,Millones - Dólares estadounidenses corrientes,2000,Dato revisado,Trimestral,Q1
594,                   Pasivos netos incurridos,-31.37812399,Millones - Dólares estadounidenses corrientes,2000,Dato revisado,Trimestral,Q2
594,                   Pasivos netos incurridos,-32.67087517,Millones - Dólares estadounidenses corrientes,2000,Dato revisado,Trimestral,Q3
594,                   Pasivos netos incurridos,-32.98539484,Millones - Dólares estadounidenses corrientes,2000,Dato revisado,Trimestral,Q4
594,                   Pasivos netos incurridos,-132.58315467,Millones - Dólares estadounidenses corrientes,2001,Dato revisado,Anual,
594,                   Pasivos netos incurridos,-32.33428945,Millones - Dólares estadounidenses corrientes,2001,Dato revisado,Trimestral,Q1
594,                   Pasivos netos incurridos,-33.44306903,Millones - Dólares estadounidenses corrientes,2001,Dato revisado,Trimestral,Q2
594,                   Pasivos netos incurridos,-32.92656563,Millones - Dólares estadounidenses corrientes,2001,Dato revisado,Trimestral,Q3
594,                   Pasivos netos incurridos,-33.87923056,Millones - Dólares estadounidenses corrientes,2001,Dato revisado,Trimestral,Q4
594,                   Pasivos netos incurridos,-111.14093885,Millones - Dólares estadounidenses corrientes,2002,Dato revisado,Anual,
594,                   Pasivos netos incurridos,-37.32614951,Millones - Dólares estadounidenses corrientes,2002,Dato revisado,Trimestral,Q1
594,                   Pasivos netos incurridos,-35.25184284,Millones - Dólares estadounidenses corrientes,2002,Dato revisado,Trimestral,Q2
594,                   Pasivos netos incurridos,-21.65587326,Millones - Dólares estadounidenses corrientes,2002,Dato revisado,Trimestral,Q3
594,                   Pasivos netos incurridos,-16.90707324,Millones - Dólares estadounidenses corrientes,2002,Dato revisado,Trimestral,Q4
594,                   Pasivos netos incurridos,-100.95854585,Millones - Dólares estadounidenses corrientes,2003,Dato revisado,Anual,
594,                   Pasivos netos incurridos,-30.47998954,Millones - Dólares estadounidenses corrientes,2003,Dato revisado,Trimestral,Q1
594,                   Pasivos netos incurridos,-18.46641343,Millones - Dólares estadounidenses corrientes,2003,Dato revisado,Trimestral,Q2
594,                   Pasivos netos incurridos,-22.51498816,Millones - Dólares estadounidenses corrientes,2003,Dato revisado,Trimestral,Q3
594,                   Pasivos netos incurridos,-29.49715472,Millones - Dólares estadounidenses corrientes,2003,Dato revisado,Trimestral,Q4
594,                   Pasivos netos incurridos,-189.03762602,Millones - Dólares estadounidenses corrientes,2004,Dato revisado,Anual,
594,                   Pasivos netos incurridos,-30.58316356,Millones - Dólares estadounidenses corrientes,2004,Dato revisado,Trimestral,Q1
594,                   Pasivos netos incurridos,-15.85070592,Millones - Dólares estadounidenses corrientes,2004,Dato revisado,Trimestral,Q2
594,                   Pasivos netos incurridos,-46.94172609,Millones - Dólares estadounidenses corrientes,2004,Dato revisado,Trimestral,Q3
594,                   Pasivos netos incurridos,-95.66203045,Millones - Dólares estadounidenses corrientes,2004,Dato revisado,Trimestral,Q4
594,                   Pasivos netos incurridos,-61.465929304,Millones - Dólares estadounidenses corrientes,2005,Dato revisado,Anual,
594,                   Pasivos netos incurridos,-23.11836945,Millones - Dólares estadounidenses corrientes,2005,Dato revisado,Trimestral,Q1
594,                   Pasivos netos incurridos,-28.80311466,Millones - Dólares estadounidenses corrientes,2005,Dato revisado,Trimestral,Q2
594,                   Pasivos netos incurridos,-5.849445194,Millones - Dólares estadounidenses corrientes,2005,Dato revisado,Trimestral,Q3
594,                   Pasivos netos incurridos,-3.695,Millones - Dólares estadounidenses corrientes,2005,Dato revisado,Trimestral,Q4
594,                   Pasivos netos incurridos,-8.595,Millones - Dólares estadounidenses corrientes,2006,Dato revisado,Anual,
594,                   Pasivos netos incurridos,-0.81,Millones - Dólares estadounidenses corrientes,2006,Dato revisado,Trimestral,Q1
594,                   Pasivos netos incurridos,-0.785,Millones - Dólares estadounidenses corrientes,2006,Dato revisado,Trimestral,Q2
594,                   Pasivos netos incurridos,-3,Millones - Dólares estadounidenses corrientes,2006,Dato revisado,Trimestral,Q3
594,                   Pasivos netos incurridos,-4,Millones - Dólares estadounidenses corrientes,2006,Dato revisado,Trimestral,Q4
594,                   Pasivos netos incurridos,0,Millones - Dólares estadounidenses corrientes,2007,Dato revisado,Anual,
594,                   Pasivos netos incurridos,0,Millones - Dólares estadounidenses corrientes,2007,Dato revisado,Trimestral,Q1
594,                   Pasivos netos incurridos,0,Millones - Dólares estadounidenses corrientes,2007,Dato revisado,Trimestral,Q2
594,                   Pasivos netos incurridos,0,Millones - Dólares estadounidenses corrientes,2007,Dato revisado,Trimestral,Q3
594,                   Pasivos netos incurridos,0,Millones - Dólares estadounidenses corrientes,2007,Dato revisado,Trimestral,Q4
594,                   Pasivos netos incurridos,-579.4384059,Millones - Dólares estadounidenses corrientes,2008,Dato revisado,Anual,
594,                   Pasivos netos incurridos,0,Millones - Dólares estadounidenses corrientes,2008,Dato revisado,Trimestral,Q1
594,                   Pasivos netos incurridos,0,Millones - Dólares estadounidenses corrientes,2008,Dato revisado,Trimestral,Q2
594,                   Pasivos netos incurridos,-362.0375496,Millones - Dólares estadounidenses corrientes,2008,Dato revisado,Trimestral,Q3
594,                   Pasivos netos incurridos,-217.4008563,Millones - Dólares estadounidenses corrientes,2008,Dato revisado,Trimestral,Q4
594,                   Pasivos netos incurridos,-183.1605476,Millones - Dólares estadounidenses corrientes,2009,Dato revisado,Anual,
594,                   Pasivos netos incurridos,-183.1605476,Millones - Dólares estadounidenses corrientes,2009,Dato revisado,Trimestral,Q1
594,                   Pasivos netos incurridos,0,Millones - Dólares estadounidenses corrientes,2009,Dato revisado,Trimestral,Q2
594,                   Pasivos netos incurridos,0,Millones - Dólares estadounidenses corrientes,2009,Dato revisado,Trimestral,Q3
594,                   Pasivos netos incurridos,0,Millones - Dólares estadounidenses corrientes,2009,Dato revisado,Trimestral,Q4
594,                   Pasivos netos incurridos,-24.69133564,Millones - Dólares estadounidenses corrientes,2010,Dato revisado,Anual,
594,                   Pasivos netos incurridos,0,Millones - Dólares estadounidenses corrientes,2010,Dato revisado,Trimestral,Q1
594,                   Pasivos netos incurridos,0,Millones - Dólares estadounidenses corrientes,2010,Dato revisado,Trimestral,Q2
594,                   Pasivos netos incurridos,0,Millones - Dólares estadounidenses corrientes,2010,Dato revisado,Trimestral,Q3
594,                   Pasivos netos incurridos,-24.69133564,Millones - Dólares estadounidenses corrientes,2010,Dato revisado,Trimestral,Q4
594,                   Pasivos netos incurridos,-166.0708817,Millones - Dólares estadounidenses corrientes,2011,Dato revisado,Anual,
594,                   Pasivos netos incurridos,0,Millones - Dólares estadounidenses corrientes,2011,Dato revisado,Trimestral,Q1
594,                   Pasivos netos incurridos,0,Millones - Dólares estadounidenses corrientes,2011,Dato revisado,Trimestral,Q2
594,                   Pasivos netos incurridos,-15.8896822,Millones - Dólares estadounidenses corrientes,2011,Dato revisado,Trimestral,Q3
594,                   Pasivos netos incurridos,-150.1811995,Millones - Dólares estadounidenses corrientes,2011,Dato revisado,Trimestral,Q4
594,                   Pasivos netos incurridos,-67.118803505,Millones - Dólares estadounidenses corrientes,2012,Dato revisado,Anual,
594,                   Pasivos netos incurridos,-14.24623445,Millones - Dólares estadounidenses corrientes,2012,Dato revisado,Trimestral,Q1
594,                   Pasivos netos incurridos,-1.033980015,Millones - Dólares estadounidenses corrientes,2012,Dato revisado,Trimestral,Q2
594,                   Pasivos netos incurridos,-25.1812071,Millones - Dólares estadounidenses corrientes,2012,Dato revisado,Trimestral,Q3
594,                   Pasivos netos incurridos,-26.65738194,Millones - Dólares estadounidenses corrientes,2012,Dato revisado,Trimestral,Q4
594,                   Pasivos netos incurridos,-192.435924409,Millones - Dólares estadounidenses corrientes,2013,Dato revisado,Anual,
594,                   Pasivos netos incurridos,-15.5248303,Millones - Dólares estadounidenses corrientes,2013,Dato revisado,Trimestral,Q1
594,                   Pasivos netos incurridos,-148.8659719,Millones - Dólares estadounidenses corrientes,2013,Dato revisado,Trimestral,Q2
594,                   Pasivos netos incurridos,-9.569452249,Millones - Dólares estadounidenses corrientes,2013,Dato revisado,Trimestral,Q3
594,                   Pasivos netos incurridos,-18.47566996,Millones - Dólares estadounidenses corrientes,2013,Dato revisado,Trimestral,Q4
594,                   Pasivos netos incurridos,-931.648452248,Millones - Dólares estadounidenses corrientes,2014,Dato revisado,Anual,
594,                   Pasivos netos incurridos,-203.4368765,Millones - Dólares estadounidenses corrientes,2014,Dato revisado,Trimestral,Q1
594,                   Pasivos netos incurridos,-7.972964618,Millones - Dólares estadounidenses corrientes,2014,Dato revisado,Trimestral,Q2
594,                   Pasivos netos incurridos,-66.68994233,Millones - Dólares estadounidenses corrientes,2014,Dato revisado,Trimestral,Q3
594,                   Pasivos netos incurridos,-653.5486688,Millones - Dólares estadounidenses corrientes,2014,Dato revisado,Trimestral,Q4
594,                   Pasivos netos incurridos,-2178.94919313,Millones - Dólares estadounidenses corrientes,2015,Dato revisado,Anual,
594,                   Pasivos netos incurridos,-664.887956,Millones - Dólares estadounidenses corrientes,2015,Dato revisado,Trimestral,Q1
594,                   Pasivos netos incurridos,-31.87705543,Millones - Dólares estadounidenses corrientes,2015,Dato revisado,Trimestral,Q2
594,                   Pasivos netos incurridos,-1248.072179,Millones - Dólares estadounidenses corrientes,2015,Dato revisado,Trimestral,Q3
594,                   Pasivos netos incurridos,-234.1120027,Millones - Dólares estadounidenses corrientes,2015,Dato revisado,Trimestral,Q4
594,                   Pasivos netos incurridos,-172.84672406,Millones - Dólares estadounidenses corrientes,2016,Dato revisado,Anual,
594,                   Pasivos netos incurridos,-63.60463567,Millones - Dólares estadounidenses corrientes,2016,Dato revisado,Trimestral,Q1
594,                   Pasivos netos incurridos,-16.22755125,Millones - Dólares estadounidenses corrientes,2016,Dato revisado,Trimestral,Q2
594,                   Pasivos netos incurridos,-66.47409755,Millones - Dólares estadounidenses corrientes,2016,Dato revisado,Trimestral,Q3
594,                   Pasivos netos incurridos,-26.54043959,Millones - Dólares estadounidenses corrientes,2016,Dato revisado,Trimestral,Q4
594,                   Pasivos netos incurridos,-534.10093226,Millones - Dólares estadounidenses corrientes,2017,Dato revisado,Anual,
594,                   Pasivos netos incurridos,-119.7726541,Millones - Dólares estadounidenses corrientes,2017,Dato revisado,Trimestral,Q1
594,                   Pasivos netos incurridos,-244.9406786,Millones - Dólares estadounidenses corrientes,2017,Dato revisado,Trimestral,Q2
594,                   Pasivos netos incurridos,-112.536301,Millones - Dólares estadounidenses corrientes,2017,Dato revisado,Trimestral,Q3
594,                   Pasivos netos incurridos,-56.85129856,Millones - Dólares estadounidenses corrientes,2017,Dato revisado,Trimestral,Q4
594,                   Pasivos netos incurridos,-494.47420173,Millones - Dólares estadounidenses corrientes,2018,Dato revisado,Anual,
594,                   Pasivos netos incurridos,-37.17559273,Millones - Dólares estadounidenses corrientes,2018,Dato revisado,Trimestral,Q1
594,                   Pasivos netos incurridos,-143.161242,Millones - Dólares estadounidenses corrientes,2018,Dato revisado,Trimestral,Q2
594,                   Pasivos netos incurridos,-156.3685496,Millones - Dólares estadounidenses corrientes,2018,Dato revisado,Trimestral,Q3
594,                   Pasivos netos incurridos,-157.7688174,Millones - Dólares estadounidenses corrientes,2018,Dato revisado,Trimestral,Q4
594,                   Pasivos netos incurridos,-489.219774861,Millones - Dólares estadounidenses corrientes,2019,Dato revisado,Anual,
594,                   Pasivos netos incurridos,-49.53659929,Millones - Dólares estadounidenses corrientes,2019,Dato revisado,Trimestral,Q1
594,                   Pasivos netos incurridos,-210.2584674,Millones - Dólares estadounidenses corrientes,2019,Dato revisado,Trimestral,Q2
594,                   Pasivos netos incurridos,-226.7908505,Millones - Dólares estadounidenses corrientes,2019,Dato revisado,Trimestral,Q3
594,                   Pasivos netos incurridos,-2.633857671,Millones - Dólares estadounidenses corrientes,2019,Dato revisado,Trimestral,Q4
594,                   Pasivos netos incurridos,-567.670495519,Millones - Dólares estadounidenses corrientes,2020,Dato revisado,Anual,
594,                   Pasivos netos incurridos,-190.5454801,Millones - Dólares estadounidenses corrientes,2020,Dato revisado,Trimestral,Q1
594,                   Pasivos netos incurridos,-306.3899092,Millones - Dólares estadounidenses corrientes,2020,Dato revisado,Trimestral,Q2
594,                   Pasivos netos incurridos,-69.93586246,Millones - Dólares estadounidenses corrientes,2020,Dato revisado,Trimestral,Q3
594,                   Pasivos netos incurridos,-0.799243759,Millones - Dólares estadounidenses corrientes,2020,Dato revisado,Trimestral,Q4
594,                   Pasivos netos incurridos,-783.9508553,Millones - Dólares estadounidenses corrientes,2021,Dato revisado,Anual,
594,                   Pasivos netos incurridos,-10.7737598,Millones - Dólares estadounidenses corrientes,2021,Dato revisado,Trimestral,Q1
594,                   Pasivos netos incurridos,-181.6536739,Millones - Dólares estadounidenses corrientes,2021,Dato revisado,Trimestral,Q2
594,                   Pasivos netos incurridos,-356.0605862,Millones - Dólares estadounidenses corrientes,2021,Dato revisado,Trimestral,Q3
594,                   Pasivos netos incurridos,-235.4628354,Millones - Dólares estadounidenses corrientes,2021,Dato revisado,Trimestral,Q4
594,                   Pasivos netos incurridos,-1304.5075033,Millones - Dólares estadounidenses corrientes,2022,Dato revisado,Anual,
594,                   Pasivos netos incurridos,0,Millones - Dólares estadounidenses corrientes,2022,Dato revisado,Trimestral,Q1
594,                   Pasivos netos incurridos,-140.2006772,Millones - Dólares estadounidenses corrientes,2022,Dato revisado,Trimestral,Q2
594,                   Pasivos netos incurridos,-487.3371731,Millones - Dólares estadounidenses corrientes,2022,Dato revisado,Trimestral,Q3
594,                   Pasivos netos incurridos,-676.969653,Millones - Dólares estadounidenses corrientes,2022,Dato revisado,Trimestral,Q4
594,                   Pasivos netos incurridos,0,Millones - Dólares estadounidenses corrientes,2023,Dato provisional,Anual,
594,                   Pasivos netos incurridos,0,Millones - Dólares estadounidenses corrientes,2023,Dato provisional,Trimestral,Q1
594,                   Pasivos netos incurridos,0,Millones - Dólares estadounidenses corrientes,2023,Dato provisional,Trimestral,Q2
594,                   Pasivos netos incurridos,0,Millones - Dólares estadounidenses corrientes,2023,Dato provisional,Trimestral,Q3
594,                   Pasivos netos incurridos,0,Millones - Dólares estadounidenses corrientes,2023,Dato provisional,Trimestral,Q4
594,                   Pasivos netos incurridos,-518.50946987,Millones - Dólares estadounidenses corrientes,2024,Dato provisional,Anual,
594,                   Pasivos netos incurridos,0,Millones - Dólares estadounidenses corrientes,2024,Dato provisional,Trimestral,Q1
594,                   Pasivos netos incurridos,-80.16982327,Millones - Dólares estadounidenses corrientes,2024,Dato provisional,Trimestral,Q2
594,                   Pasivos netos incurridos,-281.6698233,Millones - Dólares estadounidenses corrientes,2024,Dato provisional,Trimestral,Q3
594,                   Pasivos netos incurridos,-156.6698233,Millones - Dólares estadounidenses corrientes,2024,Dato provisional,Trimestral,Q4
594,                   Pasivos netos incurridos,0,Millones - Dólares estadounidenses corrientes,2025,Dato preliminar,Anual,
594,                   Pasivos netos incurridos,0,Millones - Dólares estadounidenses corrientes,2025,Dato preliminar,Trimestral,Q1
594,                   Pasivos netos incurridos,0,Millones - Dólares estadounidenses corrientes,2025,Dato preliminar,Trimestral,Q2
594,                   Pasivos netos incurridos,0,Millones - Dólares estadounidenses corrientes,2025,Dato preliminar,Trimestral,Q3
606,              3.4 Otra inversión,2151.47868287,Millones - Dólares estadounidenses corrientes,2000,Dato revisado,Anual,
606,              3.4 Otra inversión,769.19098989,Millones - Dólares estadounidenses corrientes,2000,Dato revisado,Trimestral,Q1
606,              3.4 Otra inversión,145.46228811,Millones - Dólares estadounidenses corrientes,2000,Dato revisado,Trimestral,Q2
606,              3.4 Otra inversión,386.66177474,Millones - Dólares estadounidenses corrientes,2000,Dato revisado,Trimestral,Q3
606,              3.4 Otra inversión,850.16363013,Millones - Dólares estadounidenses corrientes,2000,Dato revisado,Trimestral,Q4
606,              3.4 Otra inversión,1066.00468491,Millones - Dólares estadounidenses corrientes,2001,Dato revisado,Anual,
606,              3.4 Otra inversión,-63.09670399,Millones - Dólares estadounidenses corrientes,2001,Dato revisado,Trimestral,Q1
606,              3.4 Otra inversión,1527.584122,Millones - Dólares estadounidenses corrientes,2001,Dato revisado,Trimestral,Q2
606,              3.4 Otra inversión,-243.416667,Millones - Dólares estadounidenses corrientes,2001,Dato revisado,Trimestral,Q3
606,              3.4 Otra inversión,-155.0660661,Millones - Dólares estadounidenses corrientes,2001,Dato revisado,Trimestral,Q4
606,              3.4 Otra inversión,-464.511147526,Millones - Dólares estadounidenses corrientes,2002,Dato revisado,Anual,
606,              3.4 Otra inversión,-648.803809,Millones - Dólares estadounidenses corrientes,2002,Dato revisado,Trimestral,Q1
606,              3.4 Otra inversión,-486.8628693,Millones - Dólares estadounidenses corrientes,2002,Dato revisado,Trimestral,Q2
606,              3.4 Otra inversión,70.726661554,Millones - Dólares estadounidenses corrientes,2002,Dato revisado,Trimestral,Q3
606,              3.4 Otra inversión,600.42886922,Millones - Dólares estadounidenses corrientes,2002,Dato revisado,Trimestral,Q4
606,              3.4 Otra inversión,-1325.7547872,Millones - Dólares estadounidenses corrientes,2003,Dato revisado,Anual,
606,              3.4 Otra inversión,-301.2115865,Millones - Dólares estadounidenses corrientes,2003,Dato revisado,Trimestral,Q1
606,              3.4 Otra inversión,-342.6333178,Millones - Dólares estadounidenses corrientes,2003,Dato revisado,Trimestral,Q2
606,              3.4 Otra inversión,-227.196375,Millones - Dólares estadounidenses corrientes,2003,Dato revisado,Trimestral,Q3
606,              3.4 Otra inversión,-454.7135079,Millones - Dólares estadounidenses corrientes,2003,Dato revisado,Trimestral,Q4
606,              3.4 Otra inversión,-221.52528623,Millones - Dólares estadounidenses corrientes,2004,Dato revisado,Anual,
606,              3.4 Otra inversión,-426.2238564,Millones - Dólares estadounidenses corrientes,2004,Dato revisado,Trimestral,Q1
606,              3.4 Otra inversión,-310.3527821,Millones - Dólares estadounidenses corrientes,2004,Dato revisado,Trimestral,Q2
606,              3.4 Otra inversión,275.99607722,Millones - Dólares estadounidenses corrientes,2004,Dato revisado,Trimestral,Q3
606,              3.4 Otra inversión,239.05527505,Millones - Dólares estadounidenses corrientes,2004,Dato revisado,Trimestral,Q4
606,              3.4 Otra inversión,661.39034081,Millones - Dólares estadounidenses corrientes,2005,Dato revisado,Anual,
606,              3.4 Otra inversión,1168.2236953,Millones - Dólares estadounidenses corrientes,2005,Dato revisado,Trimestral,Q1
606,              3.4 Otra inversión,-443.5104488,Millones - Dólares estadounidenses corrientes,2005,Dato revisado,Trimestral,Q2
606,              3.4 Otra inversión,-888.6752987,Millones - Dólares estadounidenses corrientes,2005,Dato revisado,Trimestral,Q3
606,              3.4 Otra inversión,825.35239301,Millones - Dólares estadounidenses corrientes,2005,Dato revisado,Trimestral,Q4
606,              3.4 Otra inversión,416.48872652,Millones - Dólares estadounidenses corrientes,2006,Dato revisado,Anual,
606,              3.4 Otra inversión,-594.1575523,Millones - Dólares estadounidenses corrientes,2006,Dato revisado,Trimestral,Q1
606,              3.4 Otra inversión,-404.2246409,Millones - Dólares estadounidenses corrientes,2006,Dato revisado,Trimestral,Q2
606,              3.4 Otra inversión,868.66946684,Millones - Dólares estadounidenses corrientes,2006,Dato revisado,Trimestral,Q3
606,              3.4 Otra inversión,546.20145288,Millones - Dólares estadounidenses corrientes,2006,Dato revisado,Trimestral,Q4
606,              3.4 Otra inversión,-2921.76950935,Millones - Dólares estadounidenses corrientes,2007,Dato revisado,Anual,
606,              3.4 Otra inversión,-2793.531714,Millones - Dólares estadounidenses corrientes,2007,Dato revisado,Trimestral,Q1
606,              3.4 Otra inversión,107.72681878,Millones - Dólares estadounidenses corrientes,2007,Dato revisado,Trimestral,Q2
606,              3.4 Otra inversión,298.93844227,Millones - Dólares estadounidenses corrientes,2007,Dato revisado,Trimestral,Q3
606,              3.4 Otra inversión,-534.9030564,Millones - Dólares estadounidenses corrientes,2007,Dato revisado,Trimestral,Q4
606,              3.4 Otra inversión,-2986.8398519,Millones - Dólares estadounidenses corrientes,2008,Dato revisado,Anual,
606,              3.4 Otra inversión,-451.1061639,Millones - Dólares estadounidenses corrientes,2008,Dato revisado,Trimestral,Q1
606,              3.4 Otra inversión,-419.2265971,Millones - Dólares estadounidenses corrientes,2008,Dato revisado,Trimestral,Q2
606,              3.4 Otra inversión,-1673.702301,Millones - Dólares estadounidenses corrientes,2008,Dato revisado,Trimestral,Q3
606,              3.4 Otra inversión,-442.8047899,Millones - Dólares estadounidenses corrientes,2008,Dato revisado,Trimestral,Q4
606,              3.4 Otra inversión,2166.951992529,Millones - Dólares estadounidenses corrientes,2009,Dato revisado,Anual,
606,              3.4 Otra inversión,1852.2168059,Millones - Dólares estadounidenses corrientes,2009,Dato revisado,Trimestral,Q1
606,              3.4 Otra inversión,2250.3918832,Millones - Dólares estadounidenses corrientes,2009,Dato revisado,Trimestral,Q2
606,              3.4 Otra inversión,-1958.551609,Millones - Dólares estadounidenses corrientes,2009,Dato revisado,Trimestral,Q3
606,              3.4 Otra inversión,22.894912429,Millones - Dólares estadounidenses corrientes,2009,Dato revisado,Trimestral,Q4
606,              3.4 Otra inversión,-11338.3368555,Millones - Dólares estadounidenses corrientes,2010,Dato revisado,Anual,
606,              3.4 Otra inversión,-2531.573544,Millones - Dólares estadounidenses corrientes,2010,Dato revisado,Trimestral,Q1
606,              3.4 Otra inversión,-525.2677435,Millones - Dólares estadounidenses corrientes,2010,Dato revisado,Trimestral,Q2
606,              3.4 Otra inversión,-5436.949766,Millones - Dólares estadounidenses corrientes,2010,Dato revisado,Trimestral,Q3
606,              3.4 Otra inversión,-2844.545802,Millones - Dólares estadounidenses corrientes,2010,Dato revisado,Trimestral,Q4
606,              3.4 Otra inversión,-87.50291059,Millones - Dólares estadounidenses corrientes,2011,Dato revisado,Anual,
606,              3.4 Otra inversión,-1296.707195,Millones - Dólares estadounidenses corrientes,2011,Dato revisado,Trimestral,Q1
606,              3.4 Otra inversión,400.85768531,Millones - Dólares estadounidenses corrientes,2011,Dato revisado,Trimestral,Q2
606,              3.4 Otra inversión,-220.529642,Millones - Dólares estadounidenses corrientes,2011,Dato revisado,Trimestral,Q3
606,              3.4 Otra inversión,1028.8762411,Millones - Dólares estadounidenses corrientes,2011,Dato revisado,Trimestral,Q4
606,              3.4 Otra inversión,3970.82399551,Millones - Dólares estadounidenses corrientes,2012,Dato revisado,Anual,
606,              3.4 Otra inversión,-416.7332908,Millones - Dólares estadounidenses corrientes,2012,Dato revisado,Trimestral,Q1
606,              3.4 Otra inversión,2041.3812439,Millones - Dólares estadounidenses corrientes,2012,Dato revisado,Trimestral,Q2
606,              3.4 Otra inversión,1541.8145289,Millones - Dólares estadounidenses corrientes,2012,Dato revisado,Trimestral,Q3
606,              3.4 Otra inversión,804.36151351,Millones - Dólares estadounidenses corrientes,2012,Dato revisado,Trimestral,Q4
606,              3.4 Otra inversión,-2807.5022938,Millones - Dólares estadounidenses corrientes,2013,Dato revisado,Anual,
606,              3.4 Otra inversión,410.65094011,Millones - Dólares estadounidenses corrientes,2013,Dato revisado,Trimestral,Q1
606,              3.4 Otra inversión,-20.34012771,Millones - Dólares estadounidenses corrientes,2013,Dato revisado,Trimestral,Q2
606,              3.4 Otra inversión,-517.2217232,Millones - Dólares estadounidenses corrientes,2013,Dato revisado,Trimestral,Q3
606,              3.4 Otra inversión,-2680.591383,Millones - Dólares estadounidenses corrientes,2013,Dato revisado,Trimestral,Q4
606,              3.4 Otra inversión,-502.21926314,Millones - Dólares estadounidenses corrientes,2014,Dato revisado,Anual,
606,              3.4 Otra inversión,736.49426016,Millones - Dólares estadounidenses corrientes,2014,Dato revisado,Trimestral,Q1
606,              3.4 Otra inversión,715.638207,Millones - Dólares estadounidenses corrientes,2014,Dato revisado,Trimestral,Q2
606,              3.4 Otra inversión,1313.6732107,Millones - Dólares estadounidenses corrientes,2014,Dato revisado,Trimestral,Q3
606,              3.4 Otra inversión,-3268.024941,Millones - Dólares estadounidenses corrientes,2014,Dato revisado,Trimestral,Q4
606,              3.4 Otra inversión,-3937.1528979,Millones - Dólares estadounidenses corrientes,2015,Dato revisado,Anual,
606,              3.4 Otra inversión,-348.6822901,Millones - Dólares estadounidenses corrientes,2015,Dato revisado,Trimestral,Q1
606,              3.4 Otra inversión,-110.9359615,Millones - Dólares estadounidenses corrientes,2015,Dato revisado,Trimestral,Q2
606,              3.4 Otra inversión,-965.0009963,Millones - Dólares estadounidenses corrientes,2015,Dato revisado,Trimestral,Q3
606,              3.4 Otra inversión,-2512.53365,Millones - Dólares estadounidenses corrientes,2015,Dato revisado,Trimestral,Q4
606,              3.4 Otra inversión,2402.66483828,Millones - Dólares estadounidenses corrientes,2016,Dato revisado,Anual,
606,              3.4 Otra inversión,874.43478017,Millones - Dólares estadounidenses corrientes,2016,Dato revisado,Trimestral,Q1
606,              3.4 Otra inversión,1509.9643318,Millones - Dólares estadounidenses corrientes,2016,Dato revisado,Trimestral,Q2
606,              3.4 Otra inversión,-853.8687396,Millones - Dólares estadounidenses corrientes,2016,Dato revisado,Trimestral,Q3
606,              3.4 Otra inversión,872.13446591,Millones - Dólares estadounidenses corrientes,2016,Dato revisado,Trimestral,Q4
606,              3.4 Otra inversión,1275.87706285,Millones - Dólares estadounidenses corrientes,2017,Dato revisado,Anual,
606,              3.4 Otra inversión,-1632.883701,Millones - Dólares estadounidenses corrientes,2017,Dato revisado,Trimestral,Q1
606,              3.4 Otra inversión,378.53029624,Millones - Dólares estadounidenses corrientes,2017,Dato revisado,Trimestral,Q2
606,              3.4 Otra inversión,2060.5086012,Millones - Dólares estadounidenses corrientes,2017,Dato revisado,Trimestral,Q3
606,              3.4 Otra inversión,469.72186641,Millones - Dólares estadounidenses corrientes,2017,Dato revisado,Trimestral,Q4
606,              3.4 Otra inversión,-8851.920144,Millones - Dólares estadounidenses corrientes,2018,Dato revisado,Anual,
606,              3.4 Otra inversión,-3446.575954,Millones - Dólares estadounidenses corrientes,2018,Dato revisado,Trimestral,Q1
606,              3.4 Otra inversión,-1086.445682,Millones - Dólares estadounidenses corrientes,2018,Dato revisado,Trimestral,Q2
606,              3.4 Otra inversión,-1915.036192,Millones - Dólares estadounidenses corrientes,2018,Dato revisado,Trimestral,Q3
606,              3.4 Otra inversión,-2403.862316,Millones - Dólares estadounidenses corrientes,2018,Dato revisado,Trimestral,Q4
606,              3.4 Otra inversión,-5903.9029847,Millones - Dólares estadounidenses corrientes,2019,Dato revisado,Anual,
606,              3.4 Otra inversión,-1745.033832,Millones - Dólares estadounidenses corrientes,2019,Dato revisado,Trimestral,Q1
606,              3.4 Otra inversión,-153.7450627,Millones - Dólares estadounidenses corrientes,2019,Dato revisado,Trimestral,Q2
606,              3.4 Otra inversión,-2642.344302,Millones - Dólares estadounidenses corrientes,2019,Dato revisado,Trimestral,Q3
606,              3.4 Otra inversión,-1362.779788,Millones - Dólares estadounidenses corrientes,2019,Dato revisado,Trimestral,Q4
606,              3.4 Otra inversión,-4435.46189062,Millones - Dólares estadounidenses corrientes,2020,Dato revisado,Anual,
606,              3.4 Otra inversión,378.57590509,Millones - Dólares estadounidenses corrientes,2020,Dato revisado,Trimestral,Q1
606,              3.4 Otra inversión,756.75748729,Millones - Dólares estadounidenses corrientes,2020,Dato revisado,Trimestral,Q2
606,              3.4 Otra inversión,-2155.241233,Millones - Dólares estadounidenses corrientes,2020,Dato revisado,Trimestral,Q3
606,              3.4 Otra inversión,-3415.55405,Millones - Dólares estadounidenses corrientes,2020,Dato revisado,Trimestral,Q4
606,              3.4 Otra inversión,-6735.9370729,Millones - Dólares estadounidenses corrientes,2021,Dato revisado,Anual,
606,              3.4 Otra inversión,-2538.962333,Millones - Dólares estadounidenses corrientes,2021,Dato revisado,Trimestral,Q1
606,              3.4 Otra inversión,2985.7916681,Millones - Dólares estadounidenses corrientes,2021,Dato revisado,Trimestral,Q2
606,              3.4 Otra inversión,-3336.998298,Millones - Dólares estadounidenses corrientes,2021,Dato revisado,Trimestral,Q3
606,              3.4 Otra inversión,-3845.76811,Millones - Dólares estadounidenses corrientes,2021,Dato revisado,Trimestral,Q4
606,              3.4 Otra inversión,-8488.174641,Millones - Dólares estadounidenses corrientes,2022,Dato revisado,Anual,
606,              3.4 Otra inversión,-3001.877227,Millones - Dólares estadounidenses corrientes,2022,Dato revisado,Trimestral,Q1
606,              3.4 Otra inversión,-642.401417,Millones - Dólares estadounidenses corrientes,2022,Dato revisado,Trimestral,Q2
606,              3.4 Otra inversión,-3190.533131,Millones - Dólares estadounidenses corrientes,2022,Dato revisado,Trimestral,Q3
606,              3.4 Otra inversión,-1653.362866,Millones - Dólares estadounidenses corrientes,2022,Dato revisado,Trimestral,Q4
606,              3.4 Otra inversión,-130.12581106,Millones - Dólares estadounidenses corrientes,2023,Dato provisional,Anual,
606,              3.4 Otra inversión,-218.9253925,Millones - Dólares estadounidenses corrientes,2023,Dato provisional,Trimestral,Q1
606,              3.4 Otra inversión,1579.9864916,Millones - Dólares estadounidenses corrientes,2023,Dato provisional,Trimestral,Q2
606,              3.4 Otra inversión,-2335.799456,Millones - Dólares estadounidenses corrientes,2023,Dato provisional,Trimestral,Q3
606,              3.4 Otra inversión,844.61254584,Millones - Dólares estadounidenses corrientes,2023,Dato provisional,Trimestral,Q4
606,              3.4 Otra inversión,-2213.450054689,Millones - Dólares estadounidenses corrientes,2024,Dato provisional,Anual,
606,              3.4 Otra inversión,-869.8318026,Millones - Dólares estadounidenses corrientes,2024,Dato provisional,Trimestral,Q1
606,              3.4 Otra inversión,23.556447311,Millones - Dólares estadounidenses corrientes,2024,Dato provisional,Trimestral,Q2
606,              3.4 Otra inversión,-3385.484344,Millones - Dólares estadounidenses corrientes,2024,Dato provisional,Trimestral,Q3
606,              3.4 Otra inversión,2018.3096446,Millones - Dólares estadounidenses corrientes,2024,Dato provisional,Trimestral,Q4
606,              3.4 Otra inversión,5493.4447314,Millones - Dólares estadounidenses corrientes,2025,Dato preliminar,Anual,
606,              3.4 Otra inversión,-2336.57783,Millones - Dólares estadounidenses corrientes,2025,Dato preliminar,Trimestral,Q1
606,              3.4 Otra inversión,3472.1510904,Millones - Dólares estadounidenses corrientes,2025,Dato preliminar,Trimestral,Q2
606,              3.4 Otra inversión,4357.871471,Millones - Dólares estadounidenses corrientes,2025,Dato preliminar,Trimestral,Q3
607,                   Adquisición neta de activos financieros,444.64015126,Millones - Dólares estadounidenses corrientes,2000,Dato revisado,Anual,
607,                   Adquisición neta de activos financieros,-285.6814945,Millones - Dólares estadounidenses corrientes,2000,Dato revisado,Trimestral,Q1
607,                   Adquisición neta de activos financieros,-446.1415011,Millones - Dólares estadounidenses corrientes,2000,Dato revisado,Trimestral,Q2
607,                   Adquisición neta de activos financieros,202.10764361,Millones - Dólares estadounidenses corrientes,2000,Dato revisado,Trimestral,Q3
607,                   Adquisición neta de activos financieros,974.35550325,Millones - Dólares estadounidenses corrientes,2000,Dato revisado,Trimestral,Q4
607,                   Adquisición neta de activos financieros,905.472389026,Millones - Dólares estadounidenses corrientes,2001,Dato revisado,Anual,
607,                   Adquisición neta de activos financieros,-281.5136427,Millones - Dólares estadounidenses corrientes,2001,Dato revisado,Trimestral,Q1
607,                   Adquisición neta de activos financieros,946.1175289,Millones - Dólares estadounidenses corrientes,2001,Dato revisado,Trimestral,Q2
607,                   Adquisición neta de activos financieros,-4.091724794,Millones - Dólares estadounidenses corrientes,2001,Dato revisado,Trimestral,Q3
607,                   Adquisición neta de activos financieros,244.96022762,Millones - Dólares estadounidenses corrientes,2001,Dato revisado,Trimestral,Q4
607,                   Adquisición neta de activos financieros,-1704.62415402,Millones - Dólares estadounidenses corrientes,2002,Dato revisado,Anual,
607,                   Adquisición neta de activos financieros,-812.1873547,Millones - Dólares estadounidenses corrientes,2002,Dato revisado,Trimestral,Q1
607,                   Adquisición neta de activos financieros,-867.7327721,Millones - Dólares estadounidenses corrientes,2002,Dato revisado,Trimestral,Q2
607,                   Adquisición neta de activos financieros,398.77178608,Millones - Dólares estadounidenses corrientes,2002,Dato revisado,Trimestral,Q3
607,                   Adquisición neta de activos financieros,-423.4758133,Millones - Dólares estadounidenses corrientes,2002,Dato revisado,Trimestral,Q4
607,                   Adquisición neta de activos financieros,-1373.68519306,Millones - Dólares estadounidenses corrientes,2003,Dato revisado,Anual,
607,                   Adquisición neta de activos financieros,151.82638887,Millones - Dólares estadounidenses corrientes,2003,Dato revisado,Trimestral,Q1
607,                   Adquisición neta de activos financieros,-33.75851123,Millones - Dólares estadounidenses corrientes,2003,Dato revisado,Trimestral,Q2
607,                   Adquisición neta de activos financieros,-579.9505484,Millones - Dólares estadounidenses corrientes,2003,Dato revisado,Trimestral,Q3
607,                   Adquisición neta de activos financieros,-911.8025223,Millones - Dólares estadounidenses corrientes,2003,Dato revisado,Trimestral,Q4
607,                   Adquisición neta de activos financieros,56.51527804,Millones - Dólares estadounidenses corrientes,2004,Dato revisado,Anual,
607,                   Adquisición neta de activos financieros,-759.5096764,Millones - Dólares estadounidenses corrientes,2004,Dato revisado,Trimestral,Q1
607,                   Adquisición neta de activos financieros,-247.6147124,Millones - Dólares estadounidenses corrientes,2004,Dato revisado,Trimestral,Q2
607,                   Adquisición neta de activos financieros,434.16287431,Millones - Dólares estadounidenses corrientes,2004,Dato revisado,Trimestral,Q3
607,                   Adquisición neta de activos financieros,629.47679253,Millones - Dólares estadounidenses corrientes,2004,Dato revisado,Trimestral,Q4
607,                   Adquisición neta de activos financieros,306.47946268,Millones - Dólares estadounidenses corrientes,2005,Dato revisado,Anual,
607,                   Adquisición neta de activos financieros,563.38503968,Millones - Dólares estadounidenses corrientes,2005,Dato revisado,Trimestral,Q1
607,                   Adquisición neta de activos financieros,-1512.289835,Millones - Dólares estadounidenses corrientes,2005,Dato revisado,Trimestral,Q2
607,                   Adquisición neta de activos financieros,-441.9316084,Millones - Dólares estadounidenses corrientes,2005,Dato revisado,Trimestral,Q3
607,                   Adquisición neta de activos financieros,1697.3158664,Millones - Dólares estadounidenses corrientes,2005,Dato revisado,Trimestral,Q4
607,                   Adquisición neta de activos financieros,827.45444771,Millones - Dólares estadounidenses corrientes,2006,Dato revisado,Anual,
607,                   Adquisición neta de activos financieros,-1166.972071,Millones - Dólares estadounidenses corrientes,2006,Dato revisado,Trimestral,Q1
607,                   Adquisición neta de activos financieros,106.56150916,Millones - Dólares estadounidenses corrientes,2006,Dato revisado,Trimestral,Q2
607,                   Adquisición neta de activos financieros,1019.1577916,Millones - Dólares estadounidenses corrientes,2006,Dato revisado,Trimestral,Q3
607,                   Adquisición neta de activos financieros,868.70721795,Millones - Dólares estadounidenses corrientes,2006,Dato revisado,Trimestral,Q4
607,                   Adquisición neta de activos financieros,772.73465016,Millones - Dólares estadounidenses corrientes,2007,Dato revisado,Anual,
607,                   Adquisición neta de activos financieros,-470.5281864,Millones - Dólares estadounidenses corrientes,2007,Dato revisado,Trimestral,Q1
607,                   Adquisición neta de activos financieros,298.29136789,Millones - Dólares estadounidenses corrientes,2007,Dato revisado,Trimestral,Q2
607,                   Adquisición neta de activos financieros,272.54091152,Millones - Dólares estadounidenses corrientes,2007,Dato revisado,Trimestral,Q3
607,                   Adquisición neta de activos financieros,672.43055715,Millones - Dólares estadounidenses corrientes,2007,Dato revisado,Trimestral,Q4
607,                   Adquisición neta de activos financieros,-681.73711065,Millones - Dólares estadounidenses corrientes,2008,Dato revisado,Anual,
607,                   Adquisición neta de activos financieros,-210.638359,Millones - Dólares estadounidenses corrientes,2008,Dato revisado,Trimestral,Q1
607,                   Adquisición neta de activos financieros,105.55740195,Millones - Dólares estadounidenses corrientes,2008,Dato revisado,Trimestral,Q2
607,                   Adquisición neta de activos financieros,-1040.074368,Millones - Dólares estadounidenses corrientes,2008,Dato revisado,Trimestral,Q3
607,                   Adquisición neta de activos financieros,463.4182144,Millones - Dólares estadounidenses corrientes,2008,Dato revisado,Trimestral,Q4
607,                   Adquisición neta de activos financieros,3525.92339721,Millones - Dólares estadounidenses corrientes,2009,Dato revisado,Anual,
607,                   Adquisición neta de activos financieros,1707.792482,Millones - Dólares estadounidenses corrientes,2009,Dato revisado,Trimestral,Q1
607,                   Adquisición neta de activos financieros,932.98370101,Millones - Dólares estadounidenses corrientes,2009,Dato revisado,Trimestral,Q2
607,                   Adquisición neta de activos financieros,-376.2051029,Millones - Dólares estadounidenses corrientes,2009,Dato revisado,Trimestral,Q3
607,                   Adquisición neta de activos financieros,1261.3523171,Millones - Dólares estadounidenses corrientes,2009,Dato revisado,Trimestral,Q4
607,                   Adquisición neta de activos financieros,-850.44625335,Millones - Dólares estadounidenses corrientes,2010,Dato revisado,Anual,
607,                   Adquisición neta de activos financieros,-1708.660682,Millones - Dólares estadounidenses corrientes,2010,Dato revisado,Trimestral,Q1
607,                   Adquisición neta de activos financieros,630.51683344,Millones - Dólares estadounidenses corrientes,2010,Dato revisado,Trimestral,Q2
607,                   Adquisición neta de activos financieros,-607.9508431,Millones - Dólares estadounidenses corrientes,2010,Dato revisado,Trimestral,Q3
607,                   Adquisición neta de activos financieros,835.64843831,Millones - Dólares estadounidenses corrientes,2010,Dato revisado,Trimestral,Q4
607,                   Adquisición neta de activos financieros,3597.40661789,Millones - Dólares estadounidenses corrientes,2011,Dato revisado,Anual,
607,                   Adquisición neta de activos financieros,134.95034336,Millones - Dólares estadounidenses corrientes,2011,Dato revisado,Trimestral,Q1
607,                   Adquisición neta de activos financieros,349.65820643,Millones - Dólares estadounidenses corrientes,2011,Dato revisado,Trimestral,Q2
607,                   Adquisición neta de activos financieros,1253.3654002,Millones - Dólares estadounidenses corrientes,2011,Dato revisado,Trimestral,Q3
607,                   Adquisición neta de activos financieros,1859.4326679,Millones - Dólares estadounidenses corrientes,2011,Dato revisado,Trimestral,Q4
607,                   Adquisición neta de activos financieros,1736.179842105,Millones - Dólares estadounidenses corrientes,2012,Dato revisado,Anual,
607,                   Adquisición neta de activos financieros,88.885389525,Millones - Dólares estadounidenses corrientes,2012,Dato revisado,Trimestral,Q1
607,                   Adquisición neta de activos financieros,534.09768318,Millones - Dólares estadounidenses corrientes,2012,Dato revisado,Trimestral,Q2
607,                   Adquisición neta de activos financieros,1560.4429693,Millones - Dólares estadounidenses corrientes,2012,Dato revisado,Trimestral,Q3
607,                   Adquisición neta de activos financieros,-447.2461999,Millones - Dólares estadounidenses corrientes,2012,Dato revisado,Trimestral,Q4
607,                   Adquisición neta de activos financieros,2286.2028742,Millones - Dólares estadounidenses corrientes,2013,Dato revisado,Anual,
607,                   Adquisición neta de activos financieros,1252.7247711,Millones - Dólares estadounidenses corrientes,2013,Dato revisado,Trimestral,Q1
607,                   Adquisición neta de activos financieros,1772.608506,Millones - Dólares estadounidenses corrientes,2013,Dato revisado,Trimestral,Q2
607,                   Adquisición neta de activos financieros,888.3606401,Millones - Dólares estadounidenses corrientes,2013,Dato revisado,Trimestral,Q3
607,                   Adquisición neta de activos financieros,-1627.491043,Millones - Dólares estadounidenses corrientes,2013,Dato revisado,Trimestral,Q4
607,                   Adquisición neta de activos financieros,1770.8077219,Millones - Dólares estadounidenses corrientes,2014,Dato revisado,Anual,
607,                   Adquisición neta de activos financieros,1166.5275457,Millones - Dólares estadounidenses corrientes,2014,Dato revisado,Trimestral,Q1
607,                   Adquisición neta de activos financieros,-354.8529441,Millones - Dólares estadounidenses corrientes,2014,Dato revisado,Trimestral,Q2
607,                   Adquisición neta de activos financieros,1233.9703912,Millones - Dólares estadounidenses corrientes,2014,Dato revisado,Trimestral,Q3
607,                   Adquisición neta de activos financieros,-274.8372709,Millones - Dólares estadounidenses corrientes,2014,Dato revisado,Trimestral,Q4
607,                   Adquisición neta de activos financieros,546.18255949,Millones - Dólares estadounidenses corrientes,2015,Dato revisado,Anual,
607,                   Adquisición neta de activos financieros,1700.6820187,Millones - Dólares estadounidenses corrientes,2015,Dato revisado,Trimestral,Q1
607,                   Adquisición neta de activos financieros,-903.7858682,Millones - Dólares estadounidenses corrientes,2015,Dato revisado,Trimestral,Q2
607,                   Adquisición neta de activos financieros,716.08010079,Millones - Dólares estadounidenses corrientes,2015,Dato revisado,Trimestral,Q3
607,                   Adquisición neta de activos financieros,-966.7936918,Millones - Dólares estadounidenses corrientes,2015,Dato revisado,Trimestral,Q4
607,                   Adquisición neta de activos financieros,2929.0133031,Millones - Dólares estadounidenses corrientes,2016,Dato revisado,Anual,
607,                   Adquisición neta de activos financieros,1597.2735342,Millones - Dólares estadounidenses corrientes,2016,Dato revisado,Trimestral,Q1
607,                   Adquisición neta de activos financieros,1054.9465178,Millones - Dólares estadounidenses corrientes,2016,Dato revisado,Trimestral,Q2
607,                   Adquisición neta de activos financieros,-1356.103121,Millones - Dólares estadounidenses corrientes,2016,Dato revisado,Trimestral,Q3
607,                   Adquisición neta de activos financieros,1632.8963721,Millones - Dólares estadounidenses corrientes,2016,Dato revisado,Trimestral,Q4
607,                   Adquisición neta de activos financieros,-264.2601048,Millones - Dólares estadounidenses corrientes,2017,Dato revisado,Anual,
607,                   Adquisición neta de activos financieros,-1417.550931,Millones - Dólares estadounidenses corrientes,2017,Dato revisado,Trimestral,Q1
607,                   Adquisición neta de activos financieros,-730.7999864,Millones - Dólares estadounidenses corrientes,2017,Dato revisado,Trimestral,Q2
607,                   Adquisición neta de activos financieros,2120.4402752,Millones - Dólares estadounidenses corrientes,2017,Dato revisado,Trimestral,Q3
607,                   Adquisición neta de activos financieros,-236.3494626,Millones - Dólares estadounidenses corrientes,2017,Dato revisado,Trimestral,Q4
607,                   Adquisición neta de activos financieros,210.5483716,Millones - Dólares estadounidenses corrientes,2018,Dato revisado,Anual,
607,                   Adquisición neta de activos financieros,-538.1744923,Millones - Dólares estadounidenses corrientes,2018,Dato revisado,Trimestral,Q1
607,                   Adquisición neta de activos financieros,-1330.162167,Millones - Dólares estadounidenses corrientes,2018,Dato revisado,Trimestral,Q2
607,                   Adquisición neta de activos financieros,-949.94285,Millones - Dólares estadounidenses corrientes,2018,Dato revisado,Trimestral,Q3
607,                   Adquisición neta de activos financieros,3028.8278809,Millones - Dólares estadounidenses corrientes,2018,Dato revisado,Trimestral,Q4
607,                   Adquisición neta de activos financieros,-3476.04451332,Millones - Dólares estadounidenses corrientes,2019,Dato revisado,Anual,
607,                   Adquisición neta de activos financieros,-1653.368633,Millones - Dólares estadounidenses corrientes,2019,Dato revisado,Trimestral,Q1
607,                   Adquisición neta de activos financieros,424.99487689,Millones - Dólares estadounidenses corrientes,2019,Dato revisado,Trimestral,Q2
607,                   Adquisición neta de activos financieros,-2635.325988,Millones - Dólares estadounidenses corrientes,2019,Dato revisado,Trimestral,Q3
607,                   Adquisición neta de activos financieros,387.65523079,Millones - Dólares estadounidenses corrientes,2019,Dato revisado,Trimestral,Q4
607,                   Adquisición neta de activos financieros,3485.3169785,Millones - Dólares estadounidenses corrientes,2020,Dato revisado,Anual,
607,                   Adquisición neta de activos financieros,1700.4956927,Millones - Dólares estadounidenses corrientes,2020,Dato revisado,Trimestral,Q1
607,                   Adquisición neta de activos financieros,1443.8015971,Millones - Dólares estadounidenses corrientes,2020,Dato revisado,Trimestral,Q2
607,                   Adquisición neta de activos financieros,-1346.588683,Millones - Dólares estadounidenses corrientes,2020,Dato revisado,Trimestral,Q3
607,                   Adquisición neta de activos financieros,1687.6083717,Millones - Dólares estadounidenses corrientes,2020,Dato revisado,Trimestral,Q4
607,                   Adquisición neta de activos financieros,2771.1891053,Millones - Dólares estadounidenses corrientes,2021,Dato revisado,Anual,
607,                   Adquisición neta de activos financieros,-3634.383327,Millones - Dólares estadounidenses corrientes,2021,Dato revisado,Trimestral,Q1
607,                   Adquisición neta de activos financieros,3466.0220563,Millones - Dólares estadounidenses corrientes,2021,Dato revisado,Trimestral,Q2
607,                   Adquisición neta de activos financieros,4445.150186,Millones - Dólares estadounidenses corrientes,2021,Dato revisado,Trimestral,Q3
607,                   Adquisición neta de activos financieros,-1505.59981,Millones - Dólares estadounidenses corrientes,2021,Dato revisado,Trimestral,Q4
607,                   Adquisición neta de activos financieros,4084.40709501,Millones - Dólares estadounidenses corrientes,2022,Dato revisado,Anual,
607,                   Adquisición neta de activos financieros,-612.0253566,Millones - Dólares estadounidenses corrientes,2022,Dato revisado,Trimestral,Q1
607,                   Adquisición neta de activos financieros,1799.0040098,Millones - Dólares estadounidenses corrientes,2022,Dato revisado,Trimestral,Q2
607,                   Adquisición neta de activos financieros,-73.71882709,Millones - Dólares estadounidenses corrientes,2022,Dato revisado,Trimestral,Q3
607,                   Adquisición neta de activos financieros,2971.1472689,Millones - Dólares estadounidenses corrientes,2022,Dato revisado,Trimestral,Q4
607,                   Adquisición neta de activos financieros,4066.51148497,Millones - Dólares estadounidenses corrientes,2023,Dato provisional,Anual,
607,                   Adquisición neta de activos financieros,268.93083824,Millones - Dólares estadounidenses corrientes,2023,Dato provisional,Trimestral,Q1
607,                   Adquisición neta de activos financieros,1031.5428102,Millones - Dólares estadounidenses corrientes,2023,Dato provisional,Trimestral,Q2
607,                   Adquisición neta de activos financieros,65.30100283,Millones - Dólares estadounidenses corrientes,2023,Dato provisional,Trimestral,Q3
607,                   Adquisición neta de activos financieros,2700.7368337,Millones - Dólares estadounidenses corrientes,2023,Dato provisional,Trimestral,Q4
607,                   Adquisición neta de activos financieros,101.71658179,Millones - Dólares estadounidenses corrientes,2024,Dato provisional,Anual,
607,                   Adquisición neta de activos financieros,-1334.665244,Millones - Dólares estadounidenses corrientes,2024,Dato provisional,Trimestral,Q1
607,                   Adquisición neta de activos financieros,205.08646919,Millones - Dólares estadounidenses corrientes,2024,Dato provisional,Trimestral,Q2
607,                   Adquisición neta de activos financieros,-1847.417429,Millones - Dólares estadounidenses corrientes,2024,Dato provisional,Trimestral,Q3
607,                   Adquisición neta de activos financieros,3078.7127856,Millones - Dólares estadounidenses corrientes,2024,Dato provisional,Trimestral,Q4
607,                   Adquisición neta de activos financieros,4178.18349472,Millones - Dólares estadounidenses corrientes,2025,Dato preliminar,Anual,
607,                   Adquisición neta de activos financieros,-1954.340308,Millones - Dólares estadounidenses corrientes,2025,Dato preliminar,Trimestral,Q1
607,                   Adquisición neta de activos financieros,657.64116342,Millones - Dólares estadounidenses corrientes,2025,Dato preliminar,Trimestral,Q2
607,                   Adquisición neta de activos financieros,5474.8826393,Millones - Dólares estadounidenses corrientes,2025,Dato preliminar,Trimestral,Q3
608,                   Pasivos netos incurridos,-1706.83853118,Millones - Dólares estadounidenses corrientes,2000,Dato revisado,Anual,
608,                   Pasivos netos incurridos,-1054.872484,Millones - Dólares estadounidenses corrientes,2000,Dato revisado,Trimestral,Q1
608,                   Pasivos netos incurridos,-591.6037892,Millones - Dólares estadounidenses corrientes,2000,Dato revisado,Trimestral,Q2
608,                   Pasivos netos incurridos,-184.5541311,Millones - Dólares estadounidenses corrientes,2000,Dato revisado,Trimestral,Q3
608,                   Pasivos netos incurridos,124.19187312,Millones - Dólares estadounidenses corrientes,2000,Dato revisado,Trimestral,Q4
608,                   Pasivos netos incurridos,-160.53229588,Millones - Dólares estadounidenses corrientes,2001,Dato revisado,Anual,
608,                   Pasivos netos incurridos,-218.4169387,Millones - Dólares estadounidenses corrientes,2001,Dato revisado,Trimestral,Q1
608,                   Pasivos netos incurridos,-581.4665931,Millones - Dólares estadounidenses corrientes,2001,Dato revisado,Trimestral,Q2
608,                   Pasivos netos incurridos,239.32494219,Millones - Dólares estadounidenses corrientes,2001,Dato revisado,Trimestral,Q3
608,                   Pasivos netos incurridos,400.02629373,Millones - Dólares estadounidenses corrientes,2001,Dato revisado,Trimestral,Q4
608,                   Pasivos netos incurridos,-1240.11300687,Millones - Dólares estadounidenses corrientes,2002,Dato revisado,Anual,
608,                   Pasivos netos incurridos,-163.3835456,Millones - Dólares estadounidenses corrientes,2002,Dato revisado,Trimestral,Q1
608,                   Pasivos netos incurridos,-380.8699028,Millones - Dólares estadounidenses corrientes,2002,Dato revisado,Trimestral,Q2
608,                   Pasivos netos incurridos,328.04512453,Millones - Dólares estadounidenses corrientes,2002,Dato revisado,Trimestral,Q3
608,                   Pasivos netos incurridos,-1023.904683,Millones - Dólares estadounidenses corrientes,2002,Dato revisado,Trimestral,Q4
608,                   Pasivos netos incurridos,-47.93040596,Millones - Dólares estadounidenses corrientes,2003,Dato revisado,Anual,
608,                   Pasivos netos incurridos,453.03797537,Millones - Dólares estadounidenses corrientes,2003,Dato revisado,Trimestral,Q1
608,                   Pasivos netos incurridos,308.87480657,Millones - Dólares estadounidenses corrientes,2003,Dato revisado,Trimestral,Q2
608,                   Pasivos netos incurridos,-352.7541735,Millones - Dólares estadounidenses corrientes,2003,Dato revisado,Trimestral,Q3
608,                   Pasivos netos incurridos,-457.0890144,Millones - Dólares estadounidenses corrientes,2003,Dato revisado,Trimestral,Q4
608,                   Pasivos netos incurridos,278.040564246,Millones - Dólares estadounidenses corrientes,2004,Dato revisado,Anual,
608,                   Pasivos netos incurridos,-333.28582,Millones - Dólares estadounidenses corrientes,2004,Dato revisado,Trimestral,Q1
608,                   Pasivos netos incurridos,62.738069676,Millones - Dólares estadounidenses corrientes,2004,Dato revisado,Trimestral,Q2
608,                   Pasivos netos incurridos,158.16679709,Millones - Dólares estadounidenses corrientes,2004,Dato revisado,Trimestral,Q3
608,                   Pasivos netos incurridos,390.42151748,Millones - Dólares estadounidenses corrientes,2004,Dato revisado,Trimestral,Q4
608,                   Pasivos netos incurridos,-354.91087793,Millones - Dólares estadounidenses corrientes,2005,Dato revisado,Anual,
608,                   Pasivos netos incurridos,-604.8386556,Millones - Dólares estadounidenses corrientes,2005,Dato revisado,Trimestral,Q1
608,                   Pasivos netos incurridos,-1068.779386,Millones - Dólares estadounidenses corrientes,2005,Dato revisado,Trimestral,Q2
608,                   Pasivos netos incurridos,446.74369023,Millones - Dólares estadounidenses corrientes,2005,Dato revisado,Trimestral,Q3
608,                   Pasivos netos incurridos,871.96347344,Millones - Dólares estadounidenses corrientes,2005,Dato revisado,Trimestral,Q4
608,                   Pasivos netos incurridos,410.9657211,Millones - Dólares estadounidenses corrientes,2006,Dato revisado,Anual,
608,                   Pasivos netos incurridos,-572.8145187,Millones - Dólares estadounidenses corrientes,2006,Dato revisado,Trimestral,Q1
608,                   Pasivos netos incurridos,510.78615002,Millones - Dólares estadounidenses corrientes,2006,Dato revisado,Trimestral,Q2
608,                   Pasivos netos incurridos,150.48832471,Millones - Dólares estadounidenses corrientes,2006,Dato revisado,Trimestral,Q3
608,                   Pasivos netos incurridos,322.50576507,Millones - Dólares estadounidenses corrientes,2006,Dato revisado,Trimestral,Q4
608,                   Pasivos netos incurridos,3694.50415936,Millones - Dólares estadounidenses corrientes,2007,Dato revisado,Anual,
608,                   Pasivos netos incurridos,2323.0035274,Millones - Dólares estadounidenses corrientes,2007,Dato revisado,Trimestral,Q1
608,                   Pasivos netos incurridos,190.56454911,Millones - Dólares estadounidenses corrientes,2007,Dato revisado,Trimestral,Q2
608,                   Pasivos netos incurridos,-26.39753075,Millones - Dólares estadounidenses corrientes,2007,Dato revisado,Trimestral,Q3
608,                   Pasivos netos incurridos,1207.3336136,Millones - Dólares estadounidenses corrientes,2007,Dato revisado,Trimestral,Q4
608,                   Pasivos netos incurridos,2305.10274177,Millones - Dólares estadounidenses corrientes,2008,Dato revisado,Anual,
608,                   Pasivos netos incurridos,240.46780491,Millones - Dólares estadounidenses corrientes,2008,Dato revisado,Trimestral,Q1
608,                   Pasivos netos incurridos,524.78399903,Millones - Dólares estadounidenses corrientes,2008,Dato revisado,Trimestral,Q2
608,                   Pasivos netos incurridos,633.62793352,Millones - Dólares estadounidenses corrientes,2008,Dato revisado,Trimestral,Q3
608,                   Pasivos netos incurridos,906.22300431,Millones - Dólares estadounidenses corrientes,2008,Dato revisado,Trimestral,Q4
608,                   Pasivos netos incurridos,1358.9714052,Millones - Dólares estadounidenses corrientes,2009,Dato revisado,Anual,
608,                   Pasivos netos incurridos,-144.4243239,Millones - Dólares estadounidenses corrientes,2009,Dato revisado,Trimestral,Q1
608,                   Pasivos netos incurridos,-1317.408182,Millones - Dólares estadounidenses corrientes,2009,Dato revisado,Trimestral,Q2
608,                   Pasivos netos incurridos,1582.3465064,Millones - Dólares estadounidenses corrientes,2009,Dato revisado,Trimestral,Q3
608,                   Pasivos netos incurridos,1238.4574047,Millones - Dólares estadounidenses corrientes,2009,Dato revisado,Trimestral,Q4
608,                   Pasivos netos incurridos,10487.89060216,Millones - Dólares estadounidenses corrientes,2010,Dato revisado,Anual,
608,                   Pasivos netos incurridos,822.91286216,Millones - Dólares estadounidenses corrientes,2010,Dato revisado,Trimestral,Q1
608,                   Pasivos netos incurridos,1155.784577,Millones - Dólares estadounidenses corrientes,2010,Dato revisado,Trimestral,Q2
608,                   Pasivos netos incurridos,4828.998923,Millones - Dólares estadounidenses corrientes,2010,Dato revisado,Trimestral,Q3
608,                   Pasivos netos incurridos,3680.19424,Millones - Dólares estadounidenses corrientes,2010,Dato revisado,Trimestral,Q4
608,                   Pasivos netos incurridos,3684.90952842,Millones - Dólares estadounidenses corrientes,2011,Dato revisado,Anual,
608,                   Pasivos netos incurridos,1431.6575383,Millones - Dólares estadounidenses corrientes,2011,Dato revisado,Trimestral,Q1
608,                   Pasivos netos incurridos,-51.19947887,Millones - Dólares estadounidenses corrientes,2011,Dato revisado,Trimestral,Q2
608,                   Pasivos netos incurridos,1473.8950422,Millones - Dólares estadounidenses corrientes,2011,Dato revisado,Trimestral,Q3
608,                   Pasivos netos incurridos,830.55642679,Millones - Dólares estadounidenses corrientes,2011,Dato revisado,Trimestral,Q4
608,                   Pasivos netos incurridos,-2234.644153263,Millones - Dólares estadounidenses corrientes,2012,Dato revisado,Anual,
608,                   Pasivos netos incurridos,505.6186803,Millones - Dólares estadounidenses corrientes,2012,Dato revisado,Trimestral,Q1
608,                   Pasivos netos incurridos,-1507.283561,Millones - Dólares estadounidenses corrientes,2012,Dato revisado,Trimestral,Q2
608,                   Pasivos netos incurridos,18.628440437,Millones - Dólares estadounidenses corrientes,2012,Dato revisado,Trimestral,Q3
608,                   Pasivos netos incurridos,-1251.607713,Millones - Dólares estadounidenses corrientes,2012,Dato revisado,Trimestral,Q4
608,                   Pasivos netos incurridos,5093.70516785,Millones - Dólares estadounidenses corrientes,2013,Dato revisado,Anual,
608,                   Pasivos netos incurridos,842.07383095,Millones - Dólares estadounidenses corrientes,2013,Dato revisado,Trimestral,Q1
608,                   Pasivos netos incurridos,1792.9486337,Millones - Dólares estadounidenses corrientes,2013,Dato revisado,Trimestral,Q2
608,                   Pasivos netos incurridos,1405.5823633,Millones - Dólares estadounidenses corrientes,2013,Dato revisado,Trimestral,Q3
608,                   Pasivos netos incurridos,1053.1003399,Millones - Dólares estadounidenses corrientes,2013,Dato revisado,Trimestral,Q4
608,                   Pasivos netos incurridos,2273.02698545,Millones - Dólares estadounidenses corrientes,2014,Dato revisado,Anual,
608,                   Pasivos netos incurridos,430.0332855,Millones - Dólares estadounidenses corrientes,2014,Dato revisado,Trimestral,Q1
608,                   Pasivos netos incurridos,-1070.491151,Millones - Dólares estadounidenses corrientes,2014,Dato revisado,Trimestral,Q2
608,                   Pasivos netos incurridos,-79.70281955,Millones - Dólares estadounidenses corrientes,2014,Dato revisado,Trimestral,Q3
608,                   Pasivos netos incurridos,2993.1876705,Millones - Dólares estadounidenses corrientes,2014,Dato revisado,Trimestral,Q4
608,                   Pasivos netos incurridos,4483.3354576,Millones - Dólares estadounidenses corrientes,2015,Dato revisado,Anual,
608,                   Pasivos netos incurridos,2049.3643089,Millones - Dólares estadounidenses corrientes,2015,Dato revisado,Trimestral,Q1
608,                   Pasivos netos incurridos,-792.8499067,Millones - Dólares estadounidenses corrientes,2015,Dato revisado,Trimestral,Q2
608,                   Pasivos netos incurridos,1681.0810971,Millones - Dólares estadounidenses corrientes,2015,Dato revisado,Trimestral,Q3
608,                   Pasivos netos incurridos,1545.7399583,Millones - Dólares estadounidenses corrientes,2015,Dato revisado,Trimestral,Q4
608,                   Pasivos netos incurridos,526.34846453,Millones - Dólares estadounidenses corrientes,2016,Dato revisado,Anual,
608,                   Pasivos netos incurridos,722.83875398,Millones - Dólares estadounidenses corrientes,2016,Dato revisado,Trimestral,Q1
608,                   Pasivos netos incurridos,-455.017814,Millones - Dólares estadounidenses corrientes,2016,Dato revisado,Trimestral,Q2
608,                   Pasivos netos incurridos,-502.2343816,Millones - Dólares estadounidenses corrientes,2016,Dato revisado,Trimestral,Q3
608,                   Pasivos netos incurridos,760.76190615,Millones - Dólares estadounidenses corrientes,2016,Dato revisado,Trimestral,Q4
608,                   Pasivos netos incurridos,-1540.13716801,Millones - Dólares estadounidenses corrientes,2017,Dato revisado,Anual,
608,                   Pasivos netos incurridos,215.33277004,Millones - Dólares estadounidenses corrientes,2017,Dato revisado,Trimestral,Q1
608,                   Pasivos netos incurridos,-1109.330283,Millones - Dólares estadounidenses corrientes,2017,Dato revisado,Trimestral,Q2
608,                   Pasivos netos incurridos,59.93167395,Millones - Dólares estadounidenses corrientes,2017,Dato revisado,Trimestral,Q3
608,                   Pasivos netos incurridos,-706.071329,Millones - Dólares estadounidenses corrientes,2017,Dato revisado,Trimestral,Q4
608,                   Pasivos netos incurridos,9062.46851665,Millones - Dólares estadounidenses corrientes,2018,Dato revisado,Anual,
608,                   Pasivos netos incurridos,2908.4014618,Millones - Dólares estadounidenses corrientes,2018,Dato revisado,Trimestral,Q1
608,                   Pasivos netos incurridos,-243.7164845,Millones - Dólares estadounidenses corrientes,2018,Dato revisado,Trimestral,Q2
608,                   Pasivos netos incurridos,965.09334195,Millones - Dólares estadounidenses corrientes,2018,Dato revisado,Trimestral,Q3
608,                   Pasivos netos incurridos,5432.6901974,Millones - Dólares estadounidenses corrientes,2018,Dato revisado,Trimestral,Q4
608,                   Pasivos netos incurridos,2427.8584710477,Millones - Dólares estadounidenses corrientes,2019,Dato revisado,Anual,
608,                   Pasivos netos incurridos,91.665199145,Millones - Dólares estadounidenses corrientes,2019,Dato revisado,Trimestral,Q1
608,                   Pasivos netos incurridos,578.73993961,Millones - Dólares estadounidenses corrientes,2019,Dato revisado,Trimestral,Q2
608,                   Pasivos netos incurridos,7.0183139927,Millones - Dólares estadounidenses corrientes,2019,Dato revisado,Trimestral,Q3
608,                   Pasivos netos incurridos,1750.4350183,Millones - Dólares estadounidenses corrientes,2019,Dato revisado,Trimestral,Q4
608,                   Pasivos netos incurridos,7920.7788694,Millones - Dólares estadounidenses corrientes,2020,Dato revisado,Anual,
608,                   Pasivos netos incurridos,1321.9197876,Millones - Dólares estadounidenses corrientes,2020,Dato revisado,Trimestral,Q1
608,                   Pasivos netos incurridos,687.04410978,Millones - Dólares estadounidenses corrientes,2020,Dato revisado,Trimestral,Q2
608,                   Pasivos netos incurridos,808.65255002,Millones - Dólares estadounidenses corrientes,2020,Dato revisado,Trimestral,Q3
608,                   Pasivos netos incurridos,5103.162422,Millones - Dólares estadounidenses corrientes,2020,Dato revisado,Trimestral,Q4
608,                   Pasivos netos incurridos,9507.12617762,Millones - Dólares estadounidenses corrientes,2021,Dato revisado,Anual,
608,                   Pasivos netos incurridos,-1095.420994,Millones - Dólares estadounidenses corrientes,2021,Dato revisado,Trimestral,Q1
608,                   Pasivos netos incurridos,480.23038822,Millones - Dólares estadounidenses corrientes,2021,Dato revisado,Trimestral,Q2
608,                   Pasivos netos incurridos,7782.1484837,Millones - Dólares estadounidenses corrientes,2021,Dato revisado,Trimestral,Q3
608,                   Pasivos netos incurridos,2340.1682997,Millones - Dólares estadounidenses corrientes,2021,Dato revisado,Trimestral,Q4
608,                   Pasivos netos incurridos,12572.581736,Millones - Dólares estadounidenses corrientes,2022,Dato revisado,Anual,
608,                   Pasivos netos incurridos,2389.8518703,Millones - Dólares estadounidenses corrientes,2022,Dato revisado,Trimestral,Q1
608,                   Pasivos netos incurridos,2441.4054268,Millones - Dólares estadounidenses corrientes,2022,Dato revisado,Trimestral,Q2
608,                   Pasivos netos incurridos,3116.8143042,Millones - Dólares estadounidenses corrientes,2022,Dato revisado,Trimestral,Q3
608,                   Pasivos netos incurridos,4624.5101347,Millones - Dólares estadounidenses corrientes,2022,Dato revisado,Trimestral,Q4
608,                   Pasivos netos incurridos,4196.63729607,Millones - Dólares estadounidenses corrientes,2023,Dato provisional,Anual,
608,                   Pasivos netos incurridos,487.85623077,Millones - Dólares estadounidenses corrientes,2023,Dato provisional,Trimestral,Q1
608,                   Pasivos netos incurridos,-548.4436814,Millones - Dólares estadounidenses corrientes,2023,Dato provisional,Trimestral,Q2
608,                   Pasivos netos incurridos,2401.1004589,Millones - Dólares estadounidenses corrientes,2023,Dato provisional,Trimestral,Q3
608,                   Pasivos netos incurridos,1856.1242878,Millones - Dólares estadounidenses corrientes,2023,Dato provisional,Trimestral,Q4
608,                   Pasivos netos incurridos,2315.16663538,Millones - Dólares estadounidenses corrientes,2024,Dato provisional,Anual,
608,                   Pasivos netos incurridos,-464.8334418,Millones - Dólares estadounidenses corrientes,2024,Dato provisional,Trimestral,Q1
608,                   Pasivos netos incurridos,181.53002188,Millones - Dólares estadounidenses corrientes,2024,Dato provisional,Trimestral,Q2
608,                   Pasivos netos incurridos,1538.0669142,Millones - Dólares estadounidenses corrientes,2024,Dato provisional,Trimestral,Q3
608,                   Pasivos netos incurridos,1060.4031411,Millones - Dólares estadounidenses corrientes,2024,Dato provisional,Trimestral,Q4
608,                   Pasivos netos incurridos,-1315.26123594,Millones - Dólares estadounidenses corrientes,2025,Dato preliminar,Anual,
608,                   Pasivos netos incurridos,382.23752276,Millones - Dólares estadounidenses corrientes,2025,Dato preliminar,Trimestral,Q1
608,                   Pasivos netos incurridos,-2814.509927,Millones - Dólares estadounidenses corrientes,2025,Dato preliminar,Trimestral,Q2
608,                   Pasivos netos incurridos,1117.0111683,Millones - Dólares estadounidenses corrientes,2025,Dato preliminar,Trimestral,Q3
830,              3.5 Activos de reserva,862.02392241,Millones - Dólares estadounidenses corrientes,2000,Dato revisado,Anual,
830,              3.5 Activos de reserva,212.44663601,Millones - Dólares estadounidenses corrientes,2000,Dato revisado,Trimestral,Q1
830,              3.5 Activos de reserva,101.17974016,Millones - Dólares estadounidenses corrientes,2000,Dato revisado,Trimestral,Q2
830,              3.5 Activos de reserva,317.06442008,Millones - Dólares estadounidenses corrientes,2000,Dato revisado,Trimestral,Q3
830,              3.5 Activos de reserva,231.33312616,Millones - Dólares estadounidenses corrientes,2000,Dato revisado,Trimestral,Q4
830,              3.5 Activos de reserva,1225.88829159,Millones - Dólares estadounidenses corrientes,2001,Dato revisado,Anual,
830,              3.5 Activos de reserva,322.97745309,Millones - Dólares estadounidenses corrientes,2001,Dato revisado,Trimestral,Q1
830,              3.5 Activos de reserva,67.23416818,Millones - Dólares estadounidenses corrientes,2001,Dato revisado,Trimestral,Q2
830,              3.5 Activos de reserva,199.00553535,Millones - Dólares estadounidenses corrientes,2001,Dato revisado,Trimestral,Q3
830,              3.5 Activos de reserva,636.67113497,Millones - Dólares estadounidenses corrientes,2001,Dato revisado,Trimestral,Q4
830,              3.5 Activos de reserva,138.73221417,Millones - Dólares estadounidenses corrientes,2002,Dato revisado,Anual,
830,              3.5 Activos de reserva,102.73142608,Millones - Dólares estadounidenses corrientes,2002,Dato revisado,Trimestral,Q1
830,              3.5 Activos de reserva,262.25466795,Millones - Dólares estadounidenses corrientes,2002,Dato revisado,Trimestral,Q2
830,              3.5 Activos de reserva,-244.6490916,Millones - Dólares estadounidenses corrientes,2002,Dato revisado,Trimestral,Q3
830,              3.5 Activos de reserva,18.39521174,Millones - Dólares estadounidenses corrientes,2002,Dato revisado,Trimestral,Q4
830,              3.5 Activos de reserva,-188.17185514,Millones - Dólares estadounidenses corrientes,2003,Dato revisado,Anual,
830,              3.5 Activos de reserva,-270.1672294,Millones - Dólares estadounidenses corrientes,2003,Dato revisado,Trimestral,Q1
830,              3.5 Activos de reserva,-198.0137969,Millones - Dólares estadounidenses corrientes,2003,Dato revisado,Trimestral,Q2
830,              3.5 Activos de reserva,329.31675787,Millones - Dólares estadounidenses corrientes,2003,Dato revisado,Trimestral,Q3
830,              3.5 Activos de reserva,-49.30758671,Millones - Dólares estadounidenses corrientes,2003,Dato revisado,Trimestral,Q4
830,              3.5 Activos de reserva,2470.08554117,Millones - Dólares estadounidenses corrientes,2004,Dato revisado,Anual,
830,              3.5 Activos de reserva,417.04688086,Millones - Dólares estadounidenses corrientes,2004,Dato revisado,Trimestral,Q1
830,              3.5 Activos de reserva,386.52715133,Millones - Dólares estadounidenses corrientes,2004,Dato revisado,Trimestral,Q2
830,              3.5 Activos de reserva,483.05570398,Millones - Dólares estadounidenses corrientes,2004,Dato revisado,Trimestral,Q3
830,              3.5 Activos de reserva,1183.455805,Millones - Dólares estadounidenses corrientes,2004,Dato revisado,Trimestral,Q4
830,              3.5 Activos de reserva,1726.14705837,Millones - Dólares estadounidenses corrientes,2005,Dato revisado,Anual,
830,              3.5 Activos de reserva,-528.9856079,Millones - Dólares estadounidenses corrientes,2005,Dato revisado,Trimestral,Q1
830,              3.5 Activos de reserva,991.59039554,Millones - Dólares estadounidenses corrientes,2005,Dato revisado,Trimestral,Q2
830,              3.5 Activos de reserva,1259.5859103,Millones - Dólares estadounidenses corrientes,2005,Dato revisado,Trimestral,Q3
830,              3.5 Activos de reserva,3.95636043,Millones - Dólares estadounidenses corrientes,2005,Dato revisado,Trimestral,Q4
830,              3.5 Activos de reserva,32.70569972,Millones - Dólares estadounidenses corrientes,2006,Dato revisado,Anual,
830,              3.5 Activos de reserva,215.68209866,Millones - Dólares estadounidenses corrientes,2006,Dato revisado,Trimestral,Q1
830,              3.5 Activos de reserva,-869.5967613,Millones - Dólares estadounidenses corrientes,2006,Dato revisado,Trimestral,Q2
830,              3.5 Activos de reserva,427.40918956,Millones - Dólares estadounidenses corrientes,2006,Dato revisado,Trimestral,Q3
830,              3.5 Activos de reserva,259.2111728,Millones - Dólares estadounidenses corrientes,2006,Dato revisado,Trimestral,Q4
830,              3.5 Activos de reserva,4688.64200014,Millones - Dólares estadounidenses corrientes,2007,Dato revisado,Anual,
830,              3.5 Activos de reserva,3428.9953323,Millones - Dólares estadounidenses corrientes,2007,Dato revisado,Trimestral,Q1
830,              3.5 Activos de reserva,1025.1783728,Millones - Dólares estadounidenses corrientes,2007,Dato revisado,Trimestral,Q2
830,              3.5 Activos de reserva,97.04107801,Millones - Dólares estadounidenses corrientes,2007,Dato revisado,Trimestral,Q3
830,              3.5 Activos de reserva,137.42721703,Millones - Dólares estadounidenses corrientes,2007,Dato revisado,Trimestral,Q4
830,              3.5 Activos de reserva,2575.55982718,Millones - Dólares estadounidenses corrientes,2008,Dato revisado,Anual,
830,              3.5 Activos de reserva,671.45433224,Millones - Dólares estadounidenses corrientes,2008,Dato revisado,Trimestral,Q1
830,              3.5 Activos de reserva,949.14624004,Millones - Dólares estadounidenses corrientes,2008,Dato revisado,Trimestral,Q2
830,              3.5 Activos de reserva,1441.6108811,Millones - Dólares estadounidenses corrientes,2008,Dato revisado,Trimestral,Q3
830,              3.5 Activos de reserva,-486.6516262,Millones - Dólares estadounidenses corrientes,2008,Dato revisado,Trimestral,Q4
830,              3.5 Activos de reserva,1451.11131542,Millones - Dólares estadounidenses corrientes,2009,Dato revisado,Anual,
830,              3.5 Activos de reserva,84.10984385,Millones - Dólares estadounidenses corrientes,2009,Dato revisado,Trimestral,Q1
830,              3.5 Activos de reserva,-205.6136994,Millones - Dólares estadounidenses corrientes,2009,Dato revisado,Trimestral,Q2
830,              3.5 Activos de reserva,1255.2500193,Millones - Dólares estadounidenses corrientes,2009,Dato revisado,Trimestral,Q3
830,              3.5 Activos de reserva,317.36515167,Millones - Dólares estadounidenses corrientes,2009,Dato revisado,Trimestral,Q4
830,              3.5 Activos de reserva,3142.47335508,Millones - Dólares estadounidenses corrientes,2010,Dato revisado,Anual,
830,              3.5 Activos de reserva,367.63684909,Millones - Dólares estadounidenses corrientes,2010,Dato revisado,Trimestral,Q1
830,              3.5 Activos de reserva,1141.1969793,Millones - Dólares estadounidenses corrientes,2010,Dato revisado,Trimestral,Q2
830,              3.5 Activos de reserva,440.23780569,Millones - Dólares estadounidenses corrientes,2010,Dato revisado,Trimestral,Q3
830,              3.5 Activos de reserva,1193.401721,Millones - Dólares estadounidenses corrientes,2010,Dato revisado,Trimestral,Q4
830,              3.5 Activos de reserva,3742.15371437,Millones - Dólares estadounidenses corrientes,2011,Dato revisado,Anual,
830,              3.5 Activos de reserva,1206.1008303,Millones - Dólares estadounidenses corrientes,2011,Dato revisado,Trimestral,Q1
830,              3.5 Activos de reserva,1229.6305938,Millones - Dólares estadounidenses corrientes,2011,Dato revisado,Trimestral,Q2
830,              3.5 Activos de reserva,1322.5851774,Millones - Dólares estadounidenses corrientes,2011,Dato revisado,Trimestral,Q3
830,              3.5 Activos de reserva,-16.16288713,Millones - Dólares estadounidenses corrientes,2011,Dato revisado,Trimestral,Q4
830,              3.5 Activos de reserva,5405.652396,Millones - Dólares estadounidenses corrientes,2012,Dato revisado,Anual,
830,              3.5 Activos de reserva,830.955183,Millones - Dólares estadounidenses corrientes,2012,Dato revisado,Trimestral,Q1
830,              3.5 Activos de reserva,1369.7329346,Millones - Dólares estadounidenses corrientes,2012,Dato revisado,Trimestral,Q2
830,              3.5 Activos de reserva,1437.9023014,Millones - Dólares estadounidenses corrientes,2012,Dato revisado,Trimestral,Q3
830,              3.5 Activos de reserva,1767.061977,Millones - Dólares estadounidenses corrientes,2012,Dato revisado,Trimestral,Q4
830,              3.5 Activos de reserva,6946.23494086,Millones - Dólares estadounidenses corrientes,2013,Dato revisado,Anual,
830,              3.5 Activos de reserva,2069.5044145,Millones - Dólares estadounidenses corrientes,2013,Dato revisado,Trimestral,Q1
830,              3.5 Activos de reserva,2049.7060949,Millones - Dólares estadounidenses corrientes,2013,Dato revisado,Trimestral,Q2
830,              3.5 Activos de reserva,2037.4908959,Millones - Dólares estadounidenses corrientes,2013,Dato revisado,Trimestral,Q3
830,              3.5 Activos de reserva,789.53353556,Millones - Dólares estadounidenses corrientes,2013,Dato revisado,Trimestral,Q4
830,              3.5 Activos de reserva,4436.57784031,Millones - Dólares estadounidenses corrientes,2014,Dato revisado,Anual,
830,              3.5 Activos de reserva,676.90686616,Millones - Dólares estadounidenses corrientes,2014,Dato revisado,Trimestral,Q1
830,              3.5 Activos de reserva,1114.4372536,Millones - Dólares estadounidenses corrientes,2014,Dato revisado,Trimestral,Q2
830,              3.5 Activos de reserva,2099.7186821,Millones - Dólares estadounidenses corrientes,2014,Dato revisado,Trimestral,Q3
830,              3.5 Activos de reserva,545.51503845,Millones - Dólares estadounidenses corrientes,2014,Dato revisado,Trimestral,Q4
830,              3.5 Activos de reserva,415.35177961,Millones - Dólares estadounidenses corrientes,2015,Dato revisado,Anual,
830,              3.5 Activos de reserva,68.71457347,Millones - Dólares estadounidenses corrientes,2015,Dato revisado,Trimestral,Q1
830,              3.5 Activos de reserva,95.93842058,Millones - Dólares estadounidenses corrientes,2015,Dato revisado,Trimestral,Q2
830,              3.5 Activos de reserva,123.98095428,Millones - Dólares estadounidenses corrientes,2015,Dato revisado,Trimestral,Q3
830,              3.5 Activos de reserva,126.71783128,Millones - Dólares estadounidenses corrientes,2015,Dato revisado,Trimestral,Q4
830,              3.5 Activos de reserva,165.12068167,Millones - Dólares estadounidenses corrientes,2016,Dato revisado,Anual,
830,              3.5 Activos de reserva,98.23406838,Millones - Dólares estadounidenses corrientes,2016,Dato revisado,Trimestral,Q1
830,              3.5 Activos de reserva,-154.9420875,Millones - Dólares estadounidenses corrientes,2016,Dato revisado,Trimestral,Q2
830,              3.5 Activos de reserva,85.4864342,Millones - Dólares estadounidenses corrientes,2016,Dato revisado,Trimestral,Q3
830,              3.5 Activos de reserva,136.34226659,Millones - Dólares estadounidenses corrientes,2016,Dato revisado,Trimestral,Q4
830,              3.5 Activos de reserva,545.11313341,Millones - Dólares estadounidenses corrientes,2017,Dato revisado,Anual,
830,              3.5 Activos de reserva,92.81878938,Millones - Dólares estadounidenses corrientes,2017,Dato revisado,Trimestral,Q1
830,              3.5 Activos de reserva,154.24255988,Millones - Dólares estadounidenses corrientes,2017,Dato revisado,Trimestral,Q2
830,              3.5 Activos de reserva,125.54685624,Millones - Dólares estadounidenses corrientes,2017,Dato revisado,Trimestral,Q3
830,              3.5 Activos de reserva,172.50492791,Millones - Dólares estadounidenses corrientes,2017,Dato revisado,Trimestral,Q4
830,              3.5 Activos de reserva,1186.8525485,Millones - Dólares estadounidenses corrientes,2018,Dato revisado,Anual,
830,              3.5 Activos de reserva,136.81381924,Millones - Dólares estadounidenses corrientes,2018,Dato revisado,Trimestral,Q1
830,              3.5 Activos de reserva,149.58389066,Millones - Dólares estadounidenses corrientes,2018,Dato revisado,Trimestral,Q2
830,              3.5 Activos de reserva,168.83693705,Millones - Dólares estadounidenses corrientes,2018,Dato revisado,Trimestral,Q3
830,              3.5 Activos de reserva,731.61790155,Millones - Dólares estadounidenses corrientes,2018,Dato revisado,Trimestral,Q4
830,              3.5 Activos de reserva,3333.1642488,Millones - Dólares estadounidenses corrientes,2019,Dato revisado,Anual,
830,              3.5 Activos de reserva,2350.9154936,Millones - Dólares estadounidenses corrientes,2019,Dato revisado,Trimestral,Q1
830,              3.5 Activos de reserva,526.46401599,Millones - Dólares estadounidenses corrientes,2019,Dato revisado,Trimestral,Q2
830,              3.5 Activos de reserva,253.63984415,Millones - Dólares estadounidenses corrientes,2019,Dato revisado,Trimestral,Q3
830,              3.5 Activos de reserva,202.14489506,Millones - Dólares estadounidenses corrientes,2019,Dato revisado,Trimestral,Q4
830,              3.5 Activos de reserva,4328.49580415,Millones - Dólares estadounidenses corrientes,2020,Dato revisado,Anual,
830,              3.5 Activos de reserva,-171.1781648,Millones - Dólares estadounidenses corrientes,2020,Dato revisado,Trimestral,Q1
830,              3.5 Activos de reserva,2589.8033724,Millones - Dólares estadounidenses corrientes,2020,Dato revisado,Trimestral,Q2
830,              3.5 Activos de reserva,205.13798645,Millones - Dólares estadounidenses corrientes,2020,Dato revisado,Trimestral,Q3
830,              3.5 Activos de reserva,1704.7326101,Millones - Dólares estadounidenses corrientes,2020,Dato revisado,Trimestral,Q4
830,              3.5 Activos de reserva,653.5451721,Millones - Dólares estadounidenses corrientes,2021,Dato revisado,Anual,
830,              3.5 Activos de reserva,190.127687,Millones - Dólares estadounidenses corrientes,2021,Dato revisado,Trimestral,Q1
830,              3.5 Activos de reserva,173.98878265,Millones - Dólares estadounidenses corrientes,2021,Dato revisado,Trimestral,Q2
830,              3.5 Activos de reserva,154.45625245,Millones - Dólares estadounidenses corrientes,2021,Dato revisado,Trimestral,Q3
830,              3.5 Activos de reserva,134.97245,Millones - Dólares estadounidenses corrientes,2021,Dato revisado,Trimestral,Q4
830,              3.5 Activos de reserva,570.89089449,Millones - Dólares estadounidenses corrientes,2022,Dato revisado,Anual,
830,              3.5 Activos de reserva,126.94617491,Millones - Dólares estadounidenses corrientes,2022,Dato revisado,Trimestral,Q1
830,              3.5 Activos de reserva,74.07856108,Millones - Dólares estadounidenses corrientes,2022,Dato revisado,Trimestral,Q2
830,              3.5 Activos de reserva,159.38365881,Millones - Dólares estadounidenses corrientes,2022,Dato revisado,Trimestral,Q3
830,              3.5 Activos de reserva,210.48249969,Millones - Dólares estadounidenses corrientes,2022,Dato revisado,Trimestral,Q4
830,              3.5 Activos de reserva,1718.38795211,Millones - Dólares estadounidenses corrientes,2023,Dato provisional,Anual,
830,              3.5 Activos de reserva,365.72011872,Millones - Dólares estadounidenses corrientes,2023,Dato provisional,Trimestral,Q1
830,              3.5 Activos de reserva,399.08935856,Millones - Dólares estadounidenses corrientes,2023,Dato provisional,Trimestral,Q2
830,              3.5 Activos de reserva,457.47194811,Millones - Dólares estadounidenses corrientes,2023,Dato provisional,Trimestral,Q3
830,              3.5 Activos de reserva,496.10652672,Millones - Dólares estadounidenses corrientes,2023,Dato provisional,Trimestral,Q4
830,              3.5 Activos de reserva,3593.31396618,Millones - Dólares estadounidenses corrientes,2024,Dato provisional,Anual,
830,              3.5 Activos de reserva,951.37462549,Millones - Dólares estadounidenses corrientes,2024,Dato provisional,Trimestral,Q1
830,              3.5 Activos de reserva,914.45394585,Millones - Dólares estadounidenses corrientes,2024,Dato provisional,Trimestral,Q2
830,              3.5 Activos de reserva,1045.522539,Millones - Dólares estadounidenses corrientes,2024,Dato provisional,Trimestral,Q3
830,              3.5 Activos de reserva,681.96285584,Millones - Dólares estadounidenses corrientes,2024,Dato provisional,Trimestral,Q4
830,              3.5 Activos de reserva,1622.32654351,Millones - Dólares estadounidenses corrientes,2025,Dato preliminar,Anual,
830,              3.5 Activos de reserva,563.57734722,Millones - Dólares estadounidenses corrientes,2025,Dato preliminar,Trimestral,Q1
830,              3.5 Activos de reserva,524.584697,Millones - Dólares estadounidenses corrientes,2025,Dato preliminar,Trimestral,Q2
830,              3.5 Activos de reserva,534.16449929,Millones - Dólares estadounidenses corrientes,2025,Dato preliminar,Trimestral,Q3
847,    Errores y omisiones netos,4.252749824,Millones - Dólares estadounidenses corrientes,2000,Dato revisado,Anual,
847,    Errores y omisiones netos,213.65057648,Millones - Dólares estadounidenses corrientes,2000,Dato revisado,Trimestral,Q1
847,    Errores y omisiones netos,96.178937674,Millones - Dólares estadounidenses corrientes,2000,Dato revisado,Trimestral,Q2
847,    Errores y omisiones netos,-3.56578893,Millones - Dólares estadounidenses corrientes,2000,Dato revisado,Trimestral,Q3
847,    Errores y omisiones netos,-302.0109754,Millones - Dólares estadounidenses corrientes,2000,Dato revisado,Trimestral,Q4
847,    Errores y omisiones netos,-188.386196863,Millones - Dólares estadounidenses corrientes,2001,Dato revisado,Anual,
847,    Errores y omisiones netos,47.314685007,Millones - Dólares estadounidenses corrientes,2001,Dato revisado,Trimestral,Q1
847,    Errores y omisiones netos,-118.3385434,Millones - Dólares estadounidenses corrientes,2001,Dato revisado,Trimestral,Q2
847,    Errores y omisiones netos,-175.0410961,Millones - Dólares estadounidenses corrientes,2001,Dato revisado,Trimestral,Q3
847,    Errores y omisiones netos,57.67875763,Millones - Dólares estadounidenses corrientes,2001,Dato revisado,Trimestral,Q4
847,    Errores y omisiones netos,123.521690916,Millones - Dólares estadounidenses corrientes,2002,Dato revisado,Anual,
847,    Errores y omisiones netos,142.73214651,Millones - Dólares estadounidenses corrientes,2002,Dato revisado,Trimestral,Q1
847,    Errores y omisiones netos,87.535156716,Millones - Dólares estadounidenses corrientes,2002,Dato revisado,Trimestral,Q2
847,    Errores y omisiones netos,-81.06342858,Millones - Dólares estadounidenses corrientes,2002,Dato revisado,Trimestral,Q3
847,    Errores y omisiones netos,-25.68218373,Millones - Dólares estadounidenses corrientes,2002,Dato revisado,Trimestral,Q4
847,    Errores y omisiones netos,71.43032143,Millones - Dólares estadounidenses corrientes,2003,Dato revisado,Anual,
847,    Errores y omisiones netos,-84.61925036,Millones - Dólares estadounidenses corrientes,2003,Dato revisado,Trimestral,Q1
847,    Errores y omisiones netos,-11.22658321,Millones - Dólares estadounidenses corrientes,2003,Dato revisado,Trimestral,Q2
847,    Errores y omisiones netos,-18.93236843,Millones - Dólares estadounidenses corrientes,2003,Dato revisado,Trimestral,Q3
847,    Errores y omisiones netos,186.20852343,Millones - Dólares estadounidenses corrientes,2003,Dato revisado,Trimestral,Q4
847,    Errores y omisiones netos,59.42530715,Millones - Dólares estadounidenses corrientes,2004,Dato revisado,Anual,
847,    Errores y omisiones netos,145.56968863,Millones - Dólares estadounidenses corrientes,2004,Dato revisado,Trimestral,Q1
847,    Errores y omisiones netos,208.55074357,Millones - Dólares estadounidenses corrientes,2004,Dato revisado,Trimestral,Q2
847,    Errores y omisiones netos,-41.78530765,Millones - Dólares estadounidenses corrientes,2004,Dato revisado,Trimestral,Q3
847,    Errores y omisiones netos,-252.9098174,Millones - Dólares estadounidenses corrientes,2004,Dato revisado,Trimestral,Q4
847,    Errores y omisiones netos,440.507241307,Millones - Dólares estadounidenses corrientes,2005,Dato revisado,Anual,
847,    Errores y omisiones netos,216.37895912,Millones - Dólares estadounidenses corrientes,2005,Dato revisado,Trimestral,Q1
847,    Errores y omisiones netos,86.347474097,Millones - Dólares estadounidenses corrientes,2005,Dato revisado,Trimestral,Q2
847,    Errores y omisiones netos,183.3763359,Millones - Dólares estadounidenses corrientes,2005,Dato revisado,Trimestral,Q3
847,    Errores y omisiones netos,-45.59552781,Millones - Dólares estadounidenses corrientes,2005,Dato revisado,Trimestral,Q4
847,    Errores y omisiones netos,127.421808072,Millones - Dólares estadounidenses corrientes,2006,Dato revisado,Anual,
847,    Errores y omisiones netos,25.577402429,Millones - Dólares estadounidenses corrientes,2006,Dato revisado,Trimestral,Q1
847,    Errores y omisiones netos,92.746677773,Millones - Dólares estadounidenses corrientes,2006,Dato revisado,Trimestral,Q2
847,    Errores y omisiones netos,246.24319417,Millones - Dólares estadounidenses corrientes,2006,Dato revisado,Trimestral,Q3
847,    Errores y omisiones netos,-237.1454663,Millones - Dólares estadounidenses corrientes,2006,Dato revisado,Trimestral,Q4
847,    Errores y omisiones netos,495.05863205,Millones - Dólares estadounidenses corrientes,2007,Dato revisado,Anual,
847,    Errores y omisiones netos,272.27430919,Millones - Dólares estadounidenses corrientes,2007,Dato revisado,Trimestral,Q1
847,    Errores y omisiones netos,142.94483194,Millones - Dólares estadounidenses corrientes,2007,Dato revisado,Trimestral,Q2
847,    Errores y omisiones netos,-92.4090083,Millones - Dólares estadounidenses corrientes,2007,Dato revisado,Trimestral,Q3
847,    Errores y omisiones netos,172.24849922,Millones - Dólares estadounidenses corrientes,2007,Dato revisado,Trimestral,Q4
847,    Errores y omisiones netos,-424.47094075,Millones - Dólares estadounidenses corrientes,2008,Dato revisado,Anual,
847,    Errores y omisiones netos,-243.6598025,Millones - Dólares estadounidenses corrientes,2008,Dato revisado,Trimestral,Q1
847,    Errores y omisiones netos,-112.1696732,Millones - Dólares estadounidenses corrientes,2008,Dato revisado,Trimestral,Q2
847,    Errores y omisiones netos,135.36952485,Millones - Dólares estadounidenses corrientes,2008,Dato revisado,Trimestral,Q3
847,    Errores y omisiones netos,-204.0109899,Millones - Dólares estadounidenses corrientes,2008,Dato revisado,Trimestral,Q4
847,    Errores y omisiones netos,-544.99843541,Millones - Dólares estadounidenses corrientes,2009,Dato revisado,Anual,
847,    Errores y omisiones netos,181.88866249,Millones - Dólares estadounidenses corrientes,2009,Dato revisado,Trimestral,Q1
847,    Errores y omisiones netos,-416.0491047,Millones - Dólares estadounidenses corrientes,2009,Dato revisado,Trimestral,Q2
847,    Errores y omisiones netos,-249.1108109,Millones - Dólares estadounidenses corrientes,2009,Dato revisado,Trimestral,Q3
847,    Errores y omisiones netos,-61.7271823,Millones - Dólares estadounidenses corrientes,2009,Dato revisado,Trimestral,Q4
847,    Errores y omisiones netos,-748.79285238,Millones - Dólares estadounidenses corrientes,2010,Dato revisado,Anual,
847,    Errores y omisiones netos,241.50320239,Millones - Dólares estadounidenses corrientes,2010,Dato revisado,Trimestral,Q1
847,    Errores y omisiones netos,-19.92488137,Millones - Dólares estadounidenses corrientes,2010,Dato revisado,Trimestral,Q2
847,    Errores y omisiones netos,-377.3973279,Millones - Dólares estadounidenses corrientes,2010,Dato revisado,Trimestral,Q3
847,    Errores y omisiones netos,-592.9738455,Millones - Dólares estadounidenses corrientes,2010,Dato revisado,Trimestral,Q4
847,    Errores y omisiones netos,1027.18312873,Millones - Dólares estadounidenses corrientes,2011,Dato revisado,Anual,
847,    Errores y omisiones netos,591.82505816,Millones - Dólares estadounidenses corrientes,2011,Dato revisado,Trimestral,Q1
847,    Errores y omisiones netos,150.48086399,Millones - Dólares estadounidenses corrientes,2011,Dato revisado,Trimestral,Q2
847,    Errores y omisiones netos,478.82078558,Millones - Dólares estadounidenses corrientes,2011,Dato revisado,Trimestral,Q3
847,    Errores y omisiones netos,-193.943579,Millones - Dólares estadounidenses corrientes,2011,Dato revisado,Trimestral,Q4
847,    Errores y omisiones netos,87.114264733,Millones - Dólares estadounidenses corrientes,2012,Dato revisado,Anual,
847,    Errores y omisiones netos,288.94022586,Millones - Dólares estadounidenses corrientes,2012,Dato revisado,Trimestral,Q1
847,    Errores y omisiones netos,42.214801899,Millones - Dólares estadounidenses corrientes,2012,Dato revisado,Trimestral,Q2
847,    Errores y omisiones netos,75.669270574,Millones - Dólares estadounidenses corrientes,2012,Dato revisado,Trimestral,Q3
847,    Errores y omisiones netos,-319.7100336,Millones - Dólares estadounidenses corrientes,2012,Dato revisado,Trimestral,Q4
847,    Errores y omisiones netos,625.51644698,Millones - Dólares estadounidenses corrientes,2013,Dato revisado,Anual,
847,    Errores y omisiones netos,344.51159323,Millones - Dólares estadounidenses corrientes,2013,Dato revisado,Trimestral,Q1
847,    Errores y omisiones netos,313.06124112,Millones - Dólares estadounidenses corrientes,2013,Dato revisado,Trimestral,Q2
847,    Errores y omisiones netos,166.62619403,Millones - Dólares estadounidenses corrientes,2013,Dato revisado,Trimestral,Q3
847,    Errores y omisiones netos,-198.6825814,Millones - Dólares estadounidenses corrientes,2013,Dato revisado,Trimestral,Q4
847,    Errores y omisiones netos,526.489812479,Millones - Dólares estadounidenses corrientes,2014,Dato revisado,Anual,
847,    Errores y omisiones netos,-33.43893475,Millones - Dólares estadounidenses corrientes,2014,Dato revisado,Trimestral,Q1
847,    Errores y omisiones netos,245.08172076,Millones - Dólares estadounidenses corrientes,2014,Dato revisado,Trimestral,Q2
847,    Errores y omisiones netos,37.340991759,Millones - Dólares estadounidenses corrientes,2014,Dato revisado,Trimestral,Q3
847,    Errores y omisiones netos,277.50603471,Millones - Dólares estadounidenses corrientes,2014,Dato revisado,Trimestral,Q4
847,    Errores y omisiones netos,642.501358827,Millones - Dólares estadounidenses corrientes,2015,Dato revisado,Anual,
847,    Errores y omisiones netos,159.99930208,Millones - Dólares estadounidenses corrientes,2015,Dato revisado,Trimestral,Q1
847,    Errores y omisiones netos,86.480079617,Millones - Dólares estadounidenses corrientes,2015,Dato revisado,Trimestral,Q2
847,    Errores y omisiones netos,175.35412423,Millones - Dólares estadounidenses corrientes,2015,Dato revisado,Trimestral,Q3
847,    Errores y omisiones netos,220.6678529,Millones - Dólares estadounidenses corrientes,2015,Dato revisado,Trimestral,Q4
847,    Errores y omisiones netos,247.187857333,Millones - Dólares estadounidenses corrientes,2016,Dato revisado,Anual,
847,    Errores y omisiones netos,-95.10591228,Millones - Dólares estadounidenses corrientes,2016,Dato revisado,Trimestral,Q1
847,    Errores y omisiones netos,-449.2244476,Millones - Dólares estadounidenses corrientes,2016,Dato revisado,Trimestral,Q2
847,    Errores y omisiones netos,75.724221723,Millones - Dólares estadounidenses corrientes,2016,Dato revisado,Trimestral,Q3
847,    Errores y omisiones netos,715.79399549,Millones - Dólares estadounidenses corrientes,2016,Dato revisado,Trimestral,Q4
847,    Errores y omisiones netos,299.44947828,Millones - Dólares estadounidenses corrientes,2017,Dato revisado,Anual,
847,    Errores y omisiones netos,503.09730966,Millones - Dólares estadounidenses corrientes,2017,Dato revisado,Trimestral,Q1
847,    Errores y omisiones netos,-199.048065,Millones - Dólares estadounidenses corrientes,2017,Dato revisado,Trimestral,Q2
847,    Errores y omisiones netos,181.26910092,Millones - Dólares estadounidenses corrientes,2017,Dato revisado,Trimestral,Q3
847,    Errores y omisiones netos,-185.8688673,Millones - Dólares estadounidenses corrientes,2017,Dato revisado,Trimestral,Q4
847,    Errores y omisiones netos,1087.10710232,Millones - Dólares estadounidenses corrientes,2018,Dato revisado,Anual,
847,    Errores y omisiones netos,146.2139239,Millones - Dólares estadounidenses corrientes,2018,Dato revisado,Trimestral,Q1
847,    Errores y omisiones netos,752.42744559,Millones - Dólares estadounidenses corrientes,2018,Dato revisado,Trimestral,Q2
847,    Errores y omisiones netos,-81.10364307,Millones - Dólares estadounidenses corrientes,2018,Dato revisado,Trimestral,Q3
847,    Errores y omisiones netos,269.5693759,Millones - Dólares estadounidenses corrientes,2018,Dato revisado,Trimestral,Q4
847,    Errores y omisiones netos,1510.34120411,Millones - Dólares estadounidenses corrientes,2019,Dato revisado,Anual,
847,    Errores y omisiones netos,300.60947271,Millones - Dólares estadounidenses corrientes,2019,Dato revisado,Trimestral,Q1
847,    Errores y omisiones netos,-114.1794296,Millones - Dólares estadounidenses corrientes,2019,Dato revisado,Trimestral,Q2
847,    Errores y omisiones netos,562.98696477,Millones - Dólares estadounidenses corrientes,2019,Dato revisado,Trimestral,Q3
847,    Errores y omisiones netos,760.92419623,Millones - Dólares estadounidenses corrientes,2019,Dato revisado,Trimestral,Q4
847,    Errores y omisiones netos,1153.349445918,Millones - Dólares estadounidenses corrientes,2020,Dato revisado,Anual,
847,    Errores y omisiones netos,559.93567084,Millones - Dólares estadounidenses corrientes,2020,Dato revisado,Trimestral,Q1
847,    Errores y omisiones netos,24.562002768,Millones - Dólares estadounidenses corrientes,2020,Dato revisado,Trimestral,Q2
847,    Errores y omisiones netos,155.49739511,Millones - Dólares estadounidenses corrientes,2020,Dato revisado,Trimestral,Q3
847,    Errores y omisiones netos,413.3543772,Millones - Dólares estadounidenses corrientes,2020,Dato revisado,Trimestral,Q4
847,    Errores y omisiones netos,1256.27570759,Millones - Dólares estadounidenses corrientes,2021,Dato revisado,Anual,
847,    Errores y omisiones netos,316.07914606,Millones - Dólares estadounidenses corrientes,2021,Dato revisado,Trimestral,Q1
847,    Errores y omisiones netos,286.66530456,Millones - Dólares estadounidenses corrientes,2021,Dato revisado,Trimestral,Q2
847,    Errores y omisiones netos,331.03132463,Millones - Dólares estadounidenses corrientes,2021,Dato revisado,Trimestral,Q3
847,    Errores y omisiones netos,322.49993234,Millones - Dólares estadounidenses corrientes,2021,Dato revisado,Trimestral,Q4
847,    Errores y omisiones netos,387.00802935,Millones - Dólares estadounidenses corrientes,2022,Dato revisado,Anual,
847,    Errores y omisiones netos,354.07386762,Millones - Dólares estadounidenses corrientes,2022,Dato revisado,Trimestral,Q1
847,    Errores y omisiones netos,-199.9795857,Millones - Dólares estadounidenses corrientes,2022,Dato revisado,Trimestral,Q2
847,    Errores y omisiones netos,364.62382763,Millones - Dólares estadounidenses corrientes,2022,Dato revisado,Trimestral,Q3
847,    Errores y omisiones netos,-131.7100802,Millones - Dólares estadounidenses corrientes,2022,Dato revisado,Trimestral,Q4
847,    Errores y omisiones netos,434.66326465,Millones - Dólares estadounidenses corrientes,2023,Dato provisional,Anual,
847,    Errores y omisiones netos,207.72327784,Millones - Dólares estadounidenses corrientes,2023,Dato provisional,Trimestral,Q1
847,    Errores y omisiones netos,-627.1863677,Millones - Dólares estadounidenses corrientes,2023,Dato provisional,Trimestral,Q2
847,    Errores y omisiones netos,156.74757356,Millones - Dólares estadounidenses corrientes,2023,Dato provisional,Trimestral,Q3
847,    Errores y omisiones netos,697.37878095,Millones - Dólares estadounidenses corrientes,2023,Dato provisional,Trimestral,Q4
847,    Errores y omisiones netos,1302.84878852,Millones - Dólares estadounidenses corrientes,2024,Dato provisional,Anual,
847,    Errores y omisiones netos,105.37425455,Millones - Dólares estadounidenses corrientes,2024,Dato provisional,Trimestral,Q1
847,    Errores y omisiones netos,327.42845799,Millones - Dólares estadounidenses corrientes,2024,Dato provisional,Trimestral,Q2
847,    Errores y omisiones netos,578.15096413,Millones - Dólares estadounidenses corrientes,2024,Dato provisional,Trimestral,Q3
847,    Errores y omisiones netos,291.89511185,Millones - Dólares estadounidenses corrientes,2024,Dato provisional,Trimestral,Q4
847,    Errores y omisiones netos,1359.92015969,Millones - Dólares estadounidenses corrientes,2025,Dato preliminar,Anual,
847,    Errores y omisiones netos,282.24782289,Millones - Dólares estadounidenses corrientes,2025,Dato preliminar,Trimestral,Q1
847,    Errores y omisiones netos,456.41429186,Millones - Dólares estadounidenses corrientes,2025,Dato preliminar,Trimestral,Q2
847,    Errores y omisiones netos,621.25804494,Millones - Dólares estadounidenses corrientes,2025,Dato preliminar,Trimestral,Q3
848,Memorándum Cuenta financiera excluyendo activos de reserva,-12.367089521,Millones - Dólares estadounidenses corrientes,2000,Dato revisado,Anual,
848,Memorándum Cuenta financiera excluyendo activos de reserva,92.36253766,Millones - Dólares estadounidenses corrientes,2000,Dato revisado,Trimestral,Q1
848,Memorándum Cuenta financiera excluyendo activos de reserva,72.49332499,Millones - Dólares estadounidenses corrientes,2000,Dato revisado,Trimestral,Q2
848,Memorándum Cuenta financiera excluyendo activos de reserva,42.763939,Millones - Dólares estadounidenses corrientes,2000,Dato revisado,Trimestral,Q3
848,Memorándum Cuenta financiera excluyendo activos de reserva,-219.986891171,Millones - Dólares estadounidenses corrientes,2000,Dato revisado,Trimestral,Q4
848,Memorándum Cuenta financiera excluyendo activos de reserva,-2454.60240919,Millones - Dólares estadounidenses corrientes,2001,Dato revisado,Anual,
848,Memorándum Cuenta financiera excluyendo activos de reserva,-753.20163199,Millones - Dólares estadounidenses corrientes,2001,Dato revisado,Trimestral,Q1
848,Memorándum Cuenta financiera excluyendo activos de reserva,-476.49290888,Millones - Dólares estadounidenses corrientes,2001,Dato revisado,Trimestral,Q2
848,Memorándum Cuenta financiera excluyendo activos de reserva,-396.82951965,Millones - Dólares estadounidenses corrientes,2001,Dato revisado,Trimestral,Q3
848,Memorándum Cuenta financiera excluyendo activos de reserva,-828.07834867,Millones - Dólares estadounidenses corrientes,2001,Dato revisado,Trimestral,Q4
848,Memorándum Cuenta financiera excluyendo activos de reserva,-1304.41319305,Millones - Dólares estadounidenses corrientes,2002,Dato revisado,Anual,
848,Memorándum Cuenta financiera excluyendo activos de reserva,-195.59718256,Millones - Dólares estadounidenses corrientes,2002,Dato revisado,Trimestral,Q1
848,Memorándum Cuenta financiera excluyendo activos de reserva,-523.53713125,Millones - Dólares estadounidenses corrientes,2002,Dato revisado,Trimestral,Q2
848,Memorándum Cuenta financiera excluyendo activos de reserva,-141.7664077,Millones - Dólares estadounidenses corrientes,2002,Dato revisado,Trimestral,Q3
848,Memorándum Cuenta financiera excluyendo activos de reserva,-443.51247154,Millones - Dólares estadounidenses corrientes,2002,Dato revisado,Trimestral,Q4
848,Memorándum Cuenta financiera excluyendo activos de reserva,-652.402207773,Millones - Dólares estadounidenses corrientes,2003,Dato revisado,Anual,
848,Memorándum Cuenta financiera excluyendo activos de reserva,-419.8738063,Millones - Dólares estadounidenses corrientes,2003,Dato revisado,Trimestral,Q1
848,Memorándum Cuenta financiera excluyendo activos de reserva,116.52921974,Millones - Dólares estadounidenses corrientes,2003,Dato revisado,Trimestral,Q2
848,Memorándum Cuenta financiera excluyendo activos de reserva,-288.889878023,Millones - Dólares estadounidenses corrientes,2003,Dato revisado,Trimestral,Q3
848,Memorándum Cuenta financiera excluyendo activos de reserva,-60.16774319,Millones - Dólares estadounidenses corrientes,2003,Dato revisado,Trimestral,Q4
848,Memorándum Cuenta financiera excluyendo activos de reserva,-3185.216184947,Millones - Dólares estadounidenses corrientes,2004,Dato revisado,Anual,
848,Memorándum Cuenta financiera excluyendo activos de reserva,-862.62227076,Millones - Dólares estadounidenses corrientes,2004,Dato revisado,Trimestral,Q1
848,Memorándum Cuenta financiera excluyendo activos de reserva,-388.200861479,Millones - Dólares estadounidenses corrientes,2004,Dato revisado,Trimestral,Q2
848,Memorándum Cuenta financiera excluyendo activos de reserva,-405.547215708,Millones - Dólares estadounidenses corrientes,2004,Dato revisado,Trimestral,Q3
848,Memorándum Cuenta financiera excluyendo activos de reserva,-1528.845837,Millones - Dólares estadounidenses corrientes,2004,Dato revisado,Trimestral,Q4
848,Memorándum Cuenta financiera excluyendo activos de reserva,-3233.40258527,Millones - Dólares estadounidenses corrientes,2005,Dato revisado,Anual,
848,Memorándum Cuenta financiera excluyendo activos de reserva,193.852419,Millones - Dólares estadounidenses corrientes,2005,Dato revisado,Trimestral,Q1
848,Memorándum Cuenta financiera excluyendo activos de reserva,-1190.51140984,Millones - Dólares estadounidenses corrientes,2005,Dato revisado,Trimestral,Q2
848,Memorándum Cuenta financiera excluyendo activos de reserva,-1953.5522281,Millones - Dólares estadounidenses corrientes,2005,Dato revisado,Trimestral,Q3
848,Memorándum Cuenta financiera excluyendo activos de reserva,-283.19136633,Millones - Dólares estadounidenses corrientes,2005,Dato revisado,Trimestral,Q4
848,Memorándum Cuenta financiera excluyendo activos de reserva,-2896.32041562,Millones - Dólares estadounidenses corrientes,2006,Dato revisado,Anual,
848,Memorándum Cuenta financiera excluyendo activos de reserva,-859.45105716,Millones - Dólares estadounidenses corrientes,2006,Dato revisado,Trimestral,Q1
848,Memorándum Cuenta financiera excluyendo activos de reserva,254.9565964,Millones - Dólares estadounidenses corrientes,2006,Dato revisado,Trimestral,Q2
848,Memorándum Cuenta financiera excluyendo activos de reserva,-956.18924806,Millones - Dólares estadounidenses corrientes,2006,Dato revisado,Trimestral,Q3
848,Memorándum Cuenta financiera excluyendo activos de reserva,-1335.6367068,Millones - Dólares estadounidenses corrientes,2006,Dato revisado,Trimestral,Q4
848,Memorándum Cuenta financiera excluyendo activos de reserva,-10343.22235594,Millones - Dólares estadounidenses corrientes,2007,Dato revisado,Anual,
848,Memorándum Cuenta financiera excluyendo activos de reserva,-5248.0560743,Millones - Dólares estadounidenses corrientes,2007,Dato revisado,Trimestral,Q1
848,Memorándum Cuenta financiera excluyendo activos de reserva,-2335.8763908,Millones - Dólares estadounidenses corrientes,2007,Dato revisado,Trimestral,Q2
848,Memorándum Cuenta financiera excluyendo activos de reserva,-1652.31024901,Millones - Dólares estadounidenses corrientes,2007,Dato revisado,Trimestral,Q3
848,Memorándum Cuenta financiera excluyendo activos de reserva,-1106.97964183,Millones - Dólares estadounidenses corrientes,2007,Dato revisado,Trimestral,Q4
848,Memorándum Cuenta financiera excluyendo activos de reserva,-9497.31650918,Millones - Dólares estadounidenses corrientes,2008,Dato revisado,Anual,
848,Memorándum Cuenta financiera excluyendo activos de reserva,-2227.40751824,Millones - Dólares estadounidenses corrientes,2008,Dato revisado,Trimestral,Q1
848,Memorándum Cuenta financiera excluyendo activos de reserva,-2218.66667804,Millones - Dólares estadounidenses corrientes,2008,Dato revisado,Trimestral,Q2
848,Memorándum Cuenta financiera excluyendo activos de reserva,-2967.3210131,Millones - Dólares estadounidenses corrientes,2008,Dato revisado,Trimestral,Q3
848,Memorándum Cuenta financiera excluyendo activos de reserva,-2083.9212998,Millones - Dólares estadounidenses corrientes,2008,Dato revisado,Trimestral,Q4
848,Memorándum Cuenta financiera excluyendo activos de reserva,-6429.12067722,Millones - Dólares estadounidenses corrientes,2009,Dato revisado,Anual,
848,Memorándum Cuenta financiera excluyendo activos de reserva,-834.40021565,Millones - Dólares estadounidenses corrientes,2009,Dato revisado,Trimestral,Q1
848,Memorándum Cuenta financiera excluyendo activos de reserva,-971.3561436,Millones - Dólares estadounidenses corrientes,2009,Dato revisado,Trimestral,Q2
848,Memorándum Cuenta financiera excluyendo activos de reserva,-2800.6305943,Millones - Dólares estadounidenses corrientes,2009,Dato revisado,Trimestral,Q3
848,Memorándum Cuenta financiera excluyendo activos de reserva,-1822.73372367,Millones - Dólares estadounidenses corrientes,2009,Dato revisado,Trimestral,Q4
848,Memorándum Cuenta financiera excluyendo activos de reserva,-12474.28040508,Millones - Dólares estadounidenses corrientes,2010,Dato revisado,Anual,
848,Memorándum Cuenta financiera excluyendo activos de reserva,-1386.95440709,Millones - Dólares estadounidenses corrientes,2010,Dato revisado,Trimestral,Q1
848,Memorándum Cuenta financiera excluyendo activos de reserva,-2566.8774343,Millones - Dólares estadounidenses corrientes,2010,Dato revisado,Trimestral,Q2
848,Memorándum Cuenta financiera excluyendo activos de reserva,-4027.98477569,Millones - Dólares estadounidenses corrientes,2010,Dato revisado,Trimestral,Q3
848,Memorándum Cuenta financiera excluyendo activos de reserva,-4492.463788,Millones - Dólares estadounidenses corrientes,2010,Dato revisado,Trimestral,Q4
848,Memorándum Cuenta financiera excluyendo activos de reserva,-12449.47237937,Millones - Dólares estadounidenses corrientes,2011,Dato revisado,Anual,
848,Memorándum Cuenta financiera excluyendo activos de reserva,-2617.2415553,Millones - Dólares estadounidenses corrientes,2011,Dato revisado,Trimestral,Q1
848,Memorándum Cuenta financiera excluyendo activos de reserva,-2805.2607878,Millones - Dólares estadounidenses corrientes,2011,Dato revisado,Trimestral,Q2
848,Memorándum Cuenta financiera excluyendo activos de reserva,-3874.6114814,Millones - Dólares estadounidenses corrientes,2011,Dato revisado,Trimestral,Q3
848,Memorándum Cuenta financiera excluyendo activos de reserva,-3152.35855487,Millones - Dólares estadounidenses corrientes,2011,Dato revisado,Trimestral,Q4
848,Memorándum Cuenta financiera excluyendo activos de reserva,-16958.537182,Millones - Dólares estadounidenses corrientes,2012,Dato revisado,Anual,
848,Memorándum Cuenta financiera excluyendo activos de reserva,-2380.276616,Millones - Dólares estadounidenses corrientes,2012,Dato revisado,Trimestral,Q1
848,Memorándum Cuenta financiera excluyendo activos de reserva,-4562.9771176,Millones - Dólares estadounidenses corrientes,2012,Dato revisado,Trimestral,Q2
848,Memorándum Cuenta financiera excluyendo activos de reserva,-4958.4755704,Millones - Dólares estadounidenses corrientes,2012,Dato revisado,Trimestral,Q3
848,Memorándum Cuenta financiera excluyendo activos de reserva,-5056.807878,Millones - Dólares estadounidenses corrientes,2012,Dato revisado,Trimestral,Q4
848,Memorándum Cuenta financiera excluyendo activos de reserva,-18685.84824386,Millones - Dólares estadounidenses corrientes,2013,Dato revisado,Anual,
848,Memorándum Cuenta financiera excluyendo activos de reserva,-5164.1510515,Millones - Dólares estadounidenses corrientes,2013,Dato revisado,Trimestral,Q1
848,Memorándum Cuenta financiera excluyendo activos de reserva,-3942.5891989,Millones - Dólares estadounidenses corrientes,2013,Dato revisado,Trimestral,Q2
848,Memorándum Cuenta financiera excluyendo activos de reserva,-5467.0841559,Millones - Dólares estadounidenses corrientes,2013,Dato revisado,Trimestral,Q3
848,Memorándum Cuenta financiera excluyendo activos de reserva,-4112.02383756,Millones - Dólares estadounidenses corrientes,2013,Dato revisado,Trimestral,Q4
848,Memorándum Cuenta financiera excluyendo activos de reserva,-23728.63366031,Millones - Dólares estadounidenses corrientes,2014,Dato revisado,Anual,
848,Memorándum Cuenta financiera excluyendo activos de reserva,-4835.05732716,Millones - Dólares estadounidenses corrientes,2014,Dato revisado,Trimestral,Q1
848,Memorándum Cuenta financiera excluyendo activos de reserva,-5058.6400486,Millones - Dólares estadounidenses corrientes,2014,Dato revisado,Trimestral,Q2
848,Memorándum Cuenta financiera excluyendo activos de reserva,-7095.7835821,Millones - Dólares estadounidenses corrientes,2014,Dato revisado,Trimestral,Q3
848,Memorándum Cuenta financiera excluyendo activos de reserva,-6739.15270245,Millones - Dólares estadounidenses corrientes,2014,Dato revisado,Trimestral,Q4
848,Memorándum Cuenta financiera excluyendo activos de reserva,-18475.08008061,Millones - Dólares estadounidenses corrientes,2015,Dato revisado,Anual,
848,Memorándum Cuenta financiera excluyendo activos de reserva,-5200.64428647,Millones - Dólares estadounidenses corrientes,2015,Dato revisado,Trimestral,Q1
848,Memorándum Cuenta financiera excluyendo activos de reserva,-4435.83251958,Millones - Dólares estadounidenses corrientes,2015,Dato revisado,Trimestral,Q2
848,Memorándum Cuenta financiera excluyendo activos de reserva,-5004.40011228,Millones - Dólares estadounidenses corrientes,2015,Dato revisado,Trimestral,Q3
848,Memorándum Cuenta financiera excluyendo activos de reserva,-3834.20316228,Millones - Dólares estadounidenses corrientes,2015,Dato revisado,Trimestral,Q4
848,Memorándum Cuenta financiera excluyendo activos de reserva,-12504.49439967,Millones - Dólares estadounidenses corrientes,2016,Dato revisado,Anual,
848,Memorándum Cuenta financiera excluyendo activos de reserva,-3718.13033938,Millones - Dólares estadounidenses corrientes,2016,Dato revisado,Trimestral,Q1
848,Memorándum Cuenta financiera excluyendo activos de reserva,-3088.6991515,Millones - Dólares estadounidenses corrientes,2016,Dato revisado,Trimestral,Q2
848,Memorándum Cuenta financiera excluyendo activos de reserva,-3610.9043612,Millones - Dólares estadounidenses corrientes,2016,Dato revisado,Trimestral,Q3
848,Memorándum Cuenta financiera excluyendo activos de reserva,-2086.76054759,Millones - Dólares estadounidenses corrientes,2016,Dato revisado,Trimestral,Q4
848,Memorándum Cuenta financiera excluyendo activos de reserva,-10170.02917141,Millones - Dólares estadounidenses corrientes,2017,Dato revisado,Anual,
848,Memorándum Cuenta financiera excluyendo activos de reserva,-3079.24325738,Millones - Dólares estadounidenses corrientes,2017,Dato revisado,Trimestral,Q1
848,Memorándum Cuenta financiera excluyendo activos de reserva,-2778.84707288,Millones - Dólares estadounidenses corrientes,2017,Dato revisado,Trimestral,Q2
848,Memorándum Cuenta financiera excluyendo activos de reserva,-2504.92603624,Millones - Dólares estadounidenses corrientes,2017,Dato revisado,Trimestral,Q3
848,Memorándum Cuenta financiera excluyendo activos de reserva,-1807.01280491,Millones - Dólares estadounidenses corrientes,2017,Dato revisado,Trimestral,Q4
848,Memorándum Cuenta financiera excluyendo activos de reserva,-14140.7062075,Millones - Dólares estadounidenses corrientes,2018,Dato revisado,Anual,
848,Memorándum Cuenta financiera excluyendo activos de reserva,-3013.15192924,Millones - Dólares estadounidenses corrientes,2018,Dato revisado,Trimestral,Q1
848,Memorándum Cuenta financiera excluyendo activos de reserva,-2868.08651266,Millones - Dólares estadounidenses corrientes,2018,Dato revisado,Trimestral,Q2
848,Memorándum Cuenta financiera excluyendo activos de reserva,-3655.95912805,Millones - Dólares estadounidenses corrientes,2018,Dato revisado,Trimestral,Q3
848,Memorándum Cuenta financiera excluyendo activos de reserva,-4603.50863755,Millones - Dólares estadounidenses corrientes,2018,Dato revisado,Trimestral,Q4
848,Memorándum Cuenta financiera excluyendo activos de reserva,-16631.4910078,Millones - Dólares estadounidenses corrientes,2019,Dato revisado,Anual,
848,Memorándum Cuenta financiera excluyendo activos de reserva,-5870.6611636,Millones - Dólares estadounidenses corrientes,2019,Dato revisado,Trimestral,Q1
848,Memorándum Cuenta financiera excluyendo activos de reserva,-3859.56674599,Millones - Dólares estadounidenses corrientes,2019,Dato revisado,Trimestral,Q2
848,Memorándum Cuenta financiera excluyendo activos de reserva,-3993.29826315,Millones - Dólares estadounidenses corrientes,2019,Dato revisado,Trimestral,Q3
848,Memorándum Cuenta financiera excluyendo activos de reserva,-2907.96483506,Millones - Dólares estadounidenses corrientes,2019,Dato revisado,Trimestral,Q4
848,Memorándum Cuenta financiera excluyendo activos de reserva,-12441.95984615,Millones - Dólares estadounidenses corrientes,2020,Dato revisado,Anual,
848,Memorándum Cuenta financiera excluyendo activos de reserva,-1564.0859052,Millones - Dólares estadounidenses corrientes,2020,Dato revisado,Trimestral,Q1
848,Memorándum Cuenta financiera excluyendo activos de reserva,-4527.3126354,Millones - Dólares estadounidenses corrientes,2020,Dato revisado,Trimestral,Q2
848,Memorándum Cuenta financiera excluyendo activos de reserva,-2062.18594245,Millones - Dólares estadounidenses corrientes,2020,Dato revisado,Trimestral,Q3
848,Memorándum Cuenta financiera excluyendo activos de reserva,-4288.3753631,Millones - Dólares estadounidenses corrientes,2020,Dato revisado,Trimestral,Q4
848,Memorándum Cuenta financiera excluyendo activos de reserva,-17346.6724121,Millones - Dólares estadounidenses corrientes,2021,Dato revisado,Anual,
848,Memorándum Cuenta financiera excluyendo activos de reserva,-2979.141851,Millones - Dólares estadounidenses corrientes,2021,Dato revisado,Trimestral,Q1
848,Memorándum Cuenta financiera excluyendo activos de reserva,-3934.55692065,Millones - Dólares estadounidenses corrientes,2021,Dato revisado,Trimestral,Q2
848,Memorándum Cuenta financiera excluyendo activos de reserva,-4658.25944245,Millones - Dólares estadounidenses corrientes,2021,Dato revisado,Trimestral,Q3
848,Memorándum Cuenta financiera excluyendo activos de reserva,-5774.714198,Millones - Dólares estadounidenses corrientes,2021,Dato revisado,Trimestral,Q4
848,Memorándum Cuenta financiera excluyendo activos de reserva,-21036.55332249,Millones - Dólares estadounidenses corrientes,2022,Dato revisado,Anual,
848,Memorándum Cuenta financiera excluyendo activos de reserva,-5163.67002691,Millones - Dólares estadounidenses corrientes,2022,Dato revisado,Trimestral,Q1
848,Memorándum Cuenta financiera excluyendo activos de reserva,-5025.84901508,Millones - Dólares estadounidenses corrientes,2022,Dato revisado,Trimestral,Q2
848,Memorándum Cuenta financiera excluyendo activos de reserva,-5895.14269881,Millones - Dólares estadounidenses corrientes,2022,Dato revisado,Trimestral,Q3
848,Memorándum Cuenta financiera excluyendo activos de reserva,-4951.89158169,Millones - Dólares estadounidenses corrientes,2022,Dato revisado,Trimestral,Q4
848,Memorándum Cuenta financiera excluyendo activos de reserva,-9566.89429511,Millones - Dólares estadounidenses corrientes,2023,Dato provisional,Anual,
848,Memorándum Cuenta financiera excluyendo activos de reserva,-2956.42811072,Millones - Dólares estadounidenses corrientes,2023,Dato provisional,Trimestral,Q1
848,Memorándum Cuenta financiera excluyendo activos de reserva,-3098.23655556,Millones - Dólares estadounidenses corrientes,2023,Dato provisional,Trimestral,Q2
848,Memorándum Cuenta financiera excluyendo activos de reserva,-1833.70417611,Millones - Dólares estadounidenses corrientes,2023,Dato provisional,Trimestral,Q3
848,Memorándum Cuenta financiera excluyendo activos de reserva,-1678.52545272,Millones - Dólares estadounidenses corrientes,2023,Dato provisional,Trimestral,Q4
848,Memorándum Cuenta financiera excluyendo activos de reserva,-9170.57990818,Millones - Dólares estadounidenses corrientes,2024,Dato provisional,Anual,
848,Memorándum Cuenta financiera excluyendo activos de reserva,-2437.02881649,Millones - Dólares estadounidenses corrientes,2024,Dato provisional,Trimestral,Q1
848,Memorándum Cuenta financiera excluyendo activos de reserva,-1993.89890285,Millones - Dólares estadounidenses corrientes,2024,Dato provisional,Trimestral,Q2
848,Memorándum Cuenta financiera excluyendo activos de reserva,-2070.005421,Millones - Dólares estadounidenses corrientes,2024,Dato provisional,Trimestral,Q3
848,Memorándum Cuenta financiera excluyendo activos de reserva,-2669.64676784,Millones - Dólares estadounidenses corrientes,2024,Dato provisional,Trimestral,Q4
848,Memorándum Cuenta financiera excluyendo activos de reserva,-7414.77659351,Millones - Dólares estadounidenses corrientes,2025,Dato preliminar,Anual,
848,Memorándum Cuenta financiera excluyendo activos de reserva,-2154.51868222,Millones - Dólares estadounidenses corrientes,2025,Dato preliminar,Trimestral,Q1
848,Memorándum Cuenta financiera excluyendo activos de reserva,-2494.319978,Millones - Dólares estadounidenses corrientes,2025,Dato preliminar,Trimestral,Q2
848,Memorándum Cuenta financiera excluyendo activos de reserva,-2765.93793329,Millones - Dólares estadounidenses corrientes,2025,Dato preliminar,Trimestral,Q3