Fecha (dd/mm/aaaa),Orden del plazo,Plazo,Días plazo real,Tipo de aprobación,Tasa efectiva (%),Tasa nominal (%)
01/02/2008,1,Overnight,0,,9.498,8.95
01/03/2008,1,Overnight,0,,9.52,8.97
01/04/2008,1,Overnight,0,,9.495,8.951
01/08/2008,1,Overnight,0,,9.509,8.96
01/09/2008,1,Overnight,0,,9.52,8.97
01/10/2008,1,Overnight,0,,9.525,8.975
01/11/2008,1,Overnight,0,,9.526,8.978
01/14/2008,1,Overnight,0,,9.531,8.98
01/15/2008,1,Overnight,0,,9.52,8.97
01/16/2008,1,Overnight,0,,9.52,8.97
01/17/2008,1,Overnight,0,,9.529,8.978
01/18/2008,1,Overnight,0,,9.539,8.99
01/21/2008,1,Overnight,0,,9.544,8.992
01/22/2008,1,Overnight,0,,9.536,8.985
01/23/2008,1,Overnight,0,,9.531,8.98
01/24/2008,1,Overnight,0,,9.529,8.978
01/25/2008,1,Overnight,0,,9.512,8.965
01/28/2008,1,Overnight,0,,9.514,8.965
01/29/2008,1,Overnight,0,,9.505,8.957
01/30/2008,1,Overnight,0,,9.5,8.952
01/31/2008,1,Overnight,0,,9.503,8.955
02/01/2008,1,Overnight,0,,9.496,8.951
02/04/2008,1,Overnight,0,,9.508,8.959
02/05/2008,1,Overnight,0,,9.52,8.97
02/06/2008,1,Overnight,0,,9.529,8.978
02/07/2008,1,Overnight,0,,9.54,8.988
02/08/2008,1,Overnight,0,,9.542,8.992
02/11/2008,1,Overnight,0,,9.55,8.997
02/12/2008,1,Overnight,0,,9.553,9
02/13/2008,1,Overnight,0,,9.547,8.995
02/14/2008,1,Overnight,0,,9.545,8.993
02/15/2008,1,Overnight,0,,9.548,8.998
02/18/2008,1,Overnight,0,,9.569,9.014
02/19/2008,1,Overnight,0,,9.6,9.042
02/20/2008,1,Overnight,0,,9.612,9.053
02/21/2008,1,Overnight,0,,9.62,9.06
02/22/2008,1,Overnight,0,,9.622,9.064
02/25/2008,1,Overnight,0,,9.793,9.216
02/26/2008,1,Overnight,0,,9.795,9.218
02/27/2008,1,Overnight,0,,9.8,9.222
02/28/2008,1,Overnight,0,,9.808,9.229
02/29/2008,1,Overnight,0,,9.809,9.233
03/03/2008,1,Overnight,0,,9.821,9.241
03/04/2008,1,Overnight,0,,9.815,9.236
03/05/2008,1,Overnight,0,,9.827,9.246
03/06/2008,1,Overnight,0,,9.834,9.253
03/07/2008,1,Overnight,0,,9.835,9.256
03/10/2008,1,Overnight,0,,9.833,9.252
03/11/2008,1,Overnight,0,,9.831,9.25
03/12/2008,1,Overnight,0,,9.83,9.249
03/13/2008,1,Overnight,0,,9.819,9.239
03/14/2008,1,Overnight,0,,9.806,9.23
03/17/2008,1,Overnight,0,,9.803,9.225
03/18/2008,1,Overnight,0,,9.815,9.236
03/19/2008,1,Overnight,0,,9.789,9.218
03/25/2008,1,Overnight,0,,9.781,9.205
03/26/2008,1,Overnight,0,,9.792,9.215
03/27/2008,1,Overnight,0,,9.807,9.228
03/28/2008,1,Overnight,0,,9.808,9.232
03/31/2008,1,Overnight,0,,9.798,9.22
04/01/2008,1,Overnight,0,,9.798,9.22
04/02/2008,1,Overnight,0,,9.795,9.218
04/03/2008,1,Overnight,0,,9.79,9.213
04/04/2008,1,Overnight,0,,9.787,9.213
04/07/2008,1,Overnight,0,,9.786,9.21
04/08/2008,1,Overnight,0,,9.784,9.208
04/09/2008,1,Overnight,0,,9.784,9.208
04/10/2008,1,Overnight,0,,9.789,9.212
04/11/2008,1,Overnight,0,,9.786,9.212
04/14/2008,1,Overnight,0,,9.786,9.21
04/15/2008,1,Overnight,0,,9.781,9.205
04/16/2008,1,Overnight,0,,9.785,9.209
04/17/2008,1,Overnight,0,,9.788,9.211
04/18/2008,1,Overnight,0,,9.789,9.215
04/21/2008,1,Overnight,0,,9.796,9.219
04/22/2008,1,Overnight,0,,9.803,9.225
04/23/2008,1,Overnight,0,,9.805,9.227
04/24/2008,1,Overnight,0,,9.81,9.231
04/25/2008,1,Overnight,0,,9.794,9.219
04/28/2008,1,Overnight,0,,9.773,9.198
04/29/2008,1,Overnight,0,,9.763,9.189
04/30/2008,1,Overnight,0,,9.777,9.203
05/02/2008,1,Overnight,0,,9.783,9.21
05/06/2008,1,Overnight,0,,9.788,9.211
05/07/2008,1,Overnight,0,,9.79,9.213
05/08/2008,1,Overnight,0,,9.807,9.228
05/09/2008,1,Overnight,0,,9.807,9.231
05/12/2008,1,Overnight,0,,9.812,9.233
05/13/2008,1,Overnight,0,,9.815,9.236
05/14/2008,1,Overnight,0,,9.815,9.236
05/15/2008,1,Overnight,0,,9.818,9.238
05/16/2008,1,Overnight,0,,9.813,9.236
05/19/2008,1,Overnight,0,,9.817,9.237
05/20/2008,1,Overnight,0,,9.819,9.239
05/21/2008,1,Overnight,0,,9.819,9.239
05/22/2008,1,Overnight,0,,9.82,9.24
05/23/2008,1,Overnight,0,,9.804,9.229
05/27/2008,1,Overnight,0,,9.807,9.228
05/28/2008,1,Overnight,0,,9.809,9.23
05/29/2008,1,Overnight,0,,9.81,9.231
05/30/2008,1,Overnight,0,,9.807,9.232
06/03/2008,1,Overnight,0,,9.807,9.228
06/04/2008,1,Overnight,0,,9.804,9.226
06/05/2008,1,Overnight,0,,9.8,9.222
06/06/2008,1,Overnight,0,,9.795,9.22
06/09/2008,1,Overnight,0,,9.801,9.223
06/10/2008,1,Overnight,0,,9.803,9.225
06/11/2008,1,Overnight,0,,9.804,9.226
06/12/2008,1,Overnight,0,,9.804,9.226
06/13/2008,1,Overnight,0,,9.804,9.228
06/16/2008,1,Overnight,0,,9.805,9.227
06/17/2008,1,Overnight,0,,9.805,9.227
06/18/2008,1,Overnight,0,,9.803,9.225
06/19/2008,1,Overnight,0,,9.804,9.226
06/20/2008,1,Overnight,0,,9.799,9.224
06/23/2008,1,Overnight,0,,9.804,9.226
06/24/2008,1,Overnight,0,,9.804,9.226
06/25/2008,1,Overnight,0,,9.804,9.226
06/26/2008,1,Overnight,0,,9.805,9.227
06/27/2008,1,Overnight,0,,9.8,9.226
07/01/2008,1,Overnight,0,,9.804,9.226
07/02/2008,1,Overnight,0,,9.805,9.227
07/03/2008,1,Overnight,0,,9.805,9.227
07/04/2008,1,Overnight,0,,9.803,9.227
07/07/2008,1,Overnight,0,,9.807,9.228
07/08/2008,1,Overnight,0,,9.808,9.229
07/09/2008,1,Overnight,0,,9.81,9.231
07/10/2008,1,Overnight,0,,9.811,9.232
07/11/2008,1,Overnight,0,,9.808,9.232
07/14/2008,1,Overnight,0,,9.811,9.232
07/15/2008,1,Overnight,0,,9.81,9.231
07/16/2008,1,Overnight,0,,9.808,9.229
07/17/2008,1,Overnight,0,,9.809,9.23
07/18/2008,1,Overnight,0,,9.804,9.228
07/21/2008,1,Overnight,0,,9.804,9.226
07/22/2008,1,Overnight,0,,9.804,9.226
07/23/2008,1,Overnight,0,,9.804,9.226
07/24/2008,1,Overnight,0,,9.804,9.226
07/25/2008,1,Overnight,0,,9.801,9.225
07/28/2008,1,Overnight,0,,10.044,9.441
07/29/2008,1,Overnight,0,,10.038,9.436
07/30/2008,1,Overnight,0,,10.041,9.438
07/31/2008,1,Overnight,0,,10.036,9.434
08/01/2008,1,Overnight,0,,10.031,9.432
08/04/2008,1,Overnight,0,,10.035,9.433
08/05/2008,1,Overnight,0,,10.041,9.438
08/06/2008,1,Overnight,0,,10.031,9.431
08/08/2008,1,Overnight,0,,10.032,9.433
08/11/2008,1,Overnight,0,,10.036,9.434
08/12/2008,1,Overnight,0,,10.035,9.433
08/13/2008,1,Overnight,0,,10.036,9.434
08/14/2008,1,Overnight,0,,10.036,9.434
08/15/2008,1,Overnight,0,,10.031,9.433
08/19/2008,1,Overnight,0,,10.037,9.435
08/20/2008,1,Overnight,0,,10.036,9.434
08/21/2008,1,Overnight,0,,10.036,9.434
08/22/2008,1,Overnight,0,,10.034,9.435
08/25/2008,1,Overnight,0,,10.033,9.431
08/26/2008,1,Overnight,0,,10.028,9.427
08/27/2008,1,Overnight,0,,10.029,9.428
08/28/2008,1,Overnight,0,,10.015,9.415
08/29/2008,1,Overnight,0,,10.004,9.408
09/01/2008,1,Overnight,0,,10.006,9.407
09/02/2008,1,Overnight,0,,10.008,9.409
09/03/2008,1,Overnight,0,,10.015,9.415
09/04/2008,1,Overnight,0,,10.02,9.42
09/05/2008,1,Overnight,0,,10.017,9.419
09/08/2008,1,Overnight,0,,10.02,9.42
09/09/2008,1,Overnight,0,,10.019,9.419
09/10/2008,1,Overnight,0,,10.015,9.415
09/11/2008,1,Overnight,0,,10.012,9.412
09/12/2008,1,Overnight,0,,10.007,9.41
09/15/2008,1,Overnight,0,,10.001,9.403
09/16/2008,1,Overnight,0,,10,9.402
09/17/2008,1,Overnight,0,,9.999,9.401
09/18/2008,1,Overnight,0,,9.998,9.4
09/19/2008,1,Overnight,0,,9.993,9.398
09/22/2008,1,Overnight,0,,9.998,9.4
09/23/2008,1,Overnight,0,,10,9.402
09/24/2008,1,Overnight,0,,9.998,9.4
09/25/2008,1,Overnight,0,,9.995,9.397
09/26/2008,1,Overnight,0,,9.991,9.396
09/29/2008,1,Overnight,0,,9.991,9.394
09/30/2008,1,Overnight,0,,9.986,9.389
10/01/2008,1,Overnight,0,,9.998,9.4
10/02/2008,1,Overnight,0,,10.001,9.403
10/03/2008,1,Overnight,0,,9.994,9.399
10/06/2008,1,Overnight,0,,10.007,9.408
10/07/2008,1,Overnight,0,,10.014,9.414
10/08/2008,1,Overnight,0,,10.017,9.417
10/09/2008,1,Overnight,0,,10.02,9.42
10/10/2008,1,Overnight,0,,10.023,9.426
10/14/2008,1,Overnight,0,,10,9.402
10/15/2008,1,Overnight,0,,10.014,9.414
10/16/2008,1,Overnight,0,,10.016,9.416
10/17/2008,1,Overnight,0,,10.018,9.42
10/20/2008,1,Overnight,0,,10.019,9.419
10/21/2008,1,Overnight,0,,10.025,9.424
10/22/2008,1,Overnight,0,,10.032,9.43
10/23/2008,1,Overnight,0,,10.034,9.432
10/24/2008,1,Overnight,0,,10.034,9.435
10/27/2008,1,Overnight,0,,10.041,9.438
10/28/2008,1,Overnight,0,,10.035,9.433
10/29/2008,1,Overnight,0,,10.042,9.439
10/30/2008,1,Overnight,0,,10.043,9.44
10/31/2008,1,Overnight,0,,10.019,9.422
11/04/2008,1,Overnight,0,,10.007,9.408
11/05/2008,1,Overnight,0,,9.998,9.4
11/06/2008,1,Overnight,0,,9.996,9.398
11/07/2008,1,Overnight,0,,9.983,9.389
11/10/2008,1,Overnight,0,,9.981,9.385
11/11/2008,1,Overnight,0,,9.964,9.369
11/12/2008,1,Overnight,0,,9.941,9.349
11/13/2008,1,Overnight,0,,9.936,9.344
11/14/2008,1,Overnight,0,,9.91,9.325
11/18/2008,1,Overnight,0,,9.887,9.3
11/19/2008,1,Overnight,0,,9.868,9.283
11/20/2008,1,Overnight,0,,9.832,9.251
11/21/2008,1,Overnight,0,,9.784,9.21
11/24/2008,1,Overnight,0,,9.72,9.15
11/25/2008,1,Overnight,0,,9.581,9.025
11/26/2008,1,Overnight,0,,9.553,9
11/27/2008,1,Overnight,0,,9.52,8.97
11/28/2008,1,Overnight,0,,9.462,8.92
12/01/2008,1,Overnight,0,,9.409,8.87
12/02/2008,1,Overnight,0,,9.331,8.8
12/03/2008,1,Overnight,0,,9.32,8.79
12/04/2008,1,Overnight,0,,9.292,8.765
12/05/2008,1,Overnight,0,,9.239,8.72
12/09/2008,1,Overnight,0,,9.187,8.67
12/10/2008,1,Overnight,0,,9.176,8.66
12/11/2008,1,Overnight,0,,9.204,8.685
12/12/2008,1,Overnight,0,,9.24,8.72
12/15/2008,1,Overnight,0,,9.198,8.68
12/16/2008,1,Overnight,0,,9.193,8.675
12/17/2008,1,Overnight,0,,9.165,8.65
12/18/2008,1,Overnight,0,,9.148,8.635
12/19/2008,1,Overnight,0,,9.135,8.625
12/22/2008,1,Overnight,0,,8.889,8.4
12/23/2008,1,Overnight,0,,8.872,8.385
12/24/2008,1,Overnight,0,,8.852,8.368
12/26/2008,1,Overnight,0,,8.868,8.383
12/29/2008,1,Overnight,0,,8.838,8.354
12/30/2008,1,Overnight,0,,8.837,8.355
01/02/2009,1,Overnight,0,,8.824,8.343
01/05/2009,1,Overnight,0,,8.825,8.342
01/06/2009,1,Overnight,0,,8.845,8.36
01/07/2009,1,Overnight,0,,8.867,8.38
01/08/2009,1,Overnight,0,,8.909,8.418
01/09/2009,1,Overnight,0,,8.911,8.423
01/13/2009,1,Overnight,0,,8.927,8.435
01/14/2009,1,Overnight,0,,8.938,8.445
01/15/2009,1,Overnight,0,,8.962,8.466
01/16/2009,1,Overnight,0,,9,8.503
01/19/2009,1,Overnight,0,,9.051,8.547
01/20/2009,1,Overnight,0,,9.074,8.568
01/21/2009,1,Overnight,0,,9.115,8.605
01/22/2009,1,Overnight,0,,9.133,8.621
01/23/2009,1,Overnight,0,,9.169,8.656
01/26/2009,1,Overnight,0,,9.223,8.702
01/27/2009,1,Overnight,0,,9.274,8.748
01/28/2009,1,Overnight,0,,9.318,8.788
01/29/2009,1,Overnight,0,,9.357,8.823
01/30/2009,1,Overnight,0,,9.391,8.856
02/02/2009,1,Overnight,0,,8.955,8.46
02/03/2009,1,Overnight,0,,8.982,8.484
02/04/2009,1,Overnight,0,,8.996,8.497
02/05/2009,1,Overnight,0,,9.008,8.508
02/06/2009,1,Overnight,0,,9.022,8.523
02/09/2009,1,Overnight,0,,9.062,8.557
02/10/2009,1,Overnight,0,,9.108,8.598
02/11/2009,1,Overnight,0,,9.122,8.611
02/12/2009,1,Overnight,0,,9.14,8.627
02/13/2009,1,Overnight,0,,9.125,8.616
02/16/2009,1,Overnight,0,,9.117,8.607
02/17/2009,1,Overnight,0,,9.109,8.599
02/18/2009,1,Overnight,0,,9.077,8.57
02/19/2009,1,Overnight,0,,9.059,8.554
02/20/2009,1,Overnight,0,,9.017,8.518
02/23/2009,1,Overnight,0,,8.994,8.495
02/24/2009,1,Overnight,0,,8.999,8.5
02/25/2009,1,Overnight,0,,8.999,8.5
02/26/2009,1,Overnight,0,,8.977,8.48
02/27/2009,1,Overnight,0,,8.967,8.473
03/02/2009,1,Overnight,0,,7.978,7.571
03/03/2009,1,Overnight,0,,7.946,7.542
03/04/2009,1,Overnight,0,,7.961,7.556
03/05/2009,1,Overnight,0,,7.95,7.546
03/06/2009,1,Overnight,0,,7.947,7.545
03/09/2009,1,Overnight,0,,7.99,7.582
03/10/2009,1,Overnight,0,,8.006,7.597
03/11/2009,1,Overnight,0,,8.017,7.607
03/12/2009,1,Overnight,0,,8.007,7.598
03/13/2009,1,Overnight,0,,8.027,7.618
03/16/2009,1,Overnight,0,,8.021,7.611
03/17/2009,1,Overnight,0,,8.015,7.605
03/18/2009,1,Overnight,0,,8.02,7.61
03/19/2009,1,Overnight,0,,8.03,7.619
03/20/2009,1,Overnight,0,,8.027,7.619
03/24/2009,1,Overnight,0,,7.026,6.698
03/25/2009,1,Overnight,0,,7.03,6.701
03/26/2009,1,Overnight,0,,7.039,6.71
03/27/2009,1,Overnight,0,,7.023,6.696
03/30/2009,1,Overnight,0,,7.061,6.73
03/31/2009,1,Overnight,0,,7.045,6.715
04/01/2009,1,Overnight,0,,7.06,6.729
04/02/2009,1,Overnight,0,,7.05,6.72
04/03/2009,1,Overnight,0,,7.06,6.73
04/06/2009,1,Overnight,0,,7.064,6.733
04/07/2009,1,Overnight,0,,7.067,6.736
04/08/2009,1,Overnight,0,,7.073,6.744
04/13/2009,1,Overnight,0,,7.085,6.752
04/14/2009,1,Overnight,0,,7.089,6.756
04/15/2009,1,Overnight,0,,7.09,6.757
04/16/2009,1,Overnight,0,,7.089,6.756
04/17/2009,1,Overnight,0,,7.098,6.765
04/20/2009,1,Overnight,0,,7.101,6.767
04/21/2009,1,Overnight,0,,7.1,6.766
04/22/2009,1,Overnight,0,,7.101,6.767
04/23/2009,1,Overnight,0,,7.095,6.761
04/24/2009,1,Overnight,0,,7.088,6.756
04/27/2009,1,Overnight,0,,7.083,6.75
04/28/2009,1,Overnight,0,,7.073,6.741
04/29/2009,1,Overnight,0,,7.077,6.745
04/30/2009,1,Overnight,0,,7.087,6.756
05/04/2009,1,Overnight,0,,6.003,5.75
05/05/2009,1,Overnight,0,,6.031,5.776
05/06/2009,1,Overnight,0,,6.049,5.793
05/07/2009,1,Overnight,0,,6.094,5.835
05/08/2009,1,Overnight,0,,6.137,5.876
05/11/2009,1,Overnight,0,,6.179,5.914
05/12/2009,1,Overnight,0,,6.216,5.948
05/13/2009,1,Overnight,0,,6.223,5.955
05/14/2009,1,Overnight,0,,6.21,5.943
05/15/2009,1,Overnight,0,,6.192,5.927
05/18/2009,1,Overnight,0,,6.155,5.892
05/19/2009,1,Overnight,0,,6.144,5.881
05/20/2009,1,Overnight,0,,6.13,5.868
05/21/2009,1,Overnight,0,,6.099,5.84
05/22/2009,1,Overnight,0,,6.087,5.83
05/26/2009,1,Overnight,0,,6.056,5.8
05/27/2009,1,Overnight,0,,6.023,5.769
05/28/2009,1,Overnight,0,,6.025,5.771
05/29/2009,1,Overnight,0,,6.036,5.782
06/01/2009,1,Overnight,0,,5.004,4.816
06/02/2009,1,Overnight,0,,5.004,4.816
06/03/2009,1,Overnight,0,,5.025,4.836
06/04/2009,1,Overnight,0,,5.051,4.86
06/05/2009,1,Overnight,0,,5.08,4.888
06/08/2009,1,Overnight,0,,5.061,4.87
06/09/2009,1,Overnight,0,,5.088,4.895
06/10/2009,1,Overnight,0,,5.093,4.9
06/11/2009,1,Overnight,0,,5.077,4.885
06/12/2009,1,Overnight,0,,5.065,4.875
06/16/2009,1,Overnight,0,,5.083,4.89
06/17/2009,1,Overnight,0,,5.104,4.91
06/18/2009,1,Overnight,0,,5.118,4.923
06/19/2009,1,Overnight,0,,5.097,4.905
06/23/2009,1,Overnight,0,,4.583,4.42
06/24/2009,1,Overnight,0,,4.569,4.407
06/25/2009,1,Overnight,0,,4.552,4.391
06/26/2009,1,Overnight,0,,4.536,4.376
06/30/2009,1,Overnight,0,,4.548,4.387
07/01/2009,1,Overnight,0,,4.541,4.38
07/02/2009,1,Overnight,0,,4.532,4.372
07/03/2009,1,Overnight,0,,4.544,4.384
07/06/2009,1,Overnight,0,,4.536,4.376
07/07/2009,1,Overnight,0,,4.534,4.374
07/08/2009,1,Overnight,0,,4.541,4.38
07/09/2009,1,Overnight,0,,4.545,4.384
07/10/2009,1,Overnight,0,,4.541,4.381
07/13/2009,1,Overnight,0,,4.535,4.375
07/14/2009,1,Overnight,0,,4.516,4.357
07/15/2009,1,Overnight,0,,4.517,4.358
07/16/2009,1,Overnight,0,,4.502,4.344
07/17/2009,1,Overnight,0,,4.489,4.332
07/21/2009,1,Overnight,0,,4.476,4.319
07/22/2009,1,Overnight,0,,4.464,4.308
07/23/2009,1,Overnight,0,,4.451,4.295
07/24/2009,1,Overnight,0,,4.418,4.265
07/27/2009,1,Overnight,0,,4.392,4.24
07/28/2009,1,Overnight,0,,4.36,4.209
07/29/2009,1,Overnight,0,,4.327,4.178
07/30/2009,1,Overnight,0,,4.302,4.155
07/31/2009,1,Overnight,0,,4.261,4.116
08/03/2009,1,Overnight,0,,4.219,4.076
08/04/2009,1,Overnight,0,,4.174,4.033
08/05/2009,1,Overnight,0,,4.128,3.99
08/06/2009,1,Overnight,0,,4.102,3.966
08/10/2009,1,Overnight,0,,4.075,3.94
08/11/2009,1,Overnight,0,,4.063,3.928
08/12/2009,1,Overnight,0,,4.071,3.936
08/13/2009,1,Overnight,0,,4.039,3.906
08/14/2009,1,Overnight,0,,4.02,3.888
08/18/2009,1,Overnight,0,,4.023,3.89
08/19/2009,1,Overnight,0,,3.99,3.859
08/20/2009,1,Overnight,0,,3.996,3.865
08/21/2009,1,Overnight,0,,4.017,3.885
08/24/2009,1,Overnight,0,,3.973,3.843
08/25/2009,1,Overnight,0,,3.933,3.805
08/26/2009,1,Overnight,0,,3.996,3.865
08/27/2009,1,Overnight,0,,4.05,3.916
08/28/2009,1,Overnight,0,,4.095,3.959
08/31/2009,1,Overnight,0,,4.146,4.007
09/01/2009,1,Overnight,0,,4.218,4.075
09/02/2009,1,Overnight,0,,4.297,4.15
09/03/2009,1,Overnight,0,,4.335,4.186
09/04/2009,1,Overnight,0,,4.418,4.265
09/07/2009,1,Overnight,0,,4.419,4.265
09/08/2009,1,Overnight,0,,4.392,4.24
09/09/2009,1,Overnight,0,,4.356,4.206
09/10/2009,1,Overnight,0,,4.329,4.18
09/11/2009,1,Overnight,0,,4.297,4.15
09/14/2009,1,Overnight,0,,4.313,4.165
09/15/2009,1,Overnight,0,,4.318,4.17
09/16/2009,1,Overnight,0,,4.355,4.205
09/17/2009,1,Overnight,0,,4.356,4.206
09/18/2009,1,Overnight,0,,4.357,4.207
09/21/2009,1,Overnight,0,,4.394,4.242
09/22/2009,1,Overnight,0,,4.427,4.273
09/23/2009,1,Overnight,0,,4.459,4.303
09/24/2009,1,Overnight,0,,4.492,4.334
09/25/2009,1,Overnight,0,,4.503,4.345
09/28/2009,1,Overnight,0,,3.992,3.861
09/29/2009,1,Overnight,0,,3.998,3.867
09/30/2009,1,Overnight,0,,3.996,3.865
10/01/2009,1,Overnight,0,,3.994,3.863
10/02/2009,1,Overnight,0,,4.014,3.882
10/05/2009,1,Overnight,0,,4.023,3.89
10/06/2009,1,Overnight,0,,4.045,3.911
10/07/2009,1,Overnight,0,,4.027,3.894
10/08/2009,1,Overnight,0,,4.004,3.872
10/09/2009,1,Overnight,0,,3.992,3.862
10/13/2009,1,Overnight,0,,3.984,3.853
10/14/2009,1,Overnight,0,,3.987,3.856
10/15/2009,1,Overnight,0,,4.024,3.891
10/16/2009,1,Overnight,0,,4.018,3.886
10/19/2009,1,Overnight,0,,4.03,3.897
10/20/2009,1,Overnight,0,,3.987,3.856
10/21/2009,1,Overnight,0,,4.026,3.893
10/22/2009,1,Overnight,0,,4.018,3.886
10/23/2009,1,Overnight,0,,4.013,3.881
10/26/2009,1,Overnight,0,,4.019,3.887
10/27/2009,1,Overnight,0,,4.025,3.892
10/28/2009,1,Overnight,0,,4.019,3.887
10/29/2009,1,Overnight,0,,3.993,3.862
10/30/2009,1,Overnight,0,,3.984,3.854
11/03/2009,1,Overnight,0,,3.998,3.867
11/04/2009,1,Overnight,0,,3.998,3.867
11/05/2009,1,Overnight,0,,4.002,3.87
11/06/2009,1,Overnight,0,,3.993,3.862
11/09/2009,1,Overnight,0,,3.981,3.851
11/10/2009,1,Overnight,0,,4.002,3.87
11/11/2009,1,Overnight,0,,4.009,3.877
11/12/2009,1,Overnight,0,,4.009,3.877
11/13/2009,1,Overnight,0,,4.008,3.877
11/17/2009,1,Overnight,0,,4.021,3.888
11/18/2009,1,Overnight,0,,4.023,3.89
11/19/2009,1,Overnight,0,,4.006,3.874
11/20/2009,1,Overnight,0,,4.001,3.87
11/23/2009,1,Overnight,0,,3.972,3.842
11/24/2009,1,Overnight,0,,3.512,3.405
11/25/2009,1,Overnight,0,,3.502,3.395
11/26/2009,1,Overnight,0,,3.473,3.367
11/27/2009,1,Overnight,0,,3.433,3.33
11/30/2009,1,Overnight,0,,3.408,3.305
12/01/2009,1,Overnight,0,,3.374,3.273
12/02/2009,1,Overnight,0,,3.355,3.255
12/03/2009,1,Overnight,0,,3.353,3.253
12/04/2009,1,Overnight,0,,3.347,3.248
12/07/2009,1,Overnight,0,,3.36,3.26
12/09/2009,1,Overnight,0,,3.345,3.245
12/10/2009,1,Overnight,0,,3.318,3.22
12/11/2009,1,Overnight,0,,3.245,3.15
12/14/2009,1,Overnight,0,,3.25,3.155
12/15/2009,1,Overnight,0,,3.198,3.105
12/16/2009,1,Overnight,0,,3.209,3.115
12/17/2009,1,Overnight,0,,3.198,3.105
12/18/2009,1,Overnight,0,,3.172,3.08
12/21/2009,1,Overnight,0,,3.161,3.07
12/22/2009,1,Overnight,0,,3.088,3
12/23/2009,1,Overnight,0,,3.057,2.97
12/24/2009,1,Overnight,0,,2.978,2.895
12/28/2009,1,Overnight,0,,2.885,2.805
12/29/2009,1,Overnight,0,,2.827,2.75
12/30/2009,1,Overnight,0,,2.957,2.875
01/04/2010,1,Overnight,0,,3.088,3
01/05/2010,1,Overnight,0,,3.182,3.09
01/06/2010,1,Overnight,0,,3.271,3.175
01/07/2010,1,Overnight,0,,3.282,3.185
01/08/2010,1,Overnight,0,,3.229,3.135
01/12/2010,1,Overnight,0,,3.259,3.163
01/13/2010,1,Overnight,0,,3.35,3.25
01/14/2010,1,Overnight,0,,3.298,3.2
01/15/2010,1,Overnight,0,,3.376,3.275
01/18/2010,1,Overnight,0,,3.324,3.225
01/19/2010,1,Overnight,0,,3.298,3.2
01/20/2010,1,Overnight,0,,3.298,3.2
01/21/2010,1,Overnight,0,,3.277,3.18
01/22/2010,1,Overnight,0,,3.261,3.165
01/25/2010,1,Overnight,0,,3.219,3.125
01/26/2010,1,Overnight,0,,3.219,3.125
01/27/2010,1,Overnight,0,,3.302,3.204
01/28/2010,1,Overnight,0,,3.339,3.24
01/29/2010,1,Overnight,0,,3.339,3.24
02/01/2010,1,Overnight,0,,3.324,3.225
02/02/2010,1,Overnight,0,,3.324,3.225
02/03/2010,1,Overnight,0,,3.313,3.215
02/04/2010,1,Overnight,0,,3.35,3.25
02/05/2010,1,Overnight,0,,3.339,3.24
02/08/2010,1,Overnight,0,,3.324,3.225
02/09/2010,1,Overnight,0,,3.324,3.225
02/10/2010,1,Overnight,0,,3.324,3.225
02/11/2010,1,Overnight,0,,3.455,3.35
02/12/2010,1,Overnight,0,,3.402,3.3
02/15/2010,1,Overnight,0,,3.376,3.275
02/16/2010,1,Overnight,0,,3.402,3.3
02/17/2010,1,Overnight,0,,3.404,3.302
02/18/2010,1,Overnight,0,,3.413,3.31
02/19/2010,1,Overnight,0,,3.444,3.34
02/22/2010,1,Overnight,0,,3.421,3.318
02/23/2010,1,Overnight,0,,3.402,3.3
02/24/2010,1,Overnight,0,,3.355,3.255
02/25/2010,1,Overnight,0,,3.355,3.255
02/26/2010,1,Overnight,0,,3.365,3.265
03/01/2010,1,Overnight,0,,3.345,3.245
03/02/2010,1,Overnight,0,,3.318,3.22
03/03/2010,1,Overnight,0,,3.35,3.25
03/04/2010,1,Overnight,0,,3.35,3.25
03/05/2010,1,Overnight,0,,3.297,3.2
03/08/2010,1,Overnight,0,,3.282,3.185
03/09/2010,1,Overnight,0,,3.298,3.2
03/10/2010,1,Overnight,0,,3.264,3.168
03/11/2010,1,Overnight,0,,3.266,3.17
03/12/2010,1,Overnight,0,,3.323,3.225
03/15/2010,1,Overnight,0,,3.329,3.23
03/16/2010,1,Overnight,0,,3.47,3.365
03/17/2010,1,Overnight,0,,3.428,3.325
03/18/2010,1,Overnight,0,,3.376,3.275
03/19/2010,1,Overnight,0,,3.428,3.325
03/23/2010,1,Overnight,0,,3.418,3.315
03/24/2010,1,Overnight,0,,3.444,3.34
03/25/2010,1,Overnight,0,,3.455,3.35
03/26/2010,1,Overnight,0,,3.433,3.33
03/29/2010,1,Overnight,0,,3.402,3.3
03/30/2010,1,Overnight,0,,3.418,3.315
03/31/2010,1,Overnight,0,,3.454,3.35
04/05/2010,1,Overnight,0,,3.481,3.375
04/06/2010,1,Overnight,0,,3.491,3.385
04/07/2010,1,Overnight,0,,3.51,3.403
04/08/2010,1,Overnight,0,,3.505,3.398
04/09/2010,1,Overnight,0,,3.533,3.425
04/12/2010,1,Overnight,0,,3.502,3.395
04/13/2010,1,Overnight,0,,3.502,3.395
04/14/2010,1,Overnight,0,,3.505,3.398
04/15/2010,1,Overnight,0,,3.549,3.44
04/16/2010,1,Overnight,0,,3.559,3.45
04/19/2010,1,Overnight,0,,3.563,3.453
04/20/2010,1,Overnight,0,,3.533,3.425
04/21/2010,1,Overnight,0,,3.526,3.418
04/22/2010,1,Overnight,0,,3.516,3.408
04/23/2010,1,Overnight,0,,3.507,3.4
04/26/2010,1,Overnight,0,,3.512,3.405
04/27/2010,1,Overnight,0,,3.537,3.428
04/28/2010,1,Overnight,0,,3.537,3.428
04/29/2010,1,Overnight,0,,3.537,3.428
04/30/2010,1,Overnight,0,,3.517,3.41
05/03/2010,1,Overnight,0,,3.01,2.925
05/04/2010,1,Overnight,0,,3.015,2.93
05/05/2010,1,Overnight,0,,3.015,2.93
05/06/2010,1,Overnight,0,,3.029,2.943
05/07/2010,1,Overnight,0,,3.036,2.95
05/10/2010,1,Overnight,0,,3.044,2.958
05/11/2010,1,Overnight,0,,3.05,2.963
05/12/2010,1,Overnight,0,,3.055,2.968
05/13/2010,1,Overnight,0,,3.057,2.97
05/14/2010,1,Overnight,0,,3.065,2.978
05/18/2010,1,Overnight,0,,3.067,2.98
05/19/2010,1,Overnight,0,,3.067,2.98
05/20/2010,1,Overnight,0,,3.076,2.988
05/21/2010,1,Overnight,0,,3.078,2.99
05/24/2010,1,Overnight,0,,3.065,2.978
05/25/2010,1,Overnight,0,,3.057,2.97
05/26/2010,1,Overnight,0,,3.055,2.968
05/27/2010,1,Overnight,0,,3.05,2.963
05/28/2010,1,Overnight,0,,3.034,2.948
05/31/2010,1,Overnight,0,,3.036,2.95
06/01/2010,1,Overnight,0,,3.02,2.935
06/02/2010,1,Overnight,0,,3.031,2.945
06/03/2010,1,Overnight,0,,3.036,2.95
06/04/2010,1,Overnight,0,,3.036,2.95
06/08/2010,1,Overnight,0,,3.046,2.96
06/09/2010,1,Overnight,0,,3.053,2.966
06/10/2010,1,Overnight,0,,3.053,2.966
06/11/2010,1,Overnight,0,,3.058,2.971
06/15/2010,1,Overnight,0,,3.067,2.98
06/16/2010,1,Overnight,0,,3.071,2.983
06/17/2010,1,Overnight,0,,3.087,2.999
06/18/2010,1,Overnight,0,,3.067,2.98
06/21/2010,1,Overnight,0,,3.05,2.963
06/22/2010,1,Overnight,0,,3.026,2.94
06/23/2010,1,Overnight,0,,3.015,2.93
06/24/2010,1,Overnight,0,,3.008,2.923
06/25/2010,1,Overnight,0,,3.01,2.925
06/28/2010,1,Overnight,0,,3.01,2.925
06/29/2010,1,Overnight,0,,3.027,2.941
06/30/2010,1,Overnight,0,,3.026,2.94
07/01/2010,1,Overnight,0,,3.062,2.975
07/02/2010,1,Overnight,0,,3.062,2.975
07/06/2010,1,Overnight,0,,3.072,2.984
07/07/2010,1,Overnight,0,,3.073,2.985
07/08/2010,1,Overnight,0,,3.052,2.965
07/09/2010,1,Overnight,0,,3.041,2.955
07/12/2010,1,Overnight,0,,3.05,2.963
07/13/2010,1,Overnight,0,,3.043,2.957
07/14/2010,1,Overnight,0,,3.049,2.962
07/15/2010,1,Overnight,0,,3.057,2.97
07/16/2010,1,Overnight,0,,3.036,2.95
07/19/2010,1,Overnight,0,,3.058,2.971
07/21/2010,1,Overnight,0,,3.057,2.97
07/22/2010,1,Overnight,0,,3.057,2.97
07/23/2010,1,Overnight,0,,3.057,2.97
07/26/2010,1,Overnight,0,,3.02,2.935
07/27/2010,1,Overnight,0,,3.015,2.93
07/28/2010,1,Overnight,0,,3.031,2.945
07/29/2010,1,Overnight,0,,3.034,2.948
07/30/2010,1,Overnight,0,,3.036,2.95
08/02/2010,1,Overnight,0,,3.023,2.938
08/03/2010,1,Overnight,0,,3.015,2.93
08/04/2010,1,Overnight,0,,3.015,2.93
08/05/2010,1,Overnight,0,,3.023,2.938
08/06/2010,1,Overnight,0,,3.023,2.938
08/09/2010,1,Overnight,0,,3.018,2.933
08/10/2010,1,Overnight,0,,3.031,2.945
08/11/2010,1,Overnight,0,,3.039,2.953
08/12/2010,1,Overnight,0,,3.042,2.956
08/13/2010,1,Overnight,0,,3.051,2.965
08/17/2010,1,Overnight,0,,3.057,2.97
08/18/2010,1,Overnight,0,,3.058,2.971
08/19/2010,1,Overnight,0,,3.061,2.974
08/20/2010,1,Overnight,0,,3.051,2.965
08/23/2010,1,Overnight,0,,3.055,2.968
08/24/2010,1,Overnight,0,,3.072,2.984
08/25/2010,1,Overnight,0,,3.071,2.983
08/26/2010,1,Overnight,0,,3.063,2.976
08/27/2010,1,Overnight,0,,3.062,2.975
08/30/2010,1,Overnight,0,,3.074,2.986
08/31/2010,1,Overnight,0,,3.081,2.993
09/01/2010,1,Overnight,0,,3.042,2.956
09/02/2010,1,Overnight,0,,3.052,2.965
09/03/2010,1,Overnight,0,,3.054,2.967
09/06/2010,1,Overnight,0,,3.069,2.982
09/07/2010,1,Overnight,0,,3.084,2.996
09/08/2010,1,Overnight,0,,3.074,2.986
09/09/2010,1,Overnight,0,,3.054,2.967
09/10/2010,1,Overnight,0,,3.05,2.964
09/13/2010,1,Overnight,0,,3.035,2.949
09/14/2010,1,Overnight,0,,3.036,2.95
09/15/2010,1,Overnight,0,,3.041,2.955
09/16/2010,1,Overnight,0,,3.041,2.955
09/17/2010,1,Overnight,0,,3.044,2.958
09/20/2010,1,Overnight,0,,3.044,2.958
09/21/2010,1,Overnight,0,,3.046,2.96
09/22/2010,1,Overnight,0,,3.05,2.963
09/23/2010,1,Overnight,0,,3.05,2.963
09/24/2010,1,Overnight,0,,3.044,2.958
09/27/2010,1,Overnight,0,,3.029,2.943
09/28/2010,1,Overnight,0,,3.023,2.938
09/29/2010,1,Overnight,0,,3.023,2.938
09/30/2010,1,Overnight,0,,3.023,2.938
10/01/2010,1,Overnight,0,,3.034,2.948
10/04/2010,1,Overnight,0,,3.044,2.958
10/05/2010,1,Overnight,0,,3.029,2.943
10/06/2010,1,Overnight,0,,3.029,2.943
10/07/2010,1,Overnight,0,,3.029,2.943
10/08/2010,1,Overnight,0,,3.028,2.943
10/11/2010,1,Overnight,0,,3.01,2.925
10/12/2010,1,Overnight,0,,3.008,2.923
10/13/2010,1,Overnight,0,,3.008,2.923
10/14/2010,1,Overnight,0,,3.005,2.92
10/15/2010,1,Overnight,0,,3.01,2.925
10/19/2010,1,Overnight,0,,3.01,2.925
10/20/2010,1,Overnight,0,,3.01,2.925
10/21/2010,1,Overnight,0,,3.017,2.932
10/22/2010,1,Overnight,0,,3.027,2.942
10/25/2010,1,Overnight,0,,3.034,2.948
10/26/2010,1,Overnight,0,,3.031,2.945
10/27/2010,1,Overnight,0,,3.028,2.942
10/28/2010,1,Overnight,0,,3.013,2.928
10/29/2010,1,Overnight,0,,3.01,2.925
11/02/2010,1,Overnight,0,,3.01,2.925
11/03/2010,1,Overnight,0,,3.01,2.925
11/04/2010,1,Overnight,0,,3.005,2.92
11/05/2010,1,Overnight,0,,3.004,2.92
11/08/2010,1,Overnight,0,,3.001,2.916
11/09/2010,1,Overnight,0,,3.005,2.92
11/10/2010,1,Overnight,0,,3.012,2.927
11/11/2010,1,Overnight,0,,3.029,2.943
11/12/2010,1,Overnight,0,,3.046,2.96
11/16/2010,1,Overnight,0,,3.044,2.958
11/17/2010,1,Overnight,0,,3.023,2.938
11/18/2010,1,Overnight,0,,3.05,2.963
11/19/2010,1,Overnight,0,,3.051,2.965
11/22/2010,1,Overnight,0,,3.061,2.974
11/23/2010,1,Overnight,0,,3.069,2.982
11/24/2010,1,Overnight,0,,3.02,2.935
11/25/2010,1,Overnight,0,,3.01,2.925
11/26/2010,1,Overnight,0,,3.02,2.935
11/29/2010,1,Overnight,0,,3.026,2.94
11/30/2010,1,Overnight,0,,3.005,2.92
12/01/2010,1,Overnight,0,,3.015,2.93
12/02/2010,1,Overnight,0,,3.057,2.97
12/03/2010,1,Overnight,0,,3.049,2.963
12/06/2010,1,Overnight,0,,3.041,2.955
12/07/2010,1,Overnight,0,,3.077,2.989
12/09/2010,1,Overnight,0,,3.078,2.99
12/10/2010,1,Overnight,0,,3.078,2.99
12/13/2010,1,Overnight,0,,3.044,2.958
12/14/2010,1,Overnight,0,,3.005,2.92
12/15/2010,1,Overnight,0,,3.057,2.97
12/16/2010,1,Overnight,0,,3.065,2.978
12/17/2010,1,Overnight,0,,3.065,2.978
12/20/2010,1,Overnight,0,,3.046,2.96
12/21/2010,1,Overnight,0,,3.076,2.988
12/22/2010,1,Overnight,0,,3.071,2.983
12/23/2010,1,Overnight,0,,3.073,2.985
12/24/2010,1,Overnight,0,,3.078,2.99
12/27/2010,1,Overnight,0,,3.05,2.963
12/28/2010,1,Overnight,0,,3.06,2.973
12/29/2010,1,Overnight,0,,3.005,2.92
12/30/2010,1,Overnight,0,,3.044,2.958
01/03/2011,1,Overnight,0,,3.06,2.973
01/04/2011,1,Overnight,0,,3.062,2.975
01/05/2011,1,Overnight,0,,3.067,2.98
01/06/2011,1,Overnight,0,,3.058,2.971
01/07/2011,1,Overnight,0,,3.047,2.961
01/11/2011,1,Overnight,0,,3.052,2.965
01/12/2011,1,Overnight,0,,3.031,2.945
01/13/2011,1,Overnight,0,,3.026,2.94
01/14/2011,1,Overnight,0,,3.031,2.945
01/17/2011,1,Overnight,0,,3.031,2.945
01/18/2011,1,Overnight,0,,3.031,2.945
01/19/2011,1,Overnight,0,,3.02,2.935
01/20/2011,1,Overnight,0,,3.02,2.935
01/21/2011,1,Overnight,0,,3.028,2.943
01/24/2011,1,Overnight,0,,3.034,2.948
01/25/2011,1,Overnight,0,,3.003,2.918
01/26/2011,1,Overnight,0,,3.031,2.945
01/27/2011,1,Overnight,0,,3.036,2.95
01/28/2011,1,Overnight,0,,3.044,2.958
01/31/2011,1,Overnight,0,,3.071,2.983
02/01/2011,1,Overnight,0,,3.053,2.966
02/02/2011,1,Overnight,0,,3.05,2.963
02/03/2011,1,Overnight,0,,3.067,2.98
02/04/2011,1,Overnight,0,,3.065,2.978
02/07/2011,1,Overnight,0,,3.085,2.997
02/08/2011,1,Overnight,0,,3.083,2.995
02/09/2011,1,Overnight,0,,3.041,2.955
02/10/2011,1,Overnight,0,,3.052,2.965
02/11/2011,1,Overnight,0,,3.013,2.928
02/14/2011,1,Overnight,0,,3.02,2.935
02/15/2011,1,Overnight,0,,3.02,2.935
02/16/2011,1,Overnight,0,,3.057,2.97
02/17/2011,1,Overnight,0,,3.065,2.978
02/18/2011,1,Overnight,0,,3.073,2.986
02/21/2011,1,Overnight,0,,3.055,2.968
02/22/2011,1,Overnight,0,,3.044,2.958
02/23/2011,1,Overnight,0,,3.046,2.96
02/24/2011,1,Overnight,0,,3.065,2.978
02/25/2011,1,Overnight,0,,3.081,2.993
02/28/2011,1,Overnight,0,,3.277,3.18
03/01/2011,1,Overnight,0,,3.277,3.18
03/02/2011,1,Overnight,0,,3.245,3.15
03/03/2011,1,Overnight,0,,3.222,3.128
03/04/2011,1,Overnight,0,,3.198,3.105
03/07/2011,1,Overnight,0,,3.114,3.025
03/08/2011,1,Overnight,0,,3.088,3
03/09/2011,1,Overnight,0,,3.167,3.075
03/10/2011,1,Overnight,0,,3.222,3.128
03/11/2011,1,Overnight,0,,3.24,3.145
03/14/2011,1,Overnight,0,,3.295,3.198
03/15/2011,1,Overnight,0,,3.243,3.148
03/16/2011,1,Overnight,0,,3.271,3.175
03/17/2011,1,Overnight,0,,3.345,3.245
03/18/2011,1,Overnight,0,,3.339,3.24
03/22/2011,1,Overnight,0,,3.581,3.47
03/23/2011,1,Overnight,0,,3.633,3.52
03/24/2011,1,Overnight,0,,3.607,3.495
03/25/2011,1,Overnight,0,,3.575,3.465
03/28/2011,1,Overnight,0,,3.586,3.475
03/29/2011,1,Overnight,0,,3.623,3.51
03/30/2011,1,Overnight,0,,3.636,3.523
03/31/2011,1,Overnight,0,,3.623,3.51
04/01/2011,1,Overnight,0,,3.559,3.45
04/04/2011,1,Overnight,0,,3.612,3.5
04/05/2011,1,Overnight,0,,3.56,3.45
04/06/2011,1,Overnight,0,,3.507,3.4
04/07/2011,1,Overnight,0,,3.56,3.45
04/08/2011,1,Overnight,0,,3.559,3.45
04/11/2011,1,Overnight,0,,3.56,3.45
04/12/2011,1,Overnight,0,,3.56,3.45
04/13/2011,1,Overnight,0,,3.497,3.39
04/14/2011,1,Overnight,0,,3.497,3.39
04/15/2011,1,Overnight,0,,3.554,3.445
04/18/2011,1,Overnight,0,,3.638,3.525
04/19/2011,1,Overnight,0,,3.596,3.485
04/20/2011,1,Overnight,0,,3.638,3.525
04/25/2011,1,Overnight,0,,3.649,3.535
04/26/2011,1,Overnight,0,,3.686,3.57
04/27/2011,1,Overnight,0,,3.701,3.585
04/28/2011,1,Overnight,0,,3.713,3.596
04/29/2011,1,Overnight,0,,3.704,3.588
05/02/2011,1,Overnight,0,,3.794,3.673
05/03/2011,1,Overnight,0,,3.838,3.715
05/04/2011,1,Overnight,0,,3.875,3.75
05/05/2011,1,Overnight,0,,3.901,3.775
05/06/2011,1,Overnight,0,,3.917,3.79
05/09/2011,1,Overnight,0,,3.901,3.775
05/10/2011,1,Overnight,0,,3.891,3.765
05/11/2011,1,Overnight,0,,3.896,3.77
05/12/2011,1,Overnight,0,,3.931,3.803
05/13/2011,1,Overnight,0,,3.985,3.855
05/16/2011,1,Overnight,0,,4.038,3.905
05/17/2011,1,Overnight,0,,4.102,3.965
05/18/2011,1,Overnight,0,,3.812,3.69
05/19/2011,1,Overnight,0,,3.791,3.67
05/20/2011,1,Overnight,0,,3.769,3.65
05/23/2011,1,Overnight,0,,3.78,3.66
05/24/2011,1,Overnight,0,,3.78,3.66
05/25/2011,1,Overnight,0,,3.78,3.66
05/26/2011,1,Overnight,0,,3.749,3.63
05/27/2011,1,Overnight,0,,3.754,3.635
05/30/2011,1,Overnight,0,,3.733,3.615
05/31/2011,1,Overnight,0,,3.996,3.865
06/01/2011,1,Overnight,0,,4.01,3.878
06/02/2011,1,Overnight,0,,4.026,3.893
06/03/2011,1,Overnight,0,,4.043,3.91
06/07/2011,1,Overnight,0,,4.033,3.9
06/08/2011,1,Overnight,0,,4.068,3.933
06/09/2011,1,Overnight,0,,4.002,3.87
06/10/2011,1,Overnight,0,,3.999,3.868
06/13/2011,1,Overnight,0,,4.021,3.888
06/14/2011,1,Overnight,0,,3.991,3.86
06/15/2011,1,Overnight,0,,4.044,3.91
06/16/2011,1,Overnight,0,,4.049,3.915
06/17/2011,1,Overnight,0,,4.023,3.891
06/20/2011,1,Overnight,0,,4.247,4.103
06/21/2011,1,Overnight,0,,4.258,4.113
06/22/2011,1,Overnight,0,,4.253,4.108
06/23/2011,1,Overnight,0,,4.265,4.12
06/24/2011,1,Overnight,0,,4.254,4.11
06/28/2011,1,Overnight,0,,4.242,4.098
06/29/2011,1,Overnight,0,,4.253,4.108
06/30/2011,1,Overnight,0,,4.253,4.108
07/01/2011,1,Overnight,0,,4.265,4.12
07/05/2011,1,Overnight,0,,4.3,4.153
07/06/2011,1,Overnight,0,,4.334,4.185
07/07/2011,1,Overnight,0,,4.367,4.216
07/08/2011,1,Overnight,0,,4.334,4.185
07/11/2011,1,Overnight,0,,4.329,4.18
07/12/2011,1,Overnight,0,,4.281,4.135
07/13/2011,1,Overnight,0,,4.293,4.146
07/14/2011,1,Overnight,0,,4.341,4.191
07/15/2011,1,Overnight,0,,4.306,4.159
07/18/2011,1,Overnight,0,,4.335,4.186
07/19/2011,1,Overnight,0,,4.35,4.2
07/21/2011,1,Overnight,0,,4.361,4.21
07/22/2011,1,Overnight,0,,4.397,4.245
07/25/2011,1,Overnight,0,,4.329,4.18
07/26/2011,1,Overnight,0,,4.255,4.11
07/27/2011,1,Overnight,0,,4.292,4.145
07/28/2011,1,Overnight,0,,4.309,4.161
07/29/2011,1,Overnight,0,,4.313,4.165
08/01/2011,1,Overnight,0,,4.532,4.372
08/02/2011,1,Overnight,0,,4.536,4.376
08/03/2011,1,Overnight,0,,4.593,4.429
08/04/2011,1,Overnight,0,,4.567,4.405
08/05/2011,1,Overnight,0,,4.625,4.46
08/08/2011,1,Overnight,0,,4.588,4.425
08/09/2011,1,Overnight,0,,4.578,4.415
08/10/2011,1,Overnight,0,,4.657,4.49
08/11/2011,1,Overnight,0,,4.588,4.425
08/12/2011,1,Overnight,0,,4.587,4.425
08/16/2011,1,Overnight,0,,4.588,4.425
08/17/2011,1,Overnight,0,,4.599,4.435
08/18/2011,1,Overnight,0,,4.647,4.48
08/19/2011,1,Overnight,0,,4.66,4.493
08/22/2011,1,Overnight,0,,4.588,4.425
08/23/2011,1,Overnight,0,,4.611,4.446
08/24/2011,1,Overnight,0,,4.615,4.45
08/25/2011,1,Overnight,0,,4.66,4.493
08/26/2011,1,Overnight,0,,4.667,4.5
08/29/2011,1,Overnight,0,,4.615,4.45
08/30/2011,1,Overnight,0,,4.61,4.445
08/31/2011,1,Overnight,0,,4.625,4.46
09/01/2011,1,Overnight,0,,4.615,4.45
09/02/2011,1,Overnight,0,,4.598,4.435
09/05/2011,1,Overnight,0,,4.535,4.375
09/06/2011,1,Overnight,0,,4.569,4.407
09/07/2011,1,Overnight,0,,4.53,4.37
09/08/2011,1,Overnight,0,,4.519,4.36
09/09/2011,1,Overnight,0,,4.545,4.385
09/12/2011,1,Overnight,0,,4.568,4.406
09/13/2011,1,Overnight,0,,4.525,4.365
09/14/2011,1,Overnight,0,,4.514,4.355
09/15/2011,1,Overnight,0,,4.498,4.34
09/16/2011,1,Overnight,0,,4.498,4.34
09/19/2011,1,Overnight,0,,4.546,4.385
09/20/2011,1,Overnight,0,,4.6,4.436
09/21/2011,1,Overnight,0,,4.625,4.46
09/22/2011,1,Overnight,0,,4.641,4.475
09/23/2011,1,Overnight,0,,4.641,4.475
09/26/2011,1,Overnight,0,,4.576,4.413
09/27/2011,1,Overnight,0,,4.583,4.42
09/28/2011,1,Overnight,0,,4.595,4.431
09/29/2011,1,Overnight,0,,4.625,4.46
09/30/2011,1,Overnight,0,,4.614,4.45
10/03/2011,1,Overnight,0,,4.62,4.455
10/04/2011,1,Overnight,0,,4.666,4.498
10/05/2011,1,Overnight,0,,4.668,4.5
10/06/2011,1,Overnight,0,,4.673,4.505
10/07/2011,1,Overnight,0,,4.667,4.5
10/10/2011,1,Overnight,0,,4.668,4.5
10/11/2011,1,Overnight,0,,4.669,4.501
10/12/2011,1,Overnight,0,,4.669,4.501
10/13/2011,1,Overnight,0,,4.669,4.501
10/14/2011,1,Overnight,0,,4.668,4.501
10/18/2011,1,Overnight,0,,4.663,4.495
10/19/2011,1,Overnight,0,,4.66,4.493
10/20/2011,1,Overnight,0,,4.658,4.491
10/21/2011,1,Overnight,0,,4.66,4.493
10/24/2011,1,Overnight,0,,4.663,4.495
10/25/2011,1,Overnight,0,,4.663,4.495
10/26/2011,1,Overnight,0,,4.66,4.493
10/27/2011,1,Overnight,0,,4.657,4.49
10/28/2011,1,Overnight,0,,4.641,4.475
10/31/2011,1,Overnight,0,,4.62,4.455
11/01/2011,1,Overnight,0,,4.572,4.41
11/02/2011,1,Overnight,0,,4.56,4.398
11/03/2011,1,Overnight,0,,4.549,4.388
11/04/2011,1,Overnight,0,,4.538,4.378
11/08/2011,1,Overnight,0,,4.557,4.395
11/09/2011,1,Overnight,0,,4.594,4.43
11/10/2011,1,Overnight,0,,4.631,4.465
11/11/2011,1,Overnight,0,,4.667,4.5
11/15/2011,1,Overnight,0,,4.668,4.5
11/16/2011,1,Overnight,0,,4.641,4.475
11/17/2011,1,Overnight,0,,4.615,4.45
11/18/2011,1,Overnight,0,,4.587,4.424
11/21/2011,1,Overnight,0,,4.586,4.423
11/22/2011,1,Overnight,0,,4.592,4.428
11/23/2011,1,Overnight,0,,4.623,4.458
11/24/2011,1,Overnight,0,,4.562,4.4
11/25/2011,1,Overnight,0,,4.567,4.405
11/28/2011,1,Overnight,0,,4.793,4.618
11/29/2011,1,Overnight,0,,4.793,4.618
11/30/2011,1,Overnight,0,,4.785,4.61
12/01/2011,1,Overnight,0,,4.802,4.626
12/02/2011,1,Overnight,0,,4.801,4.626
12/05/2011,1,Overnight,0,,4.802,4.626
12/06/2011,1,Overnight,0,,4.804,4.628
12/07/2011,1,Overnight,0,,4.809,4.633
12/09/2011,1,Overnight,0,,4.795,4.62
12/12/2011,1,Overnight,0,,4.793,4.618
12/13/2011,1,Overnight,0,,4.783,4.608
12/14/2011,1,Overnight,0,,4.798,4.623
12/15/2011,1,Overnight,0,,4.79,4.615
12/16/2011,1,Overnight,0,,4.795,4.62
12/19/2011,1,Overnight,0,,4.802,4.626
12/20/2011,1,Overnight,0,,4.798,4.623
12/21/2011,1,Overnight,0,,4.806,4.63
12/22/2011,1,Overnight,0,,4.804,4.628
12/23/2011,1,Overnight,0,,4.806,4.631
12/26/2011,1,Overnight,0,,4.804,4.628
12/27/2011,1,Overnight,0,,4.779,4.605
12/28/2011,1,Overnight,0,,4.811,4.635
12/29/2011,1,Overnight,0,,4.819,4.643
01/02/2012,1,Overnight,0,,4.806,4.63
01/03/2012,1,Overnight,0,,4.774,4.6
01/04/2012,1,Overnight,0,,4.753,4.58
01/05/2012,1,Overnight,0,,4.758,4.585
01/06/2012,1,Overnight,0,,4.752,4.58
01/10/2012,1,Overnight,0,,4.753,4.58
01/11/2012,1,Overnight,0,,4.753,4.58
01/12/2012,1,Overnight,0,,4.753,4.58
01/13/2012,1,Overnight,0,,4.752,4.58
01/16/2012,1,Overnight,0,,4.749,4.576
01/17/2012,1,Overnight,0,,4.749,4.576
01/18/2012,1,Overnight,0,,4.743,4.571
01/19/2012,1,Overnight,0,,4.74,4.568
01/20/2012,1,Overnight,0,,4.738,4.567
01/23/2012,1,Overnight,0,,4.741,4.569
01/24/2012,1,Overnight,0,,4.746,4.574
01/25/2012,1,Overnight,0,,4.744,4.572
01/26/2012,1,Overnight,0,,4.744,4.572
01/27/2012,1,Overnight,0,,4.749,4.577
01/30/2012,1,Overnight,0,,4.746,4.574
01/31/2012,1,Overnight,0,,5.001,4.813
02/01/2012,1,Overnight,0,,5.001,4.813
02/02/2012,1,Overnight,0,,4.999,4.812
02/03/2012,1,Overnight,0,,4.999,4.812
02/06/2012,1,Overnight,0,,5.001,4.813
02/07/2012,1,Overnight,0,,5.006,4.818
02/08/2012,1,Overnight,0,,5.004,4.816
02/09/2012,1,Overnight,0,,5.007,4.819
02/10/2012,1,Overnight,0,,5.005,4.818
02/13/2012,1,Overnight,0,,5.008,4.82
02/14/2012,1,Overnight,0,,5.008,4.82
02/15/2012,1,Overnight,0,,5.008,4.82
02/16/2012,1,Overnight,0,,5.01,4.822
02/17/2012,1,Overnight,0,,5.009,4.822
02/20/2012,1,Overnight,0,,5.012,4.824
02/21/2012,1,Overnight,0,,5.013,4.825
02/22/2012,1,Overnight,0,,5.013,4.825
02/23/2012,1,Overnight,0,,5.013,4.825
02/24/2012,1,Overnight,0,,5.018,4.83
02/27/2012,1,Overnight,0,,5.248,5.045
02/28/2012,1,Overnight,0,,5.248,5.045
02/29/2012,1,Overnight,0,,5.244,5.041
03/01/2012,1,Overnight,0,,5.246,5.043
03/02/2012,1,Overnight,0,,5.241,5.039
03/05/2012,1,Overnight,0,,5.242,5.04
03/06/2012,1,Overnight,0,,5.246,5.043
03/07/2012,1,Overnight,0,,5.248,5.045
03/08/2012,1,Overnight,0,,5.251,5.048
03/09/2012,1,Overnight,0,,5.252,5.05
03/12/2012,1,Overnight,0,,5.252,5.049
03/13/2012,1,Overnight,0,,5.253,5.05
03/14/2012,1,Overnight,0,,5.252,5.049
03/15/2012,1,Overnight,0,,5.253,5.05
03/16/2012,1,Overnight,0,,5.254,5.052
03/20/2012,1,Overnight,0,,5.255,5.052
03/21/2012,1,Overnight,0,,5.254,5.051
03/22/2012,1,Overnight,0,,5.254,5.051
03/23/2012,1,Overnight,0,,5.256,5.053
03/26/2012,1,Overnight,0,,5.255,5.052
03/27/2012,1,Overnight,0,,5.255,5.052
03/28/2012,1,Overnight,0,,5.254,5.051
03/29/2012,1,Overnight,0,,5.252,5.049
03/30/2012,1,Overnight,0,,5.25,5.048
04/02/2012,1,Overnight,0,,5.253,5.05
04/03/2012,1,Overnight,0,,5.253,5.05
04/04/2012,1,Overnight,0,,5.252,5.05
04/09/2012,1,Overnight,0,,5.253,5.05
04/10/2012,1,Overnight,0,,5.251,5.048
04/11/2012,1,Overnight,0,,5.252,5.049
04/12/2012,1,Overnight,0,,5.251,5.048
04/13/2012,1,Overnight,0,,5.248,5.046
04/16/2012,1,Overnight,0,,5.251,5.048
04/17/2012,1,Overnight,0,,5.252,5.049
04/18/2012,1,Overnight,0,,5.254,5.051
04/19/2012,1,Overnight,0,,5.256,5.053
04/20/2012,1,Overnight,0,,5.259,5.056
04/23/2012,1,Overnight,0,,5.262,5.058
04/24/2012,1,Overnight,0,,5.263,5.059
04/25/2012,1,Overnight,0,,5.265,5.061
04/26/2012,1,Overnight,0,,5.263,5.059
04/27/2012,1,Overnight,0,,5.262,5.059
04/30/2012,1,Overnight,0,,5.26,5.057
05/02/2012,1,Overnight,0,,5.263,5.059
05/03/2012,1,Overnight,0,,5.264,5.06
05/04/2012,1,Overnight,0,,5.262,5.059
05/07/2012,1,Overnight,0,,5.266,5.062
05/08/2012,1,Overnight,0,,5.267,5.063
05/09/2012,1,Overnight,0,,5.268,5.064
05/10/2012,1,Overnight,0,,5.268,5.064
05/11/2012,1,Overnight,0,,5.269,5.066
05/14/2012,1,Overnight,0,,5.272,5.068
05/15/2012,1,Overnight,0,,5.273,5.069
05/16/2012,1,Overnight,0,,5.269,5.065
05/17/2012,1,Overnight,0,,5.269,5.065
05/18/2012,1,Overnight,0,,5.268,5.065
05/22/2012,1,Overnight,0,,5.27,5.066
05/23/2012,1,Overnight,0,,5.272,5.068
05/24/2012,1,Overnight,0,,5.273,5.069
05/25/2012,1,Overnight,0,,5.273,5.069
05/28/2012,1,Overnight,0,,5.274,5.07
05/29/2012,1,Overnight,0,,5.274,5.07
05/30/2012,1,Overnight,0,,5.276,5.071
05/31/2012,1,Overnight,0,,5.277,5.072
06/01/2012,1,Overnight,0,,5.278,5.074
06/04/2012,1,Overnight,0,,5.281,5.076
06/05/2012,1,Overnight,0,,5.284,5.079
06/06/2012,1,Overnight,0,,5.287,5.082
06/07/2012,1,Overnight,0,,5.295,5.089
06/08/2012,1,Overnight,0,,5.299,5.094
06/12/2012,1,Overnight,0,,5.302,5.096
06/13/2012,1,Overnight,0,,5.306,5.1
06/14/2012,1,Overnight,0,,5.313,5.106
06/15/2012,1,Overnight,0,,5.319,5.113
06/19/2012,1,Overnight,0,,5.312,5.105
06/20/2012,1,Overnight,0,,5.31,5.103
06/21/2012,1,Overnight,0,,5.3,5.094
06/22/2012,1,Overnight,0,,5.306,5.1
06/25/2012,1,Overnight,0,,5.315,5.108
06/26/2012,1,Overnight,0,,5.321,5.114
06/27/2012,1,Overnight,0,,5.31,5.103
06/28/2012,1,Overnight,0,,5.299,5.093
06/29/2012,1,Overnight,0,,5.316,5.11
07/03/2012,1,Overnight,0,,5.31,5.103
07/04/2012,1,Overnight,0,,5.322,5.115
07/05/2012,1,Overnight,0,,5.33,5.122
07/06/2012,1,Overnight,0,,5.359,5.15
07/09/2012,1,Overnight,0,,5.368,5.158
07/10/2012,1,Overnight,0,,5.397,5.185
07/11/2012,1,Overnight,0,,5.412,5.199
07/12/2012,1,Overnight,0,,5.426,5.212
07/13/2012,1,Overnight,0,,5.445,5.23
07/16/2012,1,Overnight,0,,5.451,5.235
07/17/2012,1,Overnight,0,,5.454,5.238
07/18/2012,1,Overnight,0,,5.456,5.24
07/19/2012,1,Overnight,0,,5.457,5.242
07/23/2012,1,Overnight,0,,5.456,5.24
07/24/2012,1,Overnight,0,,5.459,5.243
07/25/2012,1,Overnight,0,,5.413,5.2
07/26/2012,1,Overnight,0,,5.44,5.225
07/27/2012,1,Overnight,0,,5.471,5.255
07/30/2012,1,Overnight,0,,5.253,5.05
07/31/2012,1,Overnight,0,,5.258,5.055
08/01/2012,1,Overnight,1,Normal,5.2,5
08/02/2012,1,Overnight,1,Normal,5.253,5.05
08/03/2012,1,Overnight,3,Normal,5.252,5.05
08/06/2012,1,Overnight,2,Normal,5.258,5.055
08/08/2012,1,Overnight,1,Normal,5.258,5.055
08/09/2012,1,Overnight,1,Normal,5.257,5.054
08/10/2012,1,Overnight,3,Normal,5.24,5.038
08/13/2012,1,Overnight,1,Normal,5.251,5.048
08/14/2012,1,Overnight,1,Normal,5.253,5.05
08/15/2012,1,Overnight,1,Normal,5.248,5.045
08/16/2012,1,Overnight,1,Normal,5.189,4.99
08/17/2012,1,Overnight,4,Normal,5.133,4.938
08/21/2012,1,Overnight,1,Normal,5.083,4.89
08/22/2012,1,Overnight,1,Normal,5.093,4.9
08/23/2012,1,Overnight,1,Normal,5.102,4.908
08/24/2012,1,Overnight,3,Normal,5.114,4.92
08/27/2012,1,Overnight,1,Normal,4.873,4.693
08/28/2012,1,Overnight,1,Normal,4.875,4.695
08/29/2012,1,Overnight,1,Normal,4.859,4.68
08/30/2012,1,Overnight,1,Normal,4.817,4.64
08/31/2012,1,Overnight,3,Normal,4.793,4.618
09/03/2012,1,Overnight,1,Normal,4.771,4.597
09/04/2012,1,Overnight,1,Normal,4.768,4.594
09/05/2012,1,Overnight,1,Normal,4.771,4.597
09/06/2012,1,Overnight,1,Normal,4.774,4.6
09/07/2012,1,Overnight,3,Normal,4.782,4.608
09/10/2012,1,Overnight,1,Normal,4.777,4.603
09/11/2012,1,Overnight,1,Normal,4.774,4.6
09/12/2012,1,Overnight,1,Normal,4.774,4.6
09/13/2012,1,Overnight,1,Normal,4.774,4.6
09/14/2012,1,Overnight,3,Normal,4.768,4.595
09/17/2012,1,Overnight,1,Normal,4.76,4.587
09/18/2012,1,Overnight,1,Normal,4.756,4.583
09/19/2012,1,Overnight,1,Normal,4.764,4.591
09/20/2012,1,Overnight,1,Normal,4.774,4.6
09/21/2012,1,Overnight,3,Normal,4.776,4.602
09/24/2012,1,Overnight,1,Normal,4.779,4.605
09/25/2012,1,Overnight,1,Normal,4.778,4.604
09/26/2012,1,Overnight,1,Normal,4.777,4.603
09/27/2012,1,Overnight,1,Normal,4.776,4.602
09/28/2012,1,Overnight,3,Normal,4.777,4.603
10/01/2012,1,Overnight,1,Normal,4.777,4.603
10/02/2012,1,Overnight,1,Normal,4.754,4.581
10/03/2012,1,Overnight,1,Normal,4.761,4.588
10/04/2012,1,Overnight,1,Normal,4.774,4.6
10/05/2012,1,Overnight,3,Normal,4.772,4.599
10/08/2012,1,Overnight,1,Normal,4.776,4.602
10/09/2012,1,Overnight,1,Normal,4.778,4.604
10/10/2012,1,Overnight,1,Normal,4.78,4.606
10/11/2012,1,Overnight,1,Normal,4.778,4.604
10/12/2012,1,Overnight,4,Normal,4.772,4.599
10/16/2012,1,Overnight,1,Normal,4.776,4.602
10/17/2012,1,Overnight,1,Normal,4.78,4.606
10/18/2012,1,Overnight,1,Normal,4.786,4.611
10/19/2012,1,Overnight,3,Normal,4.794,4.619
10/22/2012,1,Overnight,1,Normal,4.795,4.62
10/23/2012,1,Overnight,1,Normal,4.796,4.621
10/24/2012,1,Overnight,1,Normal,4.787,4.612
10/25/2012,1,Overnight,1,Normal,4.779,4.605
10/26/2012,1,Overnight,3,Normal,4.755,4.583
10/29/2012,1,Overnight,1,Normal,4.756,4.583
10/30/2012,1,Overnight,1,Normal,4.737,4.565
10/31/2012,1,Overnight,1,Normal,4.742,4.57
11/01/2012,1,Overnight,1,Normal,4.742,4.57
11/02/2012,1,Overnight,4,Normal,4.76,4.588
11/06/2012,1,Overnight,1,Normal,4.758,4.585
11/07/2012,1,Overnight,1,Normal,4.754,4.581
11/08/2012,1,Overnight,1,Normal,4.742,4.57
11/09/2012,1,Overnight,4,Normal,4.725,4.555
11/13/2012,1,Overnight,1,Normal,4.709,4.539
11/14/2012,1,Overnight,1,Normal,4.708,4.538
11/15/2012,1,Overnight,1,Normal,4.708,4.538
11/16/2012,1,Overnight,3,Normal,4.742,4.57
11/19/2012,1,Overnight,1,Normal,4.753,4.58
11/20/2012,1,Overnight,1,Normal,4.755,4.582
11/21/2012,1,Overnight,1,Normal,4.755,4.582
11/22/2012,1,Overnight,1,Normal,4.752,4.579
11/23/2012,1,Overnight,3,Normal,4.745,4.573
11/26/2012,1,Overnight,1,Normal,4.5,4.342
11/27/2012,1,Overnight,1,Normal,4.505,4.346
11/28/2012,1,Overnight,1,Normal,4.499,4.341
11/29/2012,1,Overnight,1,Normal,4.501,4.343
11/30/2012,1,Overnight,3,Normal,4.501,4.343
12/03/2012,1,Overnight,1,Normal,4.514,4.355
12/04/2012,1,Overnight,1,Normal,4.522,4.362
12/05/2012,1,Overnight,1,Normal,4.525,4.365
12/06/2012,1,Overnight,1,Normal,4.527,4.367
12/07/2012,1,Overnight,3,Normal,4.532,4.372
12/10/2012,1,Overnight,1,Normal,4.532,4.372
12/11/2012,1,Overnight,1,Normal,4.529,4.369
12/12/2012,1,Overnight,1,Normal,4.532,4.372
12/13/2012,1,Overnight,1,Normal,4.533,4.373
12/14/2012,1,Overnight,3,Normal,4.532,4.372
12/17/2012,1,Overnight,1,Normal,4.532,4.372
12/18/2012,1,Overnight,1,Normal,4.53,4.37
12/19/2012,1,Overnight,1,Normal,4.532,4.372
12/20/2012,1,Overnight,1,Normal,4.529,4.369
12/21/2012,1,Overnight,3,Normal,4.515,4.356
12/24/2012,1,Overnight,2,Normal,4.274,4.128
12/26/2012,1,Overnight,1,Normal,4.253,4.108
12/27/2012,1,Overnight,1,Normal,4.25,4.105
12/28/2012,1,Overnight,5,Normal,4.243,4.1
01/02/2013,1,Overnight,1,Normal,4.226,4.083
01/03/2013,1,Overnight,1,Normal,4.237,4.093
01/04/2013,1,Overnight,4,Normal,4.221,4.079
01/08/2013,1,Overnight,1,Normal,4.217,4.074
01/09/2013,1,Overnight,1,Normal,4.217,4.074
01/10/2013,1,Overnight,1,Normal,4.216,4.073
01/11/2013,1,Overnight,3,Normal,4.213,4.071
01/14/2013,1,Overnight,1,Normal,4.218,4.075
01/15/2013,1,Overnight,1,Normal,4.217,4.074
01/16/2013,1,Overnight,1,Normal,4.216,4.073
01/17/2013,1,Overnight,1,Normal,4.222,4.079
01/18/2013,1,Overnight,3,Normal,4.22,4.077
01/21/2013,1,Overnight,1,Normal,4.218,4.075
01/22/2013,1,Overnight,1,Normal,4.213,4.07
01/23/2013,1,Overnight,1,Normal,4.216,4.073
01/24/2013,1,Overnight,1,Normal,4.215,4.072
01/25/2013,1,Overnight,3,Normal,4.216,4.074
01/28/2013,1,Overnight,1,Normal,4.217,4.074
01/29/2013,1,Overnight,1,Normal,4.012,3.88
01/30/2013,1,Overnight,1,Normal,3.996,3.865
01/31/2013,1,Overnight,1,Normal,3.975,3.845
02/01/2013,1,Overnight,3,Normal,3.967,3.838
02/04/2013,1,Overnight,1,Normal,3.986,3.855
02/05/2013,1,Overnight,1,Normal,3.994,3.863
02/06/2013,1,Overnight,1,Normal,3.996,3.865
02/07/2013,1,Overnight,1,Normal,3.996,3.865
02/08/2013,1,Overnight,3,Normal,4.004,3.873
02/11/2013,1,Overnight,1,Normal,4.01,3.878
02/12/2013,1,Overnight,1,Normal,4.01,3.878
02/13/2013,1,Overnight,1,Normal,4.002,3.87
02/14/2013,1,Overnight,1,Normal,3.992,3.861
02/15/2013,1,Overnight,3,Normal,3.988,3.858
02/18/2013,1,Overnight,1,Normal,3.986,3.855
02/19/2013,1,Overnight,1,Normal,3.983,3.852
02/20/2013,1,Overnight,1,Normal,3.977,3.847
02/21/2013,1,Overnight,1,Normal,3.98,3.85
02/22/2013,1,Overnight,3,Normal,3.983,3.853
02/25/2013,1,Overnight,1,Normal,3.749,3.63
02/26/2013,1,Overnight,1,Normal,3.752,3.633
02/27/2013,1,Overnight,1,Normal,3.752,3.633
02/28/2013,1,Overnight,1,Normal,3.748,3.629
03/01/2013,1,Overnight,3,Normal,3.743,3.625
03/04/2013,1,Overnight,1,Normal,3.733,3.615
03/05/2013,1,Overnight,1,Normal,3.736,3.618
03/06/2013,1,Overnight,1,Normal,3.752,3.633
03/07/2013,1,Overnight,1,Normal,3.758,3.639
03/08/2013,1,Overnight,3,Normal,3.755,3.636
03/11/2013,1,Overnight,1,Normal,3.755,3.636
03/12/2013,1,Overnight,1,Normal,3.741,3.623
03/13/2013,1,Overnight,1,Normal,3.739,3.621
03/14/2013,1,Overnight,1,Normal,3.745,3.626
03/15/2013,1,Overnight,3,Normal,3.737,3.619
03/18/2013,1,Overnight,1,Normal,3.745,3.626
03/19/2013,1,Overnight,1,Normal,3.745,3.626
03/20/2013,1,Overnight,1,Normal,3.716,3.599
03/21/2013,1,Overnight,1,Normal,3.703,3.586
03/22/2013,1,Overnight,4,Normal,3.698,3.582
03/26/2013,1,Overnight,1,Normal,3.227,3.133
03/27/2013,1,Overnight,5,Normal,3.202,3.109
04/01/2013,1,Overnight,1,Normal,3.182,3.09
04/02/2013,1,Overnight,1,Normal,3.164,3.072
04/03/2013,1,Overnight,1,Normal,3.154,3.063
04/04/2013,1,Overnight,1,Normal,3.145,3.054
04/05/2013,1,Overnight,3,Normal,3.141,3.051
04/08/2013,1,Overnight,1,Normal,3.142,3.051
04/09/2013,1,Overnight,1,Normal,3.13,3.04
04/10/2013,1,Overnight,1,Normal,3.136,3.046
04/11/2013,1,Overnight,1,Normal,3.13,3.04
04/12/2013,1,Overnight,3,Normal,3.122,3.033
04/15/2013,1,Overnight,1,Normal,3.144,3.053
04/16/2013,1,Overnight,1,Normal,3.165,3.073
04/17/2013,1,Overnight,1,Normal,3.169,3.077
04/18/2013,1,Overnight,1,Normal,3.173,3.081
04/19/2013,1,Overnight,3,Normal,3.171,3.079
04/22/2013,1,Overnight,1,Normal,3.181,3.089
04/23/2013,1,Overnight,1,Normal,3.159,3.068
04/24/2013,1,Overnight,1,Normal,3.15,3.059
04/25/2013,1,Overnight,1,Normal,3.145,3.054
04/26/2013,1,Overnight,3,Normal,3.13,3.04
04/29/2013,1,Overnight,1,Normal,3.125,3.035
04/30/2013,1,Overnight,2,Normal,3.112,3.023
05/02/2013,1,Overnight,1,Normal,3.125,3.035
05/03/2013,1,Overnight,3,Normal,3.13,3.04
05/06/2013,1,Overnight,1,Normal,3.112,3.023
05/07/2013,1,Overnight,1,Normal,3.15,3.059
05/08/2013,1,Overnight,1,Normal,3.182,3.09
05/09/2013,1,Overnight,1,Normal,3.219,3.125
05/10/2013,1,Overnight,4,Normal,3.224,3.13
05/14/2013,1,Overnight,1,Normal,3.198,3.105
05/15/2013,1,Overnight,1,Normal,3.188,3.095
05/16/2013,1,Overnight,1,Normal,3.198,3.105
05/17/2013,1,Overnight,3,Normal,3.201,3.108
05/20/2013,1,Overnight,1,Normal,3.215,3.121
05/21/2013,1,Overnight,1,Normal,3.219,3.125
05/22/2013,1,Overnight,1,Normal,3.222,3.128
05/23/2013,1,Overnight,1,Normal,3.228,3.134
05/24/2013,1,Overnight,3,Normal,3.222,3.128
05/27/2013,1,Overnight,1,Normal,3.212,3.118
05/28/2013,1,Overnight,1,Normal,3.195,3.102
05/29/2013,1,Overnight,1,Normal,3.189,3.096
05/30/2013,1,Overnight,1,Normal,3.184,3.092
05/31/2013,1,Overnight,4,Normal,3.18,3.088
06/04/2013,1,Overnight,1,Normal,3.175,3.083
06/05/2013,1,Overnight,1,Normal,3.179,3.087
06/06/2013,1,Overnight,1,Normal,3.18,3.088
06/07/2013,1,Overnight,4,Normal,3.183,3.091
06/11/2013,1,Overnight,1,Normal,3.165,3.073
06/12/2013,1,Overnight,1,Normal,3.171,3.079
06/13/2013,1,Overnight,1,Normal,3.178,3.086
06/14/2013,1,Overnight,3,Normal,3.182,3.09
06/17/2013,1,Overnight,1,Normal,3.179,3.087
06/18/2013,1,Overnight,1,Normal,3.167,3.075
06/19/2013,1,Overnight,1,Normal,3.16,3.069
06/20/2013,1,Overnight,1,Normal,3.149,3.058
06/21/2013,1,Overnight,3,Normal,3.141,3.051
06/24/2013,1,Overnight,1,Normal,3.13,3.04
06/25/2013,1,Overnight,1,Normal,3.125,3.035
06/26/2013,1,Overnight,1,Normal,3.128,3.038
06/27/2013,1,Overnight,1,Normal,3.151,3.06
06/28/2013,1,Overnight,4,Normal,3.161,3.07
07/02/2013,1,Overnight,1,Normal,3.167,3.075
07/03/2013,1,Overnight,1,Normal,3.158,3.067
07/04/2013,1,Overnight,1,Normal,3.155,3.064
07/05/2013,1,Overnight,3,Normal,3.151,3.06
07/08/2013,1,Overnight,1,Normal,3.161,3.07
07/09/2013,1,Overnight,1,Normal,3.155,3.064
07/10/2013,1,Overnight,1,Normal,3.146,3.055
07/11/2013,1,Overnight,1,Normal,3.146,3.055
07/12/2013,1,Overnight,3,Normal,3.143,3.053
07/15/2013,1,Overnight,1,Normal,3.138,3.048
07/16/2013,1,Overnight,1,Normal,3.138,3.048
07/17/2013,1,Overnight,1,Normal,3.145,3.054
07/18/2013,1,Overnight,1,Normal,3.166,3.074
07/19/2013,1,Overnight,3,Normal,3.216,3.122
07/22/2013,1,Overnight,1,Normal,3.247,3.152
07/23/2013,1,Overnight,1,Normal,3.25,3.155
07/24/2013,1,Overnight,1,Normal,3.251,3.156
07/25/2013,1,Overnight,1,Normal,3.251,3.156
07/26/2013,1,Overnight,3,Normal,3.252,3.157
07/29/2013,1,Overnight,1,Normal,3.257,3.161
07/30/2013,1,Overnight,1,Normal,3.252,3.157
07/31/2013,1,Overnight,1,Normal,3.25,3.155
08/01/2013,1,Overnight,1,Normal,3.248,3.153
08/02/2013,1,Overnight,3,Normal,3.248,3.153
08/05/2013,1,Overnight,1,Normal,3.248,3.153
08/06/2013,1,Overnight,2,Normal,3.248,3.153
08/08/2013,1,Overnight,1,Normal,3.251,3.156
08/09/2013,1,Overnight,3,Normal,3.26,3.164
08/12/2013,1,Overnight,1,Normal,3.256,3.16
08/13/2013,1,Overnight,1,Normal,3.254,3.158
08/14/2013,1,Overnight,1,Normal,3.254,3.158
08/15/2013,1,Overnight,1,Normal,3.255,3.159
08/16/2013,1,Overnight,4,Normal,3.251,3.156
08/20/2013,1,Overnight,1,Normal,3.256,3.16
08/21/2013,1,Overnight,1,Normal,3.261,3.165
08/22/2013,1,Overnight,1,Normal,3.267,3.171
08/23/2013,1,Overnight,3,Normal,3.264,3.168
08/26/2013,1,Overnight,1,Normal,3.266,3.17
08/27/2013,1,Overnight,1,Normal,3.265,3.169
08/28/2013,1,Overnight,1,Normal,3.261,3.165
08/29/2013,1,Overnight,1,Normal,3.262,3.166
08/30/2013,1,Overnight,3,Normal,3.262,3.166
09/02/2013,1,Overnight,1,Normal,3.255,3.159
09/03/2013,1,Overnight,1,Normal,3.247,3.152
09/04/2013,1,Overnight,1,Normal,3.248,3.153
09/05/2013,1,Overnight,1,Normal,3.256,3.16
09/06/2013,1,Overnight,3,Normal,3.261,3.165
09/09/2013,1,Overnight,1,Normal,3.259,3.163
09/10/2013,1,Overnight,1,Normal,3.259,3.163
09/11/2013,1,Overnight,1,Normal,3.259,3.163
09/12/2013,1,Overnight,1,Normal,3.256,3.16
09/13/2013,1,Overnight,3,Normal,3.258,3.163
09/16/2013,1,Overnight,1,Normal,3.26,3.164
09/17/2013,1,Overnight,1,Normal,3.259,3.163
09/18/2013,1,Overnight,1,Normal,3.268,3.172
09/19/2013,1,Overnight,1,Normal,3.27,3.174
09/20/2013,1,Overnight,3,Normal,3.27,3.174
09/23/2013,1,Overnight,1,Normal,3.279,3.182
09/24/2013,1,Overnight,1,Normal,3.274,3.178
09/25/2013,1,Overnight,1,Normal,3.277,3.18
09/26/2013,1,Overnight,1,Normal,3.284,3.187
09/27/2013,1,Overnight,3,Normal,3.28,3.184
09/30/2013,1,Overnight,1,Normal,3.277,3.18
10/01/2013,1,Overnight,1,Normal,3.262,3.166
10/02/2013,1,Overnight,1,Normal,3.261,3.165
10/03/2013,1,Overnight,1,Normal,3.266,3.17
10/04/2013,1,Overnight,3,Normal,3.272,3.176
10/07/2013,1,Overnight,1,Normal,3.269,3.173
10/08/2013,1,Overnight,1,Normal,3.267,3.171
10/09/2013,1,Overnight,1,Normal,3.265,3.169
10/10/2013,1,Overnight,1,Normal,3.256,3.16
10/11/2013,1,Overnight,4,Normal,3.252,3.157
10/15/2013,1,Overnight,1,Normal,3.254,3.158
10/16/2013,1,Overnight,1,Normal,3.255,3.159
10/17/2013,1,Overnight,1,Normal,3.261,3.165
10/18/2013,1,Overnight,3,Normal,3.264,3.168
10/21/2013,1,Overnight,1,Normal,3.263,3.167
10/22/2013,1,Overnight,1,Normal,3.259,3.163
10/23/2013,1,Overnight,1,Normal,3.258,3.162
10/24/2013,1,Overnight,1,Normal,3.257,3.161
10/25/2013,1,Overnight,3,Normal,3.258,3.163
10/28/2013,1,Overnight,1,Normal,3.256,3.16
10/29/2013,1,Overnight,1,Normal,3.247,3.152
10/30/2013,1,Overnight,1,Normal,3.248,3.153
10/31/2013,1,Overnight,1,Normal,3.254,3.158
11/01/2013,1,Overnight,4,Normal,3.253,3.158
11/05/2013,1,Overnight,1,Normal,3.257,3.161
11/06/2013,1,Overnight,1,Normal,3.262,3.166
11/07/2013,1,Overnight,1,Normal,3.265,3.169
11/08/2013,1,Overnight,4,Normal,3.258,3.163
11/12/2013,1,Overnight,1,Normal,3.262,3.166
11/13/2013,1,Overnight,1,Normal,3.263,3.167
11/14/2013,1,Overnight,1,Normal,3.256,3.16
11/15/2013,1,Overnight,3,Normal,3.26,3.164
11/18/2013,1,Overnight,1,Normal,3.249,3.154
11/19/2013,1,Overnight,1,Normal,3.247,3.152
11/20/2013,1,Overnight,1,Normal,3.245,3.15
11/21/2013,1,Overnight,1,Normal,3.248,3.153
11/22/2013,1,Overnight,3,Normal,3.239,3.144
11/25/2013,1,Overnight,1,Normal,3.227,3.133
11/26/2013,1,Overnight,1,Normal,3.212,3.118
11/27/2013,1,Overnight,1,Normal,3.227,3.133
11/28/2013,1,Overnight,1,Normal,3.204,3.111
11/29/2013,1,Overnight,3,Normal,3.193,3.1
12/02/2013,1,Overnight,1,Normal,3.18,3.088
12/03/2013,1,Overnight,1,Normal,3.193,3.1
12/04/2013,1,Overnight,1,Normal,3.188,3.095
12/05/2013,1,Overnight,1,Normal,3.188,3.095
12/06/2013,1,Overnight,3,Normal,3.193,3.1
12/09/2013,1,Overnight,1,Normal,3.215,3.121
12/10/2013,1,Overnight,1,Normal,3.235,3.14
12/11/2013,1,Overnight,1,Normal,3.227,3.133
12/12/2013,1,Overnight,1,Normal,3.214,3.12
12/13/2013,1,Overnight,3,Normal,3.227,3.133
12/16/2013,1,Overnight,1,Normal,3.238,3.143
12/17/2013,1,Overnight,1,Normal,3.242,3.147
12/18/2013,1,Overnight,1,Normal,3.243,3.148
12/19/2013,1,Overnight,1,Normal,3.245,3.15
12/20/2013,1,Overnight,3,Normal,3.242,3.147
12/23/2013,1,Overnight,1,Normal,3.25,3.155
12/24/2013,1,Overnight,2,Normal,3.204,3.111
12/26/2013,1,Overnight,1,Normal,3.219,3.125
12/27/2013,1,Overnight,3,Normal,3.243,3.148
12/30/2013,1,Overnight,3,Normal,3.224,3.13
01/02/2014,1,Overnight,1,Normal,3.219,3.125
01/03/2014,1,Overnight,4,Normal,3.234,3.14
01/07/2014,1,Overnight,1,Normal,3.223,3.129
01/08/2014,1,Overnight,1,Normal,3.215,3.121
01/09/2014,1,Overnight,1,Normal,3.224,3.13
01/10/2014,1,Overnight,3,Normal,3.238,3.143
01/13/2014,1,Overnight,1,Normal,3.246,3.151
01/14/2014,1,Overnight,1,Normal,3.245,3.15
01/15/2014,1,Overnight,1,Normal,3.24,3.145
01/16/2014,1,Overnight,1,Normal,3.235,3.14
01/17/2014,1,Overnight,3,Normal,3.233,3.139
01/20/2014,1,Overnight,1,Normal,3.224,3.13
01/21/2014,1,Overnight,1,Normal,3.217,3.123
01/22/2014,1,Overnight,1,Normal,3.219,3.125
01/23/2014,1,Overnight,1,Normal,3.221,3.127
01/24/2014,1,Overnight,3,Normal,3.233,3.139
01/27/2014,1,Overnight,1,Normal,3.238,3.143
01/28/2014,1,Overnight,1,Normal,3.247,3.152
01/29/2014,1,Overnight,1,Normal,3.238,3.143
01/30/2014,1,Overnight,1,Normal,3.239,3.144
01/31/2014,1,Overnight,3,Normal,3.242,3.147
02/03/2014,1,Overnight,1,Normal,3.252,3.157
02/04/2014,1,Overnight,1,Normal,3.254,3.158
02/05/2014,1,Overnight,1,Normal,3.25,3.155
02/06/2014,1,Overnight,1,Normal,3.252,3.157
02/07/2014,1,Overnight,3,Normal,3.251,3.156
02/10/2014,1,Overnight,1,Normal,3.254,3.158
02/11/2014,1,Overnight,1,Normal,3.259,3.163
02/12/2014,1,Overnight,1,Normal,3.256,3.16
02/13/2014,1,Overnight,1,Normal,3.255,3.159
02/14/2014,1,Overnight,3,Normal,3.25,3.155
02/17/2014,1,Overnight,1,Normal,3.247,3.152
02/18/2014,1,Overnight,1,Normal,3.235,3.14
02/19/2014,1,Overnight,1,Normal,3.238,3.143
02/20/2014,1,Overnight,1,Normal,3.25,3.155
02/21/2014,1,Overnight,3,Normal,3.243,3.148
02/24/2014,1,Overnight,1,Normal,3.245,3.15
02/25/2014,1,Overnight,1,Normal,3.248,3.153
02/26/2014,1,Overnight,1,Normal,3.245,3.15
02/27/2014,1,Overnight,1,Normal,3.235,3.14
02/28/2014,1,Overnight,3,Normal,3.229,3.135
03/03/2014,1,Overnight,1,Normal,3.219,3.125
03/04/2014,1,Overnight,1,Normal,3.201,3.108
03/05/2014,1,Overnight,1,Normal,3.199,3.106
03/06/2014,1,Overnight,1,Normal,3.18,3.088
03/07/2014,1,Overnight,3,Normal,3.172,3.08
03/10/2014,1,Overnight,1,Normal,3.159,3.068
03/11/2014,1,Overnight,1,Normal,3.151,3.06
03/12/2014,1,Overnight,1,Normal,3.146,3.055
03/13/2014,1,Overnight,1,Normal,3.143,3.052
03/14/2014,1,Overnight,3,Normal,3.139,3.049
03/17/2014,1,Overnight,1,Normal,3.143,3.052
03/18/2014,1,Overnight,1,Normal,3.13,3.04
03/19/2014,1,Overnight,1,Normal,3.128,3.038
03/20/2014,1,Overnight,1,Normal,3.134,3.044
03/21/2014,1,Overnight,4,Normal,3.13,3.04
03/25/2014,1,Overnight,1,Normal,3.128,3.038
03/26/2014,1,Overnight,1,Normal,3.13,3.04
03/27/2014,1,Overnight,1,Normal,3.131,3.041
03/28/2014,1,Overnight,3,Normal,3.132,3.042
03/31/2014,1,Overnight,1,Normal,3.147,3.056
04/01/2014,1,Overnight,1,Normal,3.147,3.056
04/02/2014,1,Overnight,1,Normal,3.154,3.063
04/03/2014,1,Overnight,1,Normal,3.158,3.067
04/04/2014,1,Overnight,3,Normal,3.154,3.063
04/07/2014,1,Overnight,1,Normal,3.164,3.072
04/08/2014,1,Overnight,1,Normal,3.175,3.083
04/09/2014,1,Overnight,1,Normal,3.188,3.095
04/10/2014,1,Overnight,1,Normal,3.197,3.104
04/11/2014,1,Overnight,3,Normal,3.213,3.12
04/14/2014,1,Overnight,1,Normal,3.22,3.126
04/15/2014,1,Overnight,1,Normal,3.222,3.128
04/16/2014,1,Overnight,5,Normal,3.234,3.14
04/21/2014,1,Overnight,1,Normal,3.231,3.136
04/22/2014,1,Overnight,1,Normal,3.229,3.135
04/23/2014,1,Overnight,1,Normal,3.238,3.143
04/24/2014,1,Overnight,1,Normal,3.233,3.138
04/25/2014,1,Overnight,3,Normal,3.236,3.142
04/28/2014,1,Overnight,1,Normal,3.492,3.386
04/29/2014,1,Overnight,1,Normal,3.479,3.373
04/30/2014,1,Overnight,2,Normal,3.479,3.373
05/02/2014,1,Overnight,3,Normal,3.497,3.391
05/05/2014,1,Overnight,1,Normal,3.504,3.397
05/06/2014,1,Overnight,1,Normal,3.504,3.397
05/07/2014,1,Overnight,1,Normal,3.511,3.404
05/08/2014,1,Overnight,1,Normal,3.506,3.399
05/09/2014,1,Overnight,3,Normal,3.508,3.401
05/12/2014,1,Overnight,1,Normal,3.507,3.4
05/13/2014,1,Overnight,1,Normal,3.507,3.4
05/14/2014,1,Overnight,1,Normal,3.501,3.394
05/15/2014,1,Overnight,1,Normal,3.466,3.361
05/16/2014,1,Overnight,3,Normal,3.452,3.348
05/19/2014,1,Overnight,1,Normal,3.445,3.341
05/20/2014,1,Overnight,1,Normal,3.434,3.33
05/21/2014,1,Overnight,1,Normal,3.426,3.323
05/22/2014,1,Overnight,1,Normal,3.419,3.316
05/23/2014,1,Overnight,3,Normal,3.399,3.297
05/26/2014,1,Overnight,1,Normal,3.387,3.285
05/27/2014,1,Overnight,1,Normal,3.372,3.271
05/28/2014,1,Overnight,1,Normal,3.4,3.298
05/29/2014,1,Overnight,1,Normal,3.392,3.29
05/30/2014,1,Overnight,4,Normal,3.425,3.322
06/03/2014,1,Overnight,1,Normal,3.73,3.612
06/04/2014,1,Overnight,1,Normal,3.738,3.62
06/05/2014,1,Overnight,1,Normal,3.735,3.617
06/06/2014,1,Overnight,3,Normal,3.751,3.632
06/09/2014,1,Overnight,1,Normal,3.762,3.643
06/10/2014,1,Overnight,1,Normal,3.741,3.623
06/11/2014,1,Overnight,1,Normal,3.718,3.601
06/12/2014,1,Overnight,1,Normal,3.707,3.59
06/13/2014,1,Overnight,3,Normal,3.703,3.587
06/16/2014,1,Overnight,1,Normal,3.707,3.59
06/17/2014,1,Overnight,1,Normal,3.707,3.59
06/18/2014,1,Overnight,1,Normal,3.703,3.586
06/19/2014,1,Overnight,1,Normal,3.708,3.591
06/20/2014,1,Overnight,4,Normal,3.702,3.586
06/24/2014,1,Overnight,1,Normal,3.999,3.868
06/25/2014,1,Overnight,1,Normal,4.023,3.89
06/26/2014,1,Overnight,1,Normal,4.029,3.896
06/27/2014,1,Overnight,4,Normal,4.023,3.891
07/01/2014,1,Overnight,1,Normal,4.021,3.888
07/02/2014,1,Overnight,1,Normal,4.017,3.885
07/03/2014,1,Overnight,1,Normal,4.015,3.883
07/04/2014,1,Overnight,3,Normal,4.008,3.877
07/07/2014,1,Overnight,1,Normal,4.002,3.87
07/08/2014,1,Overnight,1,Normal,3.988,3.857
07/09/2014,1,Overnight,1,Normal,3.975,3.845
07/10/2014,1,Overnight,1,Normal,3.949,3.82
07/11/2014,1,Overnight,3,Normal,3.93,3.803
07/14/2014,1,Overnight,1,Normal,3.917,3.79
07/15/2014,1,Overnight,1,Normal,3.899,3.773
07/16/2014,1,Overnight,1,Normal,3.87,3.745
07/17/2014,1,Overnight,1,Normal,3.854,3.73
07/18/2014,1,Overnight,3,Normal,3.848,3.725
07/21/2014,1,Overnight,1,Normal,3.849,3.725
07/22/2014,1,Overnight,1,Normal,3.873,3.748
07/23/2014,1,Overnight,1,Normal,3.873,3.748
07/24/2014,1,Overnight,1,Normal,3.879,3.754
07/25/2014,1,Overnight,3,Normal,3.867,3.743
07/28/2014,1,Overnight,1,Normal,3.868,3.743
07/29/2014,1,Overnight,1,Normal,3.87,3.745
07/30/2014,1,Overnight,1,Normal,3.865,3.74
07/31/2014,1,Overnight,1,Normal,3.854,3.73
08/01/2014,1,Overnight,3,Normal,4.143,4.005
08/04/2014,1,Overnight,1,Normal,4.133,3.995
08/05/2014,1,Overnight,1,Normal,4.071,3.936
08/06/2014,1,Overnight,2,Normal,4.062,3.928
08/08/2014,1,Overnight,3,Normal,4.054,3.92
08/11/2014,1,Overnight,1,Normal,4.057,3.923
08/12/2014,1,Overnight,1,Normal,4.049,3.915
08/13/2014,1,Overnight,1,Normal,4.075,3.94
08/14/2014,1,Overnight,1,Normal,4.065,3.93
08/15/2014,1,Overnight,4,Normal,4.101,3.965
08/19/2014,1,Overnight,1,Normal,4.128,3.99
08/20/2014,1,Overnight,1,Normal,4.139,4
08/21/2014,1,Overnight,1,Normal,4.136,3.997
08/22/2014,1,Overnight,3,Normal,4.14,4.002
08/25/2014,1,Overnight,1,Normal,4.132,3.994
08/26/2014,1,Overnight,1,Normal,4.13,3.992
08/27/2014,1,Overnight,1,Normal,4.131,3.993
08/28/2014,1,Overnight,1,Normal,4.131,3.993
08/29/2014,1,Overnight,3,Normal,4.118,3.981
09/01/2014,1,Overnight,1,Normal,4.438,4.283
09/02/2014,1,Overnight,1,Normal,4.416,4.262
09/03/2014,1,Overnight,1,Normal,4.414,4.26
09/04/2014,1,Overnight,1,Normal,4.411,4.258
09/05/2014,1,Overnight,3,Normal,4.42,4.267
09/08/2014,1,Overnight,1,Normal,4.427,4.273
09/09/2014,1,Overnight,1,Normal,4.445,4.29
09/10/2014,1,Overnight,1,Normal,4.454,4.298
09/11/2014,1,Overnight,1,Normal,4.456,4.3
09/12/2014,1,Overnight,3,Normal,4.459,4.303
09/15/2014,1,Overnight,1,Normal,4.428,4.274
09/16/2014,1,Overnight,1,Normal,4.361,4.21
09/17/2014,1,Overnight,1,Normal,4.332,4.183
09/18/2014,1,Overnight,1,Normal,4.295,4.148
09/19/2014,1,Overnight,3,Normal,4.318,4.17
09/22/2014,1,Overnight,1,Normal,4.339,4.19
09/23/2014,1,Overnight,1,Normal,4.376,4.225
09/24/2014,1,Overnight,1,Normal,4.417,4.263
09/25/2014,1,Overnight,1,Normal,4.44,4.285
09/26/2014,1,Overnight,3,Normal,4.456,4.301
09/29/2014,1,Overnight,1,Normal,4.47,4.313
09/30/2014,1,Overnight,1,Normal,4.435,4.28
10/01/2014,1,Overnight,1,Normal,4.445,4.29
10/02/2014,1,Overnight,1,Normal,4.459,4.303
10/03/2014,1,Overnight,3,Normal,4.472,4.316
10/06/2014,1,Overnight,1,Normal,4.48,4.323
10/07/2014,1,Overnight,1,Normal,4.491,4.333
10/08/2014,1,Overnight,1,Normal,4.494,4.336
10/09/2014,1,Overnight,1,Normal,4.487,4.329
10/10/2014,1,Overnight,4,Normal,4.491,4.334
10/14/2014,1,Overnight,1,Normal,4.499,4.341
10/15/2014,1,Overnight,1,Normal,4.499,4.341
10/16/2014,1,Overnight,1,Normal,4.497,4.339
10/17/2014,1,Overnight,3,Normal,4.491,4.334
10/20/2014,1,Overnight,1,Normal,4.498,4.34
10/21/2014,1,Overnight,1,Normal,4.497,4.339
10/22/2014,1,Overnight,1,Normal,4.498,4.34
10/23/2014,1,Overnight,1,Normal,4.498,4.34
10/24/2014,1,Overnight,3,Normal,4.498,4.34
10/27/2014,1,Overnight,1,Normal,4.498,4.34
10/28/2014,1,Overnight,1,Normal,4.498,4.34
10/29/2014,1,Overnight,1,Normal,4.498,4.34
10/30/2014,1,Overnight,1,Normal,4.497,4.339
10/31/2014,1,Overnight,4,Normal,4.487,4.33
11/04/2014,1,Overnight,1,Normal,4.497,4.339
11/05/2014,1,Overnight,1,Normal,4.5,4.342
11/06/2014,1,Overnight,1,Normal,4.5,4.342
11/07/2014,1,Overnight,3,Normal,4.5,4.342
11/10/2014,1,Overnight,1,Normal,4.506,4.347
11/11/2014,1,Overnight,1,Normal,4.502,4.344
11/12/2014,1,Overnight,1,Normal,4.5,4.342
11/13/2014,1,Overnight,1,Normal,4.5,4.342
11/14/2014,1,Overnight,4,Normal,4.5,4.342
11/18/2014,1,Overnight,1,Normal,4.502,4.344
11/19/2014,1,Overnight,1,Normal,4.501,4.343
11/20/2014,1,Overnight,1,Normal,4.502,4.344
11/21/2014,1,Overnight,3,Normal,4.503,4.345
11/24/2014,1,Overnight,1,Normal,4.502,4.344
11/25/2014,1,Overnight,1,Normal,4.5,4.342
11/26/2014,1,Overnight,1,Normal,4.501,4.343
11/27/2014,1,Overnight,1,Normal,4.502,4.344
11/28/2014,1,Overnight,3,Normal,4.502,4.344
12/01/2014,1,Overnight,1,Normal,4.502,4.344
12/02/2014,1,Overnight,1,Normal,4.501,4.343
12/03/2014,1,Overnight,1,Normal,4.499,4.341
12/04/2014,1,Overnight,1,Normal,4.501,4.343
12/05/2014,1,Overnight,4,Normal,4.503,4.345
12/09/2014,1,Overnight,1,Normal,4.506,4.347
12/10/2014,1,Overnight,1,Normal,4.508,4.349
12/11/2014,1,Overnight,1,Normal,4.505,4.346
12/12/2014,1,Overnight,3,Normal,4.505,4.347
12/15/2014,1,Overnight,1,Normal,4.506,4.347
12/16/2014,1,Overnight,1,Normal,4.508,4.349
12/17/2014,1,Overnight,1,Normal,4.51,4.351
12/18/2014,1,Overnight,1,Normal,4.507,4.348
12/19/2014,1,Overnight,3,Normal,4.507,4.349
12/22/2014,1,Overnight,1,Normal,4.511,4.352
12/23/2014,1,Overnight,1,Normal,4.519,4.36
12/24/2014,1,Overnight,2,Normal,4.514,4.355
12/26/2014,1,Overnight,3,Normal,4.501,4.343
12/29/2014,1,Overnight,1,Normal,4.51,4.351
12/30/2014,1,Overnight,3,Normal,4.517,4.358
01/02/2015,1,Overnight,3,Normal,4.519,4.36
01/05/2015,1,Overnight,1,Normal,4.522,4.362
01/06/2015,1,Overnight,1,Normal,4.523,4.363
01/07/2015,1,Overnight,1,Normal,4.524,4.364
01/08/2015,1,Overnight,1,Normal,4.525,4.365
01/09/2015,1,Overnight,4,Normal,4.516,4.358
01/13/2015,1,Overnight,1,Normal,4.52,4.361
01/14/2015,1,Overnight,1,Normal,4.523,4.363
01/15/2015,1,Overnight,1,Normal,4.517,4.358
01/16/2015,1,Overnight,3,Normal,4.508,4.35
01/19/2015,1,Overnight,1,Normal,4.517,4.358
01/20/2015,1,Overnight,1,Normal,4.524,4.364
01/21/2015,1,Overnight,1,Normal,4.524,4.364
01/22/2015,1,Overnight,1,Normal,4.516,4.357
01/23/2015,1,Overnight,3,Normal,4.523,4.364
01/26/2015,1,Overnight,1,Normal,4.527,4.367
01/27/2015,1,Overnight,1,Normal,4.53,4.37
01/28/2015,1,Overnight,1,Normal,4.532,4.372
01/29/2015,1,Overnight,1,Normal,4.533,4.373
01/30/2015,1,Overnight,3,Normal,4.536,4.376
02/02/2015,1,Overnight,1,Normal,4.525,4.365
02/03/2015,1,Overnight,1,Normal,4.523,4.363
02/04/2015,1,Overnight,1,Normal,4.531,4.371
02/05/2015,1,Overnight,1,Normal,4.535,4.375
02/06/2015,1,Overnight,3,Normal,4.529,4.37
02/09/2015,1,Overnight,1,Normal,4.525,4.365
02/10/2015,1,Overnight,1,Normal,4.525,4.365
02/11/2015,1,Overnight,1,Normal,4.525,4.365
02/12/2015,1,Overnight,1,Normal,4.523,4.363
02/13/2015,1,Overnight,3,Normal,4.518,4.359
02/16/2015,1,Overnight,1,Normal,4.51,4.351
02/17/2015,1,Overnight,1,Normal,4.502,4.344
02/18/2015,1,Overnight,1,Normal,4.506,4.347
02/19/2015,1,Overnight,1,Normal,4.508,4.349
02/20/2015,1,Overnight,3,Normal,4.508,4.35
02/23/2015,1,Overnight,1,Normal,4.507,4.348
02/24/2015,1,Overnight,1,Normal,4.502,4.344
02/25/2015,1,Overnight,1,Normal,4.499,4.341
02/26/2015,1,Overnight,1,Normal,4.499,4.341
02/27/2015,1,Overnight,3,Normal,4.491,4.334
03/02/2015,1,Overnight,1,Normal,4.489,4.331
03/03/2015,1,Overnight,1,Normal,4.477,4.32
03/04/2015,1,Overnight,1,Normal,4.488,4.33
03/05/2015,1,Overnight,1,Normal,4.493,4.335
03/06/2015,1,Overnight,3,Normal,4.492,4.335
03/09/2015,1,Overnight,1,Normal,4.5,4.342
03/10/2015,1,Overnight,1,Normal,4.5,4.342
03/11/2015,1,Overnight,1,Normal,4.5,4.342
03/12/2015,1,Overnight,1,Normal,4.498,4.34
03/13/2015,1,Overnight,3,Normal,4.498,4.34
03/16/2015,1,Overnight,1,Normal,4.498,4.34
03/17/2015,1,Overnight,1,Normal,4.5,4.342
03/18/2015,1,Overnight,1,Normal,4.5,4.342
03/19/2015,1,Overnight,1,Normal,4.5,4.342
03/20/2015,1,Overnight,4,Normal,4.503,4.345
03/24/2015,1,Overnight,1,Normal,4.505,4.346
03/25/2015,1,Overnight,1,Normal,4.508,4.349
03/26/2015,1,Overnight,1,Normal,4.51,4.351
03/27/2015,1,Overnight,3,Normal,4.511,4.353
03/30/2015,1,Overnight,1,Normal,4.514,4.355
03/31/2015,1,Overnight,1,Normal,4.517,4.358
04/01/2015,1,Overnight,5,Normal,4.518,4.36
04/06/2015,1,Overnight,1,Normal,4.522,4.362
04/07/2015,1,Overnight,1,Normal,4.524,4.364
04/08/2015,1,Overnight,1,Normal,4.524,4.364
04/09/2015,1,Overnight,1,Normal,4.522,4.362
04/10/2015,1,Overnight,3,Normal,4.52,4.361
04/13/2015,1,Overnight,1,Normal,4.509,4.35
04/14/2015,1,Overnight,1,Normal,4.504,4.345
04/15/2015,1,Overnight,1,Normal,4.504,4.345
04/16/2015,1,Overnight,1,Normal,4.502,4.344
04/17/2015,1,Overnight,3,Normal,4.504,4.346
04/20/2015,1,Overnight,1,Normal,4.508,4.349
04/21/2015,1,Overnight,1,Normal,4.506,4.347
04/22/2015,1,Overnight,1,Normal,4.507,4.348
04/23/2015,1,Overnight,1,Normal,4.507,4.348
04/24/2015,1,Overnight,3,Normal,4.511,4.353
04/27/2015,1,Overnight,1,Normal,4.513,4.354
04/28/2015,1,Overnight,1,Normal,4.52,4.361
04/29/2015,1,Overnight,1,Normal,4.524,4.364
04/30/2015,1,Overnight,4,Normal,4.533,4.374
05/04/2015,1,Overnight,1,Normal,4.523,4.363
05/05/2015,1,Overnight,1,Normal,4.524,4.364
05/06/2015,1,Overnight,1,Normal,4.512,4.353
05/07/2015,1,Overnight,1,Normal,4.507,4.348
05/08/2015,1,Overnight,3,Normal,4.509,4.351
05/11/2015,1,Overnight,1,Normal,4.515,4.356
05/12/2015,1,Overnight,1,Normal,4.506,4.347
05/13/2015,1,Overnight,1,Normal,4.504,4.345
05/14/2015,1,Overnight,1,Normal,4.505,4.346
05/15/2015,1,Overnight,4,Normal,4.511,4.353
05/19/2015,1,Overnight,1,Normal,4.512,4.353
05/20/2015,1,Overnight,1,Normal,4.513,4.354
05/21/2015,1,Overnight,1,Normal,4.508,4.349
05/22/2015,1,Overnight,3,Normal,4.509,4.351
05/25/2015,1,Overnight,1,Normal,4.505,4.346
05/26/2015,1,Overnight,1,Normal,4.507,4.348
05/27/2015,1,Overnight,1,Normal,4.51,4.351
05/28/2015,1,Overnight,1,Normal,4.511,4.352
05/29/2015,1,Overnight,3,Normal,4.508,4.35
06/01/2015,1,Overnight,1,Normal,4.511,4.352
06/02/2015,1,Overnight,1,Normal,4.515,4.356
06/03/2015,1,Overnight,1,Normal,4.517,4.358
06/04/2015,1,Overnight,1,Normal,4.505,4.346
06/05/2015,1,Overnight,4,Normal,4.498,4.341
06/09/2015,1,Overnight,1,Normal,4.502,4.344
06/10/2015,1,Overnight,1,Normal,4.502,4.344
06/11/2015,1,Overnight,1,Normal,4.505,4.346
06/12/2015,1,Overnight,4,Normal,4.508,4.35
06/16/2015,1,Overnight,1,Normal,4.502,4.344
06/17/2015,1,Overnight,1,Normal,4.499,4.341
06/18/2015,1,Overnight,1,Normal,4.499,4.341
06/19/2015,1,Overnight,3,Normal,4.499,4.341
06/22/2015,1,Overnight,1,Normal,4.51,4.351
06/23/2015,1,Overnight,1,Normal,4.513,4.354
06/24/2015,1,Overnight,1,Normal,4.509,4.35
06/25/2015,1,Overnight,1,Normal,4.514,4.355
06/26/2015,1,Overnight,4,Normal,4.519,4.36
06/30/2015,1,Overnight,1,Normal,4.52,4.361
07/01/2015,1,Overnight,1,Normal,4.523,4.363
07/02/2015,1,Overnight,1,Normal,4.527,4.367
07/03/2015,1,Overnight,3,Normal,4.529,4.37
07/06/2015,1,Overnight,1,Normal,4.533,4.373
07/07/2015,1,Overnight,1,Normal,4.517,4.358
07/08/2015,1,Overnight,1,Normal,4.517,4.358
07/09/2015,1,Overnight,1,Normal,4.526,4.366
07/10/2015,1,Overnight,3,Normal,4.523,4.364
07/13/2015,1,Overnight,1,Normal,4.525,4.365
07/14/2015,1,Overnight,1,Normal,4.522,4.362
07/15/2015,1,Overnight,1,Normal,4.523,4.363
07/16/2015,1,Overnight,1,Normal,4.526,4.366
07/17/2015,1,Overnight,4,Normal,4.528,4.369
07/21/2015,1,Overnight,1,Normal,4.532,4.372
07/22/2015,1,Overnight,1,Normal,4.532,4.372
07/23/2015,1,Overnight,1,Normal,4.533,4.373
07/24/2015,1,Overnight,3,Normal,4.537,4.377
07/27/2015,1,Overnight,1,Normal,4.54,4.379
07/28/2015,1,Overnight,1,Normal,4.541,4.38
07/29/2015,1,Overnight,1,Normal,4.536,4.376
07/30/2015,1,Overnight,1,Normal,4.531,4.371
07/31/2015,1,Overnight,3,Normal,4.528,4.369
08/03/2015,1,Overnight,1,Normal,4.53,4.37
08/04/2015,1,Overnight,1,Normal,4.532,4.372
08/05/2015,1,Overnight,1,Normal,4.528,4.368
08/06/2015,1,Overnight,4,Normal,4.526,4.367
08/10/2015,1,Overnight,1,Normal,4.525,4.365
08/11/2015,1,Overnight,1,Normal,4.523,4.363
08/12/2015,1,Overnight,1,Normal,4.518,4.359
08/13/2015,1,Overnight,1,Normal,4.515,4.356
08/14/2015,1,Overnight,4,Normal,4.511,4.353
08/18/2015,1,Overnight,1,Normal,4.506,4.347
08/19/2015,1,Overnight,1,Normal,4.505,4.346
08/20/2015,1,Overnight,1,Normal,4.511,4.352
08/21/2015,1,Overnight,3,Normal,4.514,4.355
08/24/2015,1,Overnight,1,Normal,4.519,4.36
08/25/2015,1,Overnight,1,Normal,4.524,4.364
08/26/2015,1,Overnight,1,Normal,4.523,4.363
08/27/2015,1,Overnight,1,Normal,4.525,4.365
08/28/2015,1,Overnight,3,Normal,4.518,4.359
08/31/2015,1,Overnight,1,Normal,4.515,4.356
09/01/2015,1,Overnight,1,Normal,4.504,4.345
09/02/2015,1,Overnight,1,Normal,4.508,4.349
09/03/2015,1,Overnight,1,Normal,4.51,4.351
09/04/2015,1,Overnight,3,Normal,4.51,4.352
09/07/2015,1,Overnight,1,Normal,4.512,4.353
09/08/2015,1,Overnight,1,Normal,4.515,4.356
09/09/2015,1,Overnight,1,Normal,4.517,4.358
09/10/2015,1,Overnight,1,Normal,4.518,4.359
09/11/2015,1,Overnight,3,Normal,4.52,4.361
09/14/2015,1,Overnight,1,Normal,4.523,4.363
09/15/2015,1,Overnight,1,Normal,4.523,4.363
09/16/2015,1,Overnight,1,Normal,4.52,4.361
09/17/2015,1,Overnight,1,Normal,4.523,4.363
09/18/2015,1,Overnight,3,Normal,4.523,4.364
09/21/2015,1,Overnight,1,Normal,4.525,4.365
09/22/2015,1,Overnight,1,Normal,4.524,4.364
09/23/2015,1,Overnight,1,Normal,4.523,4.363
09/24/2015,1,Overnight,1,Normal,4.523,4.363
09/25/2015,1,Overnight,3,Normal,4.524,4.365
09/28/2015,1,Overnight,1,Normal,4.769,4.595
09/29/2015,1,Overnight,1,Normal,4.774,4.6
09/30/2015,1,Overnight,1,Normal,4.783,4.608
10/01/2015,1,Overnight,1,Normal,4.788,4.613
10/02/2015,1,Overnight,3,Normal,4.795,4.62
10/05/2015,1,Overnight,1,Normal,4.802,4.626
10/06/2015,1,Overnight,1,Normal,4.812,4.636
10/07/2015,1,Overnight,1,Normal,4.819,4.642
10/08/2015,1,Overnight,1,Normal,4.824,4.647
10/09/2015,1,Overnight,4,Normal,4.84,4.663
10/13/2015,1,Overnight,1,Normal,4.857,4.678
10/14/2015,1,Overnight,1,Normal,4.854,4.675
10/15/2015,1,Overnight,1,Normal,4.912,4.73
10/16/2015,1,Overnight,3,Normal,4.928,4.745
10/19/2015,1,Overnight,1,Normal,4.918,4.735
10/20/2015,1,Overnight,1,Normal,4.912,4.73
10/21/2015,1,Overnight,1,Normal,4.896,4.715
10/22/2015,1,Overnight,1,Normal,4.888,4.707
10/23/2015,1,Overnight,3,Normal,4.885,4.705
10/26/2015,1,Overnight,1,Normal,4.825,4.648
10/27/2015,1,Overnight,1,Normal,4.786,4.611
10/28/2015,1,Overnight,1,Normal,4.769,4.595
10/29/2015,1,Overnight,1,Normal,4.753,4.58
10/30/2015,1,Overnight,4,Normal,4.725,4.555
11/03/2015,1,Overnight,1,Normal,5.247,5.044
11/04/2015,1,Overnight,1,Normal,5.206,5.006
11/05/2015,1,Overnight,1,Normal,5.192,4.993
11/06/2015,1,Overnight,3,Normal,5.166,4.969
11/09/2015,1,Overnight,1,Normal,5.151,4.954
11/10/2015,1,Overnight,1,Normal,5.135,4.939
11/11/2015,1,Overnight,1,Normal,5.125,4.93
11/12/2015,1,Overnight,1,Normal,5.118,4.923
11/13/2015,1,Overnight,4,Normal,5.097,4.905
11/17/2015,1,Overnight,1,Normal,5.088,4.895
11/18/2015,1,Overnight,1,Normal,5.093,4.9
11/19/2015,1,Overnight,1,Normal,5.107,4.913
11/20/2015,1,Overnight,3,Normal,5.112,4.918
11/23/2015,1,Overnight,1,Normal,5.123,4.928
11/24/2015,1,Overnight,1,Normal,5.11,4.916
11/25/2015,1,Overnight,1,Normal,5.107,4.913
11/26/2015,1,Overnight,1,Normal,5.108,4.914
11/27/2015,1,Overnight,3,Normal,5.129,4.934
11/30/2015,1,Overnight,1,Normal,5.461,5.245
12/01/2015,1,Overnight,1,Normal,5.44,5.225
12/02/2015,1,Overnight,1,Normal,5.477,5.26
12/03/2015,1,Overnight,1,Normal,5.483,5.265
12/04/2015,1,Overnight,3,Normal,5.486,5.269
12/07/2015,1,Overnight,2,Normal,5.488,5.27
12/09/2015,1,Overnight,1,Normal,5.493,5.275
12/10/2015,1,Overnight,1,Normal,5.497,5.278
12/11/2015,1,Overnight,3,Normal,5.503,5.285
12/14/2015,1,Overnight,1,Normal,5.503,5.284
12/15/2015,1,Overnight,1,Normal,5.515,5.295
12/16/2015,1,Overnight,1,Normal,5.518,5.298
12/17/2015,1,Overnight,1,Normal,5.524,5.304
12/18/2015,1,Overnight,3,Normal,5.533,5.313
12/21/2015,1,Overnight,1,Normal,5.756,5.52
12/22/2015,1,Overnight,1,Normal,5.762,5.526
12/23/2015,1,Overnight,1,Normal,5.761,5.525
12/24/2015,1,Overnight,4,Normal,5.772,5.536
12/28/2015,1,Overnight,1,Normal,5.767,5.53
12/29/2015,1,Overnight,1,Normal,5.775,5.538
12/30/2015,1,Overnight,5,Normal,5.785,5.549
01/04/2016,1,Overnight,1,Normal,5.786,5.548
01/05/2016,1,Overnight,1,Normal,5.776,5.539
01/06/2016,1,Overnight,1,Normal,5.778,5.541
01/07/2016,1,Overnight,1,Normal,5.779,5.542
01/08/2016,1,Overnight,4,Normal,5.78,5.544
01/12/2016,1,Overnight,1,Normal,5.786,5.548
01/13/2016,1,Overnight,1,Normal,5.778,5.541
01/14/2016,1,Overnight,1,Normal,5.778,5.541
01/15/2016,1,Overnight,3,Normal,5.78,5.543
01/18/2016,1,Overnight,1,Normal,5.784,5.546
01/19/2016,1,Overnight,1,Normal,5.771,5.534
01/20/2016,1,Overnight,1,Normal,5.777,5.54
01/21/2016,1,Overnight,1,Normal,5.78,5.543
01/22/2016,1,Overnight,3,Normal,5.778,5.542
01/25/2016,1,Overnight,1,Normal,5.783,5.545
01/26/2016,1,Overnight,1,Normal,5.782,5.544
01/27/2016,1,Overnight,1,Normal,5.774,5.537
01/28/2016,1,Overnight,1,Normal,5.777,5.54
01/29/2016,1,Overnight,3,Normal,5.769,5.533
02/01/2016,1,Overnight,1,Normal,6.002,5.749
02/02/2016,1,Overnight,1,Normal,5.99,5.738
02/03/2016,1,Overnight,1,Normal,6.001,5.748
02/04/2016,1,Overnight,1,Normal,6.002,5.749
02/05/2016,1,Overnight,3,Normal,6.005,5.753
02/08/2016,1,Overnight,1,Normal,6.006,5.753
02/09/2016,1,Overnight,1,Normal,6.007,5.754
02/10/2016,1,Overnight,1,Normal,6.008,5.755
02/11/2016,1,Overnight,1,Normal,6.006,5.753
02/12/2016,1,Overnight,3,Normal,6.003,5.751
02/15/2016,1,Overnight,1,Normal,6.011,5.758
02/16/2016,1,Overnight,1,Normal,5.994,5.742
02/17/2016,1,Overnight,1,Normal,6.007,5.754
02/18/2016,1,Overnight,1,Normal,6.003,5.75
02/19/2016,1,Overnight,3,Normal,6.007,5.755
02/22/2016,1,Overnight,1,Normal,6.261,5.99
02/23/2016,1,Overnight,1,Normal,6.25,5.98
02/24/2016,1,Overnight,1,Normal,6.247,5.977
02/25/2016,1,Overnight,1,Normal,6.247,5.977
02/26/2016,1,Overnight,3,Normal,6.249,5.98
02/29/2016,1,Overnight,1,Normal,6.247,5.977
03/01/2016,1,Overnight,1,Normal,6.237,5.968
03/02/2016,1,Overnight,1,Normal,6.247,5.977
03/03/2016,1,Overnight,1,Normal,6.246,5.976
03/04/2016,1,Overnight,3,Normal,6.251,5.982
03/07/2016,1,Overnight,1,Normal,6.249,5.979
03/08/2016,1,Overnight,1,Normal,6.247,5.977
03/09/2016,1,Overnight,1,Normal,6.25,5.98
03/10/2016,1,Overnight,1,Normal,6.253,5.983
03/11/2016,1,Overnight,3,Normal,6.25,5.981
03/14/2016,1,Overnight,1,Normal,6.249,5.979
03/15/2016,1,Overnight,1,Normal,6.234,5.965
03/16/2016,1,Overnight,1,Normal,6.245,5.975
03/17/2016,1,Overnight,1,Normal,6.249,5.979
03/18/2016,1,Overnight,4,Normal,6.25,5.981
03/22/2016,1,Overnight,1,Normal,6.502,6.214
03/23/2016,1,Overnight,5,Normal,6.497,6.211
03/28/2016,1,Overnight,1,Normal,6.5,6.212
03/29/2016,1,Overnight,1,Normal,6.496,6.208
03/30/2016,1,Overnight,1,Normal,6.507,6.218
03/31/2016,1,Overnight,1,Normal,6.505,6.216
04/01/2016,1,Overnight,3,Normal,6.499,6.212
04/04/2016,1,Overnight,1,Normal,6.5,6.212
04/05/2016,1,Overnight,1,Normal,6.5,6.212
04/06/2016,1,Overnight,1,Normal,6.502,6.214
04/07/2016,1,Overnight,1,Normal,6.504,6.215
04/08/2016,1,Overnight,3,Normal,6.501,6.214
04/11/2016,1,Overnight,1,Normal,6.499,6.211
04/12/2016,1,Overnight,1,Normal,6.497,6.209
04/13/2016,1,Overnight,1,Normal,6.499,6.211
04/14/2016,1,Overnight,1,Normal,6.499,6.211
04/15/2016,1,Overnight,3,Normal,6.498,6.211
04/18/2016,1,Overnight,1,Normal,6.495,6.207
04/19/2016,1,Overnight,1,Normal,6.495,6.207
04/20/2016,1,Overnight,1,Normal,6.495,6.207
04/21/2016,1,Overnight,1,Normal,6.494,6.206
04/22/2016,1,Overnight,3,Normal,6.498,6.211
04/25/2016,1,Overnight,1,Normal,6.499,6.211
04/26/2016,1,Overnight,1,Normal,6.489,6.202
04/27/2016,1,Overnight,1,Normal,6.502,6.214
04/28/2016,1,Overnight,1,Normal,6.505,6.216
04/29/2016,1,Overnight,3,Normal,6.505,6.217
05/02/2016,1,Overnight,1,Normal,7,6.674
05/03/2016,1,Overnight,1,Normal,7.001,6.675
05/04/2016,1,Overnight,1,Normal,7.001,6.675
05/05/2016,1,Overnight,1,Normal,7.001,6.675
05/06/2016,1,Overnight,4,Normal,6.999,6.675
05/10/2016,1,Overnight,1,Normal,6.986,6.661
05/11/2016,1,Overnight,1,Normal,6.998,6.672
05/12/2016,1,Overnight,1,Normal,7.003,6.677
05/13/2016,1,Overnight,3,Normal,7.004,6.679
05/16/2016,1,Overnight,1,Normal,7.003,6.677
05/17/2016,1,Overnight,1,Normal,7.003,6.677
05/18/2016,1,Overnight,1,Normal,7.007,6.68
05/19/2016,1,Overnight,1,Normal,7.008,6.681
05/20/2016,1,Overnight,3,Normal,7.008,6.682
05/23/2016,1,Overnight,1,Normal,7.019,6.691
05/24/2016,1,Overnight,1,Normal,7.006,6.679
05/25/2016,1,Overnight,1,Normal,7.027,6.699
05/26/2016,1,Overnight,1,Normal,7.037,6.708
05/27/2016,1,Overnight,4,Normal,7.046,6.718
05/31/2016,1,Overnight,1,Normal,7.253,6.907
06/01/2016,1,Overnight,1,Normal,7.26,6.913
06/02/2016,1,Overnight,1,Normal,7.265,6.918
06/03/2016,1,Overnight,4,Normal,7.259,6.914
06/07/2016,1,Overnight,1,Normal,7.26,6.913
06/08/2016,1,Overnight,1,Normal,7.263,6.916
06/09/2016,1,Overnight,1,Normal,7.266,6.919
06/10/2016,1,Overnight,3,Normal,7.266,6.92
06/13/2016,1,Overnight,1,Normal,7.27,6.922
06/14/2016,1,Overnight,1,Normal,7.261,6.914
06/15/2016,1,Overnight,1,Normal,7.252,6.906
06/16/2016,1,Overnight,1,Normal,7.25,6.904
06/17/2016,1,Overnight,3,Normal,7.25,6.905
06/20/2016,1,Overnight,1,Normal,7.259,6.912
06/21/2016,1,Overnight,1,Normal,7.267,6.92
06/22/2016,1,Overnight,1,Normal,7.271,6.923
06/23/2016,1,Overnight,1,Normal,7.498,7.132
06/24/2016,1,Overnight,3,Normal,7.505,7.14
06/27/2016,1,Overnight,1,Normal,7.505,7.138
06/28/2016,1,Overnight,1,Normal,7.5,7.134
06/29/2016,1,Overnight,1,Normal,7.498,7.132
06/30/2016,1,Overnight,1,Normal,7.5,7.134
07/01/2016,1,Overnight,4,Normal,7.493,7.129
07/05/2016,1,Overnight,1,Normal,7.491,7.125
07/06/2016,1,Overnight,1,Normal,7.494,7.128
07/07/2016,1,Overnight,1,Normal,7.493,7.127
07/08/2016,1,Overnight,3,Normal,7.488,7.124
07/11/2016,1,Overnight,1,Normal,7.482,7.117
07/12/2016,1,Overnight,1,Normal,7.477,7.113
07/13/2016,1,Overnight,1,Normal,7.477,7.113
07/14/2016,1,Overnight,1,Normal,7.469,7.105
07/15/2016,1,Overnight,3,Normal,7.457,7.096
07/18/2016,1,Overnight,1,Normal,7.449,7.087
07/19/2016,1,Overnight,2,Normal,7.449,7.088
07/21/2016,1,Overnight,1,Normal,7.451,7.089
07/22/2016,1,Overnight,3,Normal,7.443,7.083
07/25/2016,1,Overnight,1,Normal,7.45,7.088
07/26/2016,1,Overnight,1,Normal,7.451,7.089
07/27/2016,1,Overnight,1,Normal,7.445,7.083
07/28/2016,1,Overnight,1,Normal,7.443,7.081
07/29/2016,1,Overnight,3,Normal,7.429,7.07
08/01/2016,1,Overnight,1,Normal,7.736,7.35
08/02/2016,1,Overnight,1,Normal,7.724,7.339
08/03/2016,1,Overnight,1,Normal,7.743,7.356
08/04/2016,1,Overnight,1,Normal,7.75,7.363
08/05/2016,1,Overnight,3,Normal,7.756,7.37
08/08/2016,1,Overnight,1,Normal,7.762,7.374
08/09/2016,1,Overnight,1,Normal,7.764,7.376
08/10/2016,1,Overnight,1,Normal,7.767,7.378
08/11/2016,1,Overnight,1,Normal,7.768,7.379
08/12/2016,1,Overnight,4,Normal,7.768,7.382
08/16/2016,1,Overnight,1,Normal,7.784,7.394
08/17/2016,1,Overnight,1,Normal,7.78,7.39
08/18/2016,1,Overnight,1,Normal,7.78,7.39
08/19/2016,1,Overnight,3,Normal,7.78,7.392
08/22/2016,1,Overnight,1,Normal,7.784,7.394
08/23/2016,1,Overnight,1,Normal,7.788,7.398
08/24/2016,1,Overnight,1,Normal,7.786,7.396
08/25/2016,1,Overnight,1,Normal,7.784,7.394
08/26/2016,1,Overnight,3,Normal,7.774,7.386
08/29/2016,1,Overnight,1,Normal,7.765,7.377
08/30/2016,1,Overnight,1,Normal,7.749,7.362
08/31/2016,1,Overnight,1,Normal,7.75,7.363
09/01/2016,1,Overnight,1,Normal,7.747,7.36
09/02/2016,1,Overnight,3,Normal,7.751,7.365
09/05/2016,1,Overnight,1,Normal,7.758,7.37
09/06/2016,1,Overnight,1,Normal,7.757,7.369
09/07/2016,1,Overnight,1,Normal,7.75,7.363
09/08/2016,1,Overnight,1,Normal,7.751,7.364
09/09/2016,1,Overnight,3,Normal,7.758,7.372
09/12/2016,1,Overnight,1,Normal,7.768,7.379
09/13/2016,1,Overnight,1,Normal,7.757,7.369
09/14/2016,1,Overnight,1,Normal,7.76,7.372
09/15/2016,1,Overnight,1,Normal,7.753,7.366
09/16/2016,1,Overnight,3,Normal,7.753,7.367
09/19/2016,1,Overnight,1,Normal,7.756,7.368
09/20/2016,1,Overnight,1,Normal,7.756,7.368
09/21/2016,1,Overnight,1,Normal,7.759,7.371
09/22/2016,1,Overnight,1,Normal,7.762,7.374
09/23/2016,1,Overnight,3,Normal,7.755,7.369
09/26/2016,1,Overnight,1,Normal,7.761,7.373
09/27/2016,1,Overnight,1,Normal,7.756,7.368
09/28/2016,1,Overnight,1,Normal,7.752,7.365
09/29/2016,1,Overnight,1,Normal,7.751,7.364
09/30/2016,1,Overnight,3,Normal,7.749,7.363
10/03/2016,1,Overnight,1,Normal,7.75,7.363
10/04/2016,1,Overnight,1,Normal,7.759,7.371
10/05/2016,1,Overnight,1,Normal,7.76,7.372
10/06/2016,1,Overnight,1,Normal,7.755,7.367
10/07/2016,1,Overnight,3,Normal,7.749,7.363
10/10/2016,1,Overnight,1,Normal,7.75,7.363
10/11/2016,1,Overnight,1,Normal,7.747,7.36
10/12/2016,1,Overnight,1,Normal,7.746,7.359
10/13/2016,1,Overnight,1,Normal,7.749,7.362
10/14/2016,1,Overnight,4,Normal,7.748,7.363
10/18/2016,1,Overnight,1,Normal,7.755,7.367
10/19/2016,1,Overnight,1,Normal,7.759,7.371
10/20/2016,1,Overnight,1,Normal,7.762,7.374
10/21/2016,1,Overnight,3,Normal,7.762,7.375
10/24/2016,1,Overnight,1,Normal,7.756,7.368
10/25/2016,1,Overnight,1,Normal,7.751,7.364
10/26/2016,1,Overnight,1,Normal,7.748,7.361
10/27/2016,1,Overnight,1,Normal,7.748,7.361
10/28/2016,1,Overnight,3,Normal,7.746,7.361
10/31/2016,1,Overnight,1,Normal,7.75,7.363
11/01/2016,1,Overnight,1,Normal,7.75,7.363
11/02/2016,1,Overnight,1,Normal,7.749,7.362
11/03/2016,1,Overnight,1,Normal,7.747,7.36
11/04/2016,1,Overnight,4,Normal,7.741,7.357
11/08/2016,1,Overnight,1,Normal,7.749,7.362
11/09/2016,1,Overnight,1,Normal,7.749,7.362
11/10/2016,1,Overnight,1,Normal,7.748,7.361
11/11/2016,1,Overnight,4,Normal,7.746,7.361
11/15/2016,1,Overnight,1,Normal,7.748,7.361
11/16/2016,1,Overnight,1,Normal,7.746,7.359
11/17/2016,1,Overnight,1,Normal,7.745,7.358
11/18/2016,1,Overnight,3,Normal,7.745,7.36
11/21/2016,1,Overnight,1,Normal,7.75,7.363
11/22/2016,1,Overnight,1,Normal,7.745,7.358
11/23/2016,1,Overnight,1,Normal,7.749,7.362
11/24/2016,1,Overnight,1,Normal,7.751,7.364
11/25/2016,1,Overnight,3,Normal,7.747,7.362
11/28/2016,1,Overnight,1,Normal,7.751,7.364
11/29/2016,1,Overnight,1,Normal,7.749,7.362
11/30/2016,1,Overnight,1,Normal,7.75,7.363
12/01/2016,1,Overnight,1,Normal,7.75,7.363
12/02/2016,1,Overnight,3,Normal,7.747,7.362
12/05/2016,1,Overnight,1,Normal,7.749,7.362
12/06/2016,1,Overnight,1,Normal,7.751,7.364
12/07/2016,1,Overnight,2,Normal,7.749,7.363
12/09/2016,1,Overnight,3,Normal,7.749,7.363
12/12/2016,1,Overnight,1,Normal,7.753,7.366
12/13/2016,1,Overnight,1,Normal,7.753,7.366
12/14/2016,1,Overnight,1,Normal,7.753,7.366
12/15/2016,1,Overnight,1,Normal,7.752,7.365
12/16/2016,1,Overnight,3,Normal,7.749,7.363
12/19/2016,1,Overnight,1,Normal,7.5,7.134
12/20/2016,1,Overnight,1,Normal,7.501,7.135
12/21/2016,1,Overnight,1,Normal,7.5,7.134
12/22/2016,1,Overnight,1,Normal,7.5,7.134
12/23/2016,1,Overnight,3,Normal,7.502,7.137
12/26/2016,1,Overnight,1,Normal,7.503,7.136
12/27/2016,1,Overnight,1,Normal,7.503,7.136
12/28/2016,1,Overnight,1,Normal,7.5,7.134
12/29/2016,1,Overnight,4,Normal,7.503,7.139
01/02/2017,1,Overnight,1,Normal,7.498,7.132
01/03/2017,1,Overnight,1,Normal,7.494,7.128
01/04/2017,1,Overnight,1,Normal,7.5,7.134
01/05/2017,1,Overnight,1,Normal,7.504,7.137
01/06/2017,1,Overnight,4,Normal,7.506,7.141
01/10/2017,1,Overnight,1,Normal,7.509,7.142
01/11/2017,1,Overnight,1,Normal,7.508,7.141
01/12/2017,1,Overnight,1,Normal,7.507,7.14
01/13/2017,1,Overnight,3,Normal,7.5,7.135
01/16/2017,1,Overnight,1,Normal,7.501,7.135
01/17/2017,1,Overnight,1,Normal,7.5,7.134
01/18/2017,1,Overnight,1,Normal,7.503,7.136
01/19/2017,1,Overnight,1,Normal,7.503,7.136
01/20/2017,1,Overnight,3,Normal,7.504,7.139
01/23/2017,1,Overnight,1,Normal,7.505,7.138
01/24/2017,1,Overnight,1,Normal,7.504,7.137
01/25/2017,1,Overnight,1,Normal,7.504,7.137
01/26/2017,1,Overnight,1,Normal,7.503,7.136
01/27/2017,1,Overnight,3,Normal,7.5,7.135
01/30/2017,1,Overnight,1,Normal,7.5,7.134
01/31/2017,1,Overnight,1,Normal,7.501,7.135
02/01/2017,1,Overnight,1,Normal,7.5,7.134
02/02/2017,1,Overnight,1,Normal,7.501,7.135
02/03/2017,1,Overnight,3,Normal,7.5,7.135
02/06/2017,1,Overnight,1,Normal,7.504,7.137
02/07/2017,1,Overnight,1,Normal,7.504,7.137
02/08/2017,1,Overnight,1,Normal,7.505,7.138
02/09/2017,1,Overnight,1,Normal,7.504,7.137
02/10/2017,1,Overnight,3,Normal,7.503,7.138
02/13/2017,1,Overnight,1,Normal,7.504,7.137
02/14/2017,1,Overnight,1,Normal,7.503,7.136
02/15/2017,1,Overnight,1,Normal,7.503,7.136
02/16/2017,1,Overnight,1,Normal,7.503,7.136
02/17/2017,1,Overnight,3,Normal,7.501,7.136
02/20/2017,1,Overnight,1,Normal,7.504,7.137
02/21/2017,1,Overnight,1,Normal,7.503,7.136
02/22/2017,1,Overnight,1,Normal,7.504,7.137
02/23/2017,1,Overnight,1,Normal,7.501,7.135
02/24/2017,1,Overnight,3,Normal,7.499,7.134
02/27/2017,1,Overnight,1,Normal,7.246,6.9
02/28/2017,1,Overnight,1,Normal,7.199,6.857
03/01/2017,1,Overnight,1,Normal,7.233,6.888
03/02/2017,1,Overnight,1,Normal,7.247,6.901
03/03/2017,1,Overnight,3,Normal,7.249,6.904
03/06/2017,1,Overnight,1,Normal,7.25,6.904
03/07/2017,1,Overnight,1,Normal,7.25,6.904
03/08/2017,1,Overnight,1,Normal,7.25,6.904
03/09/2017,1,Overnight,1,Normal,7.251,6.905
03/10/2017,1,Overnight,3,Normal,7.252,6.907
03/13/2017,1,Overnight,1,Normal,7.254,6.908
03/14/2017,1,Overnight,1,Normal,7.251,6.905
03/15/2017,1,Overnight,1,Normal,7.25,6.904
03/16/2017,1,Overnight,1,Normal,7.249,6.903
03/17/2017,1,Overnight,4,Normal,7.248,6.904
03/21/2017,1,Overnight,1,Normal,7.249,6.903
03/22/2017,1,Overnight,1,Normal,7.249,6.903
03/23/2017,1,Overnight,1,Normal,7.25,6.904
03/24/2017,1,Overnight,3,Normal,7.249,6.904
03/27/2017,1,Overnight,1,Normal,7.002,6.676
03/28/2017,1,Overnight,1,Normal,7,6.674
03/29/2017,1,Overnight,1,Normal,7,6.674
03/30/2017,1,Overnight,1,Normal,6.998,6.672
03/31/2017,1,Overnight,3,Normal,7,6.675
04/03/2017,1,Overnight,1,Normal,7,6.674
04/04/2017,1,Overnight,1,Normal,7.002,6.676
04/05/2017,1,Overnight,1,Normal,7.001,6.675
04/06/2017,1,Overnight,1,Normal,7,6.674
04/07/2017,1,Overnight,3,Normal,6.997,6.672
04/10/2017,1,Overnight,1,Normal,6.996,6.67
04/11/2017,1,Overnight,1,Normal,6.994,6.668
04/12/2017,1,Overnight,5,Normal,6.995,6.672
04/17/2017,1,Overnight,1,Normal,6.994,6.668
04/18/2017,1,Overnight,1,Normal,6.994,6.668
04/19/2017,1,Overnight,1,Normal,6.993,6.667
04/20/2017,1,Overnight,1,Normal,6.992,6.666
04/21/2017,1,Overnight,3,Normal,6.987,6.663
04/24/2017,1,Overnight,1,Normal,6.986,6.661
04/25/2017,1,Overnight,1,Normal,6.98,6.655
04/26/2017,1,Overnight,1,Normal,6.98,6.655
04/27/2017,1,Overnight,1,Normal,6.98,6.655
04/28/2017,1,Overnight,4,Normal,6.969,6.647
05/02/2017,1,Overnight,1,Normal,6.497,6.209
05/03/2017,1,Overnight,1,Normal,6.498,6.21
05/04/2017,1,Overnight,1,Normal,6.499,6.211
05/05/2017,1,Overnight,3,Normal,6.501,6.214
05/08/2017,1,Overnight,1,Normal,6.509,6.22
05/09/2017,1,Overnight,1,Normal,6.514,6.225
05/10/2017,1,Overnight,1,Normal,6.507,6.218
05/11/2017,1,Overnight,1,Normal,6.502,6.214
05/12/2017,1,Overnight,3,Normal,6.505,6.217
05/15/2017,1,Overnight,1,Normal,6.507,6.218
05/16/2017,1,Overnight,1,Normal,6.509,6.22
05/17/2017,1,Overnight,1,Normal,6.507,6.218
05/18/2017,1,Overnight,1,Normal,6.509,6.22
05/19/2017,1,Overnight,3,Normal,6.51,6.222
05/22/2017,1,Overnight,1,Normal,6.509,6.22
05/23/2017,1,Overnight,1,Normal,6.509,6.22
05/24/2017,1,Overnight,1,Normal,6.506,6.217
05/25/2017,1,Overnight,1,Normal,6.506,6.217
05/26/2017,1,Overnight,4,Normal,6.507,6.22
05/30/2017,1,Overnight,1,Normal,6.255,5.985
05/31/2017,1,Overnight,1,Normal,6.26,5.989
06/01/2017,1,Overnight,1,Normal,6.259,5.988
06/02/2017,1,Overnight,3,Normal,6.259,5.989
06/05/2017,1,Overnight,1,Normal,6.26,5.989
06/06/2017,1,Overnight,1,Normal,6.253,5.983
06/07/2017,1,Overnight,1,Normal,6.254,5.984
06/08/2017,1,Overnight,1,Normal,6.252,5.982
06/09/2017,1,Overnight,3,Normal,6.253,5.984
06/12/2017,1,Overnight,1,Normal,6.254,5.984
06/13/2017,1,Overnight,1,Normal,6.252,5.982
06/14/2017,1,Overnight,1,Normal,6.251,5.981
06/15/2017,1,Overnight,1,Normal,6.249,5.979
06/16/2017,1,Overnight,4,Normal,6.248,5.98
06/20/2017,1,Overnight,1,Normal,6.25,5.98
06/21/2017,1,Overnight,1,Normal,6.251,5.981
06/22/2017,1,Overnight,1,Normal,6.253,5.983
06/23/2017,1,Overnight,4,Normal,6.256,5.987
06/27/2017,1,Overnight,1,Normal,6.259,5.988
06/28/2017,1,Overnight,1,Normal,6.257,5.986
06/29/2017,1,Overnight,1,Normal,6.252,5.982
06/30/2017,1,Overnight,4,Normal,6.252,5.983
07/04/2017,1,Overnight,1,Normal,5.748,5.513
07/05/2017,1,Overnight,1,Normal,5.749,5.514
07/06/2017,1,Overnight,1,Normal,5.75,5.515
07/07/2017,1,Overnight,3,Normal,5.754,5.519
07/10/2017,1,Overnight,1,Normal,5.754,5.518
07/11/2017,1,Overnight,1,Normal,5.757,5.521
07/12/2017,1,Overnight,1,Normal,5.758,5.522
07/13/2017,1,Overnight,1,Normal,5.757,5.521
07/14/2017,1,Overnight,3,Normal,5.757,5.522
07/17/2017,1,Overnight,1,Normal,5.755,5.519
07/18/2017,1,Overnight,1,Normal,5.754,5.518
07/19/2017,1,Overnight,2,Normal,5.754,5.519
07/21/2017,1,Overnight,3,Normal,5.754,5.519
07/24/2017,1,Overnight,1,Normal,5.755,5.519
07/25/2017,1,Overnight,1,Normal,5.755,5.519
07/26/2017,1,Overnight,1,Normal,5.754,5.518
07/27/2017,1,Overnight,1,Normal,5.747,5.512
07/28/2017,1,Overnight,3,Normal,5.5,5.282
07/31/2017,1,Overnight,1,Normal,5.489,5.271
08/01/2017,1,Overnight,1,Normal,5.5,5.281
08/02/2017,1,Overnight,1,Normal,5.501,5.282
08/03/2017,1,Overnight,1,Normal,5.503,5.284
08/04/2017,1,Overnight,4,Normal,5.503,5.285
08/08/2017,1,Overnight,1,Normal,5.504,5.285
08/09/2017,1,Overnight,1,Normal,5.507,5.288
08/10/2017,1,Overnight,1,Normal,5.509,5.29
08/11/2017,1,Overnight,3,Normal,5.513,5.294
08/14/2017,1,Overnight,1,Normal,5.515,5.295
08/15/2017,1,Overnight,1,Normal,5.526,5.305
08/16/2017,1,Overnight,1,Normal,5.529,5.308
08/17/2017,1,Overnight,1,Normal,5.529,5.308
08/18/2017,1,Overnight,4,Normal,5.537,5.317
08/22/2017,1,Overnight,1,Normal,5.539,5.318
08/23/2017,1,Overnight,1,Normal,5.542,5.32
08/24/2017,1,Overnight,1,Normal,5.547,5.325
08/25/2017,1,Overnight,3,Normal,5.545,5.324
08/28/2017,1,Overnight,1,Normal,5.551,5.329
08/29/2017,1,Overnight,1,Normal,5.551,5.329
08/30/2017,1,Overnight,1,Normal,5.534,5.313
08/31/2017,1,Overnight,1,Normal,5.517,5.297
09/01/2017,1,Overnight,3,Normal,5.261,5.058
09/04/2017,1,Overnight,1,Normal,5.26,5.056
09/05/2017,1,Overnight,1,Normal,5.264,5.06
09/06/2017,1,Overnight,1,Normal,5.267,5.063
09/07/2017,1,Overnight,1,Normal,5.274,5.07
09/08/2017,1,Overnight,3,Normal,5.278,5.074
09/11/2017,1,Overnight,1,Normal,5.273,5.069
09/12/2017,1,Overnight,1,Normal,5.25,5.047
09/13/2017,1,Overnight,1,Normal,5.249,5.046
09/14/2017,1,Overnight,1,Normal,5.25,5.047
09/15/2017,1,Overnight,3,Normal,5.249,5.047
09/18/2017,1,Overnight,1,Normal,5.251,5.048
09/19/2017,1,Overnight,1,Normal,5.251,5.048
09/20/2017,1,Overnight,1,Normal,5.255,5.052
09/21/2017,1,Overnight,1,Normal,5.257,5.054
09/22/2017,1,Overnight,3,Normal,5.258,5.055
09/25/2017,1,Overnight,1,Normal,5.256,5.053
09/26/2017,1,Overnight,1,Normal,5.252,5.049
09/27/2017,1,Overnight,1,Normal,5.257,5.054
09/28/2017,1,Overnight,1,Normal,5.262,5.058
09/29/2017,1,Overnight,3,Normal,5.263,5.06
10/02/2017,1,Overnight,1,Normal,5.27,5.066
10/03/2017,1,Overnight,1,Normal,5.273,5.069
10/04/2017,1,Overnight,1,Normal,5.276,5.071
10/05/2017,1,Overnight,1,Normal,5.278,5.073
10/06/2017,1,Overnight,3,Normal,5.277,5.073
10/09/2017,1,Overnight,1,Normal,5.266,5.062
10/10/2017,1,Overnight,1,Normal,5.268,5.064
10/11/2017,1,Overnight,1,Normal,5.263,5.059
10/12/2017,1,Overnight,1,Normal,5.266,5.062
10/13/2017,1,Overnight,4,Normal,5.265,5.062
10/17/2017,1,Overnight,1,Normal,5.269,5.065
10/18/2017,1,Overnight,1,Normal,5.271,5.067
10/19/2017,1,Overnight,1,Normal,5.273,5.069
10/20/2017,1,Overnight,3,Normal,5.272,5.068
10/23/2017,1,Overnight,1,Normal,5.27,5.066
10/24/2017,1,Overnight,1,Normal,5.267,5.063
10/25/2017,1,Overnight,1,Normal,5.267,5.063
10/26/2017,1,Overnight,1,Normal,5.268,5.064
10/27/2017,1,Overnight,3,Normal,5.266,5.063
10/30/2017,1,Overnight,1,Normal,5.012,4.824
10/31/2017,1,Overnight,1,Normal,5.019,4.83
11/01/2017,1,Overnight,1,Normal,5.019,4.83
11/02/2017,1,Overnight,1,Normal,5.021,4.832
11/03/2017,1,Overnight,4,Normal,5.023,4.835
11/07/2017,1,Overnight,1,Normal,5.023,4.834
11/08/2017,1,Overnight,1,Normal,5.025,4.836
11/09/2017,1,Overnight,1,Normal,5.026,4.837
11/10/2017,1,Overnight,4,Normal,5.028,4.84
11/14/2017,1,Overnight,1,Normal,5.03,4.841
11/15/2017,1,Overnight,1,Normal,5.03,4.841
11/16/2017,1,Overnight,1,Normal,5.03,4.841
11/17/2017,1,Overnight,3,Normal,5.032,4.843
11/20/2017,1,Overnight,1,Normal,5.028,4.839
11/21/2017,1,Overnight,1,Normal,5.028,4.839
11/22/2017,1,Overnight,1,Normal,5.02,4.831
11/23/2017,1,Overnight,1,Normal,5.014,4.826
11/24/2017,1,Overnight,3,Normal,5.014,4.826
11/27/2017,1,Overnight,1,Normal,4.753,4.58
11/28/2017,1,Overnight,1,Normal,4.755,4.582
11/29/2017,1,Overnight,1,Normal,4.755,4.582
11/30/2017,1,Overnight,1,Normal,4.753,4.58
12/01/2017,1,Overnight,3,Normal,4.746,4.574
12/04/2017,1,Overnight,1,Normal,4.752,4.579
12/05/2017,1,Overnight,1,Normal,4.754,4.581
12/06/2017,1,Overnight,1,Normal,4.755,4.582
12/07/2017,1,Overnight,4,Normal,4.756,4.584
12/11/2017,1,Overnight,1,Normal,4.752,4.579
12/12/2017,1,Overnight,1,Normal,4.75,4.577
12/13/2017,1,Overnight,1,Normal,4.743,4.571
12/14/2017,1,Overnight,1,Normal,4.742,4.57
12/15/2017,1,Overnight,3,Normal,4.735,4.564
12/18/2017,1,Overnight,1,Normal,4.741,4.569
12/19/2017,1,Overnight,1,Normal,4.739,4.567
12/20/2017,1,Overnight,1,Normal,4.738,4.566
12/21/2017,1,Overnight,1,Normal,4.731,4.559
12/22/2017,1,Overnight,4,Normal,4.721,4.551
12/26/2017,1,Overnight,1,Normal,4.719,4.548
12/27/2017,1,Overnight,1,Normal,4.709,4.539
12/28/2017,1,Overnight,5,Normal,4.688,4.52
01/02/2018,1,Overnight,1,Normal,4.668,4.5
01/03/2018,1,Overnight,1,Normal,4.689,4.52
01/04/2018,1,Overnight,1,Normal,4.714,4.543
01/05/2018,1,Overnight,4,Normal,4.713,4.543
01/09/2018,1,Overnight,1,Normal,4.723,4.552
01/10/2018,1,Overnight,1,Normal,4.728,4.557
01/11/2018,1,Overnight,1,Normal,4.733,4.561
01/12/2018,1,Overnight,3,Normal,4.737,4.566
01/15/2018,1,Overnight,1,Normal,4.74,4.568
01/16/2018,1,Overnight,1,Normal,4.74,4.568
01/17/2018,1,Overnight,1,Normal,4.74,4.568
01/18/2018,1,Overnight,1,Normal,4.744,4.572
01/19/2018,1,Overnight,3,Normal,4.747,4.575
01/22/2018,1,Overnight,1,Normal,4.75,4.577
01/23/2018,1,Overnight,1,Normal,4.749,4.576
01/24/2018,1,Overnight,1,Normal,4.749,4.576
01/25/2018,1,Overnight,1,Normal,4.75,4.577
01/26/2018,1,Overnight,3,Normal,4.75,4.578
01/29/2018,1,Overnight,1,Normal,4.751,4.578
01/30/2018,1,Overnight,1,Normal,4.499,4.341
01/31/2018,1,Overnight,1,Normal,4.506,4.347
02/01/2018,1,Overnight,1,Normal,4.511,4.352
02/02/2018,1,Overnight,3,Normal,4.515,4.356
02/05/2018,1,Overnight,1,Normal,4.517,4.358
02/06/2018,1,Overnight,1,Normal,4.514,4.355
02/07/2018,1,Overnight,1,Normal,4.509,4.35
02/08/2018,1,Overnight,1,Normal,4.504,4.345
02/09/2018,1,Overnight,3,Normal,4.502,4.344
02/12/2018,1,Overnight,1,Normal,4.502,4.344
02/13/2018,1,Overnight,1,Normal,4.501,4.343
02/14/2018,1,Overnight,1,Normal,4.501,4.343
02/15/2018,1,Overnight,1,Normal,4.501,4.343
02/16/2018,1,Overnight,3,Normal,4.501,4.343
02/19/2018,1,Overnight,1,Normal,4.5,4.342
02/20/2018,1,Overnight,1,Normal,4.502,4.344
02/21/2018,1,Overnight,1,Normal,4.504,4.345
02/22/2018,1,Overnight,1,Normal,4.506,4.347
02/23/2018,1,Overnight,3,Normal,4.506,4.348
02/26/2018,1,Overnight,1,Normal,4.506,4.347
02/27/2018,1,Overnight,1,Normal,4.499,4.341
02/28/2018,1,Overnight,1,Normal,4.499,4.341
03/01/2018,1,Overnight,1,Normal,4.498,4.34
03/02/2018,1,Overnight,3,Normal,4.5,4.342
03/05/2018,1,Overnight,1,Normal,4.499,4.341
03/06/2018,1,Overnight,1,Normal,4.499,4.341
03/07/2018,1,Overnight,1,Normal,4.498,4.34
03/08/2018,1,Overnight,1,Normal,4.497,4.339
03/09/2018,1,Overnight,3,Normal,4.492,4.335
03/12/2018,1,Overnight,1,Normal,4.489,4.331
03/13/2018,1,Overnight,1,Normal,4.487,4.329
03/14/2018,1,Overnight,1,Normal,4.484,4.327
03/15/2018,1,Overnight,1,Normal,4.482,4.325
03/16/2018,1,Overnight,4,Normal,4.48,4.324
03/20/2018,1,Overnight,1,Normal,4.476,4.319
03/21/2018,1,Overnight,1,Normal,4.476,4.319
03/22/2018,1,Overnight,1,Normal,4.473,4.316
03/23/2018,1,Overnight,3,Normal,4.471,4.315
03/26/2018,1,Overnight,1,Normal,4.465,4.309
03/27/2018,1,Overnight,1,Normal,4.448,4.293
03/28/2018,1,Overnight,5,Normal,4.426,4.273
04/02/2018,1,Overnight,1,Normal,4.426,4.272
04/03/2018,1,Overnight,1,Normal,4.433,4.278
04/04/2018,1,Overnight,1,Normal,4.438,4.283
04/05/2018,1,Overnight,1,Normal,4.443,4.288
04/06/2018,1,Overnight,3,Normal,4.433,4.279
04/09/2018,1,Overnight,1,Normal,4.423,4.269
04/10/2018,1,Overnight,1,Normal,4.416,4.262
04/11/2018,1,Overnight,1,Normal,4.42,4.266
04/12/2018,1,Overnight,1,Normal,4.422,4.268
04/13/2018,1,Overnight,3,Normal,4.42,4.267
04/16/2018,1,Overnight,1,Normal,4.421,4.267
04/17/2018,1,Overnight,1,Normal,4.422,4.268
04/18/2018,1,Overnight,1,Normal,4.423,4.269
04/19/2018,1,Overnight,1,Normal,4.427,4.273
04/20/2018,1,Overnight,3,Normal,4.432,4.278
04/23/2018,1,Overnight,1,Normal,4.46,4.304
04/24/2018,1,Overnight,1,Normal,4.5,4.342
04/25/2018,1,Overnight,1,Normal,4.501,4.343
04/26/2018,1,Overnight,1,Normal,4.502,4.344
04/27/2018,1,Overnight,3,Normal,4.503,4.345
04/30/2018,1,Overnight,2,Normal,4.258,4.113
05/02/2018,1,Overnight,1,Normal,4.263,4.118
05/03/2018,1,Overnight,1,Normal,4.267,4.121
05/04/2018,1,Overnight,3,Normal,4.262,4.117
05/07/2018,1,Overnight,1,Normal,4.25,4.105
05/08/2018,1,Overnight,1,Normal,4.149,4.01
05/09/2018,1,Overnight,1,Normal,4.204,4.062
05/10/2018,1,Overnight,1,Normal,4.199,4.057
05/11/2018,1,Overnight,4,Normal,4.202,4.061
05/15/2018,1,Overnight,1,Normal,4.195,4.053
05/16/2018,1,Overnight,1,Normal,4.214,4.071
05/17/2018,1,Overnight,1,Normal,4.219,4.076
05/18/2018,1,Overnight,3,Normal,4.224,4.081
05/21/2018,1,Overnight,1,Normal,4.225,4.082
05/22/2018,1,Overnight,1,Normal,4.233,4.089
05/23/2018,1,Overnight,1,Normal,4.236,4.092
05/24/2018,1,Overnight,1,Normal,4.243,4.099
05/25/2018,1,Overnight,3,Normal,4.25,4.106
05/28/2018,1,Overnight,1,Normal,4.253,4.108
05/29/2018,1,Overnight,1,Normal,4.255,4.11
05/30/2018,1,Overnight,1,Normal,4.258,4.113
05/31/2018,1,Overnight,1,Normal,4.26,4.115
06/01/2018,1,Overnight,4,Normal,4.267,4.122
06/05/2018,1,Overnight,1,Normal,4.261,4.116
06/06/2018,1,Overnight,1,Normal,4.259,4.114
06/07/2018,1,Overnight,1,Normal,4.262,4.117
06/08/2018,1,Overnight,4,Normal,4.263,4.118
06/12/2018,1,Overnight,1,Normal,4.26,4.115
06/13/2018,1,Overnight,1,Normal,4.256,4.111
06/14/2018,1,Overnight,1,Normal,4.253,4.108
06/15/2018,1,Overnight,3,Normal,4.248,4.104
06/18/2018,1,Overnight,1,Normal,4.245,4.101
06/19/2018,1,Overnight,1,Normal,4.242,4.098
06/20/2018,1,Overnight,1,Normal,4.25,4.105
06/21/2018,1,Overnight,1,Normal,4.252,4.107
06/22/2018,1,Overnight,3,Normal,4.252,4.108
06/25/2018,1,Overnight,1,Normal,4.257,4.112
06/26/2018,1,Overnight,1,Normal,4.254,4.109
06/27/2018,1,Overnight,1,Normal,4.252,4.107
06/28/2018,1,Overnight,1,Normal,4.253,4.108
06/29/2018,1,Overnight,4,Normal,4.25,4.106
07/03/2018,1,Overnight,1,Normal,4.253,4.108
07/04/2018,1,Overnight,1,Normal,4.252,4.107
07/05/2018,1,Overnight,1,Normal,4.254,4.109
07/06/2018,1,Overnight,3,Normal,4.258,4.113
07/09/2018,1,Overnight,1,Normal,4.26,4.115
07/10/2018,1,Overnight,1,Normal,4.259,4.114
07/11/2018,1,Overnight,1,Normal,4.258,4.113
07/12/2018,1,Overnight,1,Normal,4.258,4.113
07/13/2018,1,Overnight,3,Normal,4.254,4.11
07/16/2018,1,Overnight,1,Normal,4.255,4.11
07/17/2018,1,Overnight,1,Normal,4.252,4.107
07/18/2018,1,Overnight,1,Normal,4.251,4.106
07/19/2018,1,Overnight,4,Normal,4.251,4.107
07/23/2018,1,Overnight,1,Normal,4.253,4.108
07/24/2018,1,Overnight,1,Normal,4.251,4.106
07/25/2018,1,Overnight,1,Normal,4.25,4.105
07/26/2018,1,Overnight,1,Normal,4.251,4.106
07/27/2018,1,Overnight,3,Normal,4.249,4.105
07/30/2018,1,Overnight,1,Normal,4.25,4.105
07/31/2018,1,Overnight,1,Normal,4.25,4.105
08/01/2018,1,Overnight,1,Normal,4.25,4.105
08/02/2018,1,Overnight,1,Normal,4.251,4.106
08/03/2018,1,Overnight,3,Normal,4.251,4.107
08/06/2018,1,Overnight,2,Normal,4.253,4.108
08/08/2018,1,Overnight,1,Normal,4.254,4.109
08/09/2018,1,Overnight,1,Normal,4.254,4.109
08/10/2018,1,Overnight,3,Normal,4.256,4.112
08/13/2018,1,Overnight,1,Normal,4.253,4.108
08/14/2018,1,Overnight,1,Normal,4.251,4.106
08/15/2018,1,Overnight,1,Normal,4.25,4.105
08/16/2018,1,Overnight,1,Normal,4.251,4.106
08/17/2018,1,Overnight,4,Normal,4.25,4.106
08/21/2018,1,Overnight,1,Normal,4.251,4.106
08/22/2018,1,Overnight,1,Normal,4.251,4.106
08/23/2018,1,Overnight,1,Normal,4.253,4.108
08/24/2018,1,Overnight,3,Normal,4.259,4.114
08/27/2018,1,Overnight,1,Normal,4.262,4.117
08/28/2018,1,Overnight,1,Normal,4.252,4.107
08/29/2018,1,Overnight,1,Normal,4.251,4.106
08/30/2018,1,Overnight,1,Normal,4.25,4.105
08/31/2018,1,Overnight,3,Normal,4.251,4.107
09/03/2018,1,Overnight,1,Normal,4.254,4.109
09/04/2018,1,Overnight,1,Normal,4.257,4.112
09/05/2018,1,Overnight,1,Normal,4.253,4.108
09/06/2018,1,Overnight,1,Normal,4.252,4.107
09/07/2018,1,Overnight,3,Normal,4.252,4.108
09/10/2018,1,Overnight,1,Normal,4.253,4.108
09/11/2018,1,Overnight,1,Normal,4.242,4.098
09/12/2018,1,Overnight,1,Normal,4.243,4.099
09/13/2018,1,Overnight,1,Normal,4.244,4.1
09/14/2018,1,Overnight,3,Normal,4.246,4.102
09/17/2018,1,Overnight,1,Normal,4.247,4.103
09/18/2018,1,Overnight,1,Normal,4.249,4.104
09/19/2018,1,Overnight,1,Normal,4.252,4.107
09/20/2018,1,Overnight,1,Normal,4.252,4.107
09/21/2018,1,Overnight,3,Normal,4.25,4.106
09/24/2018,1,Overnight,1,Normal,4.252,4.107
09/25/2018,1,Overnight,1,Normal,4.25,4.105
09/26/2018,1,Overnight,1,Normal,4.25,4.105
09/27/2018,1,Overnight,1,Normal,4.25,4.105
09/28/2018,1,Overnight,3,Normal,4.247,4.103
10/01/2018,1,Overnight,1,Normal,4.25,4.105
10/02/2018,1,Overnight,1,Normal,4.25,4.105
10/03/2018,1,Overnight,1,Normal,4.251,4.106
10/04/2018,1,Overnight,1,Normal,4.253,4.108
10/05/2018,1,Overnight,3,Normal,4.255,4.111
10/08/2018,1,Overnight,1,Normal,4.255,4.11
10/09/2018,1,Overnight,1,Normal,4.258,4.113
10/10/2018,1,Overnight,1,Normal,4.257,4.112
10/11/2018,1,Overnight,1,Normal,4.257,4.112
10/12/2018,1,Overnight,4,Normal,4.256,4.112
10/16/2018,1,Overnight,1,Normal,4.259,4.114
10/17/2018,1,Overnight,1,Normal,4.259,4.114
10/18/2018,1,Overnight,1,Normal,4.258,4.113
10/19/2018,1,Overnight,3,Normal,4.254,4.11
10/22/2018,1,Overnight,1,Normal,4.256,4.111
10/23/2018,1,Overnight,1,Normal,4.256,4.111
10/24/2018,1,Overnight,1,Normal,4.255,4.11
10/25/2018,1,Overnight,1,Normal,4.255,4.11
10/26/2018,1,Overnight,3,Normal,4.252,4.108
10/29/2018,1,Overnight,1,Normal,4.254,4.109
10/30/2018,1,Overnight,1,Normal,4.255,4.11
10/31/2018,1,Overnight,1,Normal,4.255,4.11
11/01/2018,1,Overnight,1,Normal,4.255,4.11
11/02/2018,1,Overnight,4,Normal,4.255,4.111
11/06/2018,1,Overnight,1,Normal,4.256,4.111
11/07/2018,1,Overnight,1,Normal,4.254,4.109
11/08/2018,1,Overnight,1,Normal,4.253,4.108
11/09/2018,1,Overnight,4,Normal,4.253,4.109
11/13/2018,1,Overnight,1,Normal,4.252,4.107
11/14/2018,1,Overnight,1,Normal,4.251,4.106
11/15/2018,1,Overnight,1,Normal,4.251,4.106
11/16/2018,1,Overnight,3,Normal,4.251,4.107
11/19/2018,1,Overnight,1,Normal,4.253,4.108
11/20/2018,1,Overnight,1,Normal,4.252,4.107
11/21/2018,1,Overnight,1,Normal,4.251,4.106
11/22/2018,1,Overnight,1,Normal,4.251,4.106
11/23/2018,1,Overnight,3,Normal,4.248,4.104
11/26/2018,1,Overnight,1,Normal,4.249,4.104
11/27/2018,1,Overnight,1,Normal,4.246,4.102
11/28/2018,1,Overnight,1,Normal,4.246,4.102
11/29/2018,1,Overnight,1,Normal,4.25,4.105
11/30/2018,1,Overnight,3,Normal,4.25,4.106
12/03/2018,1,Overnight,1,Normal,4.251,4.106
12/04/2018,1,Overnight,1,Normal,4.246,4.102
12/05/2018,1,Overnight,1,Normal,4.25,4.105
12/06/2018,1,Overnight,1,Normal,4.251,4.106
12/07/2018,1,Overnight,3,Normal,4.248,4.104
12/10/2018,1,Overnight,1,Normal,4.247,4.103
12/11/2018,1,Overnight,1,Normal,4.247,4.103
12/12/2018,1,Overnight,1,Normal,4.244,4.1
12/13/2018,1,Overnight,1,Normal,4.237,4.093
12/14/2018,1,Overnight,3,Normal,4.246,4.102
12/17/2018,1,Overnight,1,Normal,4.238,4.094
12/18/2018,1,Overnight,1,Normal,4.239,4.095
12/19/2018,1,Overnight,1,Normal,4.243,4.099
12/20/2018,1,Overnight,1,Normal,4.244,4.1
12/21/2018,1,Overnight,3,Normal,4.244,4.1
12/24/2018,1,Overnight,2,Normal,4.241,4.097
12/26/2018,1,Overnight,1,Normal,4.242,4.098
12/27/2018,1,Overnight,1,Normal,4.243,4.099
12/28/2018,1,Overnight,5,Normal,4.242,4.099
01/02/2019,1,Overnight,1,Normal,4.244,4.1
01/03/2019,1,Overnight,1,Normal,4.244,4.1
01/04/2019,1,Overnight,4,Normal,4.249,4.105
01/08/2019,1,Overnight,1,Normal,4.253,4.108
01/09/2019,1,Overnight,1,Normal,4.25,4.105
01/10/2019,1,Overnight,1,Normal,4.25,4.105
01/11/2019,1,Overnight,3,Normal,4.25,4.106
01/14/2019,1,Overnight,1,Normal,4.251,4.106
01/15/2019,1,Overnight,1,Normal,4.25,4.105
01/16/2019,1,Overnight,1,Normal,4.25,4.105
01/17/2019,1,Overnight,1,Normal,4.251,4.106
01/18/2019,1,Overnight,3,Normal,4.251,4.107
01/21/2019,1,Overnight,1,Normal,4.252,4.107
01/22/2019,1,Overnight,1,Normal,4.253,4.108
01/23/2019,1,Overnight,1,Normal,4.252,4.107
01/24/2019,1,Overnight,1,Normal,4.252,4.107
01/25/2019,1,Overnight,3,Normal,4.251,4.107
01/28/2019,1,Overnight,1,Normal,4.252,4.107
01/29/2019,1,Overnight,1,Normal,4.252,4.107
01/30/2019,1,Overnight,1,Normal,4.252,4.107
01/31/2019,1,Overnight,1,Normal,4.252,4.107
02/01/2019,1,Overnight,3,Normal,4.25,4.106
02/04/2019,1,Overnight,1,Normal,4.251,4.106
02/05/2019,1,Overnight,1,Normal,4.252,4.107
02/06/2019,1,Overnight,1,Normal,4.251,4.106
02/07/2019,1,Overnight,1,Normal,4.255,4.11
02/08/2019,1,Overnight,3,Normal,4.255,4.111
02/11/2019,1,Overnight,1,Normal,4.255,4.11
02/12/2019,1,Overnight,1,Normal,4.255,4.11
02/13/2019,1,Overnight,1,Normal,4.254,4.109
02/14/2019,1,Overnight,1,Normal,4.255,4.11
02/15/2019,1,Overnight,3,Normal,4.253,4.109
02/18/2019,1,Overnight,1,Normal,4.257,4.112
02/19/2019,1,Overnight,1,Normal,4.26,4.115
02/20/2019,1,Overnight,1,Normal,4.256,4.111
02/21/2019,1,Overnight,1,Normal,4.253,4.108
02/22/2019,1,Overnight,3,Normal,4.252,4.108
02/25/2019,1,Overnight,1,Normal,4.254,4.109
02/26/2019,1,Overnight,1,Normal,4.255,4.11
02/27/2019,1,Overnight,1,Normal,4.252,4.107
02/28/2019,1,Overnight,1,Normal,4.252,4.107
03/01/2019,1,Overnight,3,Normal,4.253,4.109
03/04/2019,1,Overnight,1,Normal,4.251,4.106
03/05/2019,1,Overnight,1,Normal,4.25,4.105
03/06/2019,1,Overnight,1,Normal,4.25,4.105
03/07/2019,1,Overnight,1,Normal,4.25,4.105
03/08/2019,1,Overnight,3,Normal,4.251,4.107
03/11/2019,1,Overnight,1,Normal,4.254,4.109
03/12/2019,1,Overnight,1,Normal,4.253,4.108
03/13/2019,1,Overnight,1,Normal,4.25,4.105
03/14/2019,1,Overnight,1,Normal,4.25,4.105
03/15/2019,1,Overnight,3,Normal,4.248,4.104
03/18/2019,1,Overnight,1,Normal,4.249,4.104
03/19/2019,1,Overnight,1,Normal,4.25,4.105
03/20/2019,1,Overnight,1,Normal,4.252,4.107
03/21/2019,1,Overnight,1,Normal,4.255,4.11
03/22/2019,1,Overnight,4,Normal,4.252,4.108
03/26/2019,1,Overnight,1,Normal,4.253,4.108
03/27/2019,1,Overnight,1,Normal,4.254,4.109
03/28/2019,1,Overnight,1,Normal,4.253,4.108
03/29/2019,1,Overnight,3,Normal,4.254,4.11
04/01/2019,1,Overnight,1,Normal,4.252,4.107
04/02/2019,1,Overnight,1,Normal,4.252,4.107
04/03/2019,1,Overnight,1,Normal,4.25,4.105
04/04/2019,1,Overnight,1,Normal,4.252,4.107
04/05/2019,1,Overnight,3,Normal,4.25,4.106
04/08/2019,1,Overnight,1,Normal,4.251,4.106
04/09/2019,1,Overnight,1,Normal,4.251,4.106
04/10/2019,1,Overnight,1,Normal,4.252,4.107
04/11/2019,1,Overnight,1,Normal,4.254,4.109
04/12/2019,1,Overnight,3,Normal,4.252,4.108
04/15/2019,1,Overnight,1,Normal,4.255,4.11
04/16/2019,1,Overnight,1,Normal,4.255,4.11
04/17/2019,1,Overnight,5,Normal,4.249,4.105
04/22/2019,1,Overnight,1,Normal,4.251,4.106
04/23/2019,1,Overnight,1,Normal,4.251,4.106
04/24/2019,1,Overnight,1,Normal,4.251,4.106
04/25/2019,1,Overnight,1,Normal,4.251,4.106
04/26/2019,1,Overnight,3,Normal,4.252,4.108
04/29/2019,1,Overnight,1,Normal,4.251,4.106
04/30/2019,1,Overnight,2,Normal,4.25,4.106
05/02/2019,1,Overnight,1,Normal,4.253,4.108
05/03/2019,1,Overnight,3,Normal,4.253,4.109
05/06/2019,1,Overnight,1,Normal,4.254,4.109
05/07/2019,1,Overnight,1,Normal,4.255,4.11
05/08/2019,1,Overnight,1,Normal,4.255,4.11
05/09/2019,1,Overnight,1,Normal,4.257,4.112
05/10/2019,1,Overnight,3,Normal,4.254,4.11
05/13/2019,1,Overnight,1,Normal,4.255,4.11
05/14/2019,1,Overnight,1,Normal,4.254,4.109
05/15/2019,1,Overnight,1,Normal,4.255,4.11
05/16/2019,1,Overnight,1,Normal,4.256,4.111
05/17/2019,1,Overnight,3,Normal,4.256,4.112
05/20/2019,1,Overnight,1,Normal,4.257,4.112
05/21/2019,1,Overnight,1,Normal,4.258,4.113
05/22/2019,1,Overnight,1,Normal,4.258,4.113
05/23/2019,1,Overnight,1,Normal,4.26,4.115
05/24/2019,1,Overnight,3,Normal,4.262,4.117
05/27/2019,1,Overnight,1,Normal,4.261,4.116
05/28/2019,1,Overnight,1,Normal,4.262,4.117
05/29/2019,1,Overnight,1,Normal,4.259,4.114
05/30/2019,1,Overnight,1,Normal,4.258,4.113
05/31/2019,1,Overnight,4,Normal,4.257,4.113
06/04/2019,1,Overnight,1,Normal,4.26,4.115
06/05/2019,1,Overnight,1,Normal,4.261,4.116
06/06/2019,1,Overnight,1,Normal,4.262,4.117
06/07/2019,1,Overnight,3,Normal,4.263,4.118
06/10/2019,1,Overnight,1,Normal,4.261,4.116
06/11/2019,1,Overnight,1,Normal,4.256,4.111
06/12/2019,1,Overnight,1,Normal,4.257,4.112
06/13/2019,1,Overnight,1,Normal,4.257,4.112
06/14/2019,1,Overnight,3,Normal,4.256,4.112
06/17/2019,1,Overnight,1,Normal,4.257,4.112
06/18/2019,1,Overnight,1,Normal,4.256,4.111
06/19/2019,1,Overnight,1,Normal,4.256,4.111
06/20/2019,1,Overnight,1,Normal,4.255,4.11
06/21/2019,1,Overnight,4,Normal,4.253,4.109
06/25/2019,1,Overnight,1,Normal,4.253,4.108
06/26/2019,1,Overnight,1,Normal,4.254,4.109
06/27/2019,1,Overnight,1,Normal,4.253,4.108
06/28/2019,1,Overnight,4,Normal,4.255,4.111
07/02/2019,1,Overnight,1,Normal,4.259,4.114
07/03/2019,1,Overnight,1,Normal,4.258,4.113
07/04/2019,1,Overnight,1,Normal,4.257,4.112
07/05/2019,1,Overnight,3,Normal,4.256,4.112
07/08/2019,1,Overnight,1,Normal,4.255,4.11
07/09/2019,1,Overnight,1,Normal,4.254,4.109
07/10/2019,1,Overnight,1,Normal,4.254,4.109
07/11/2019,1,Overnight,1,Normal,4.255,4.11
07/12/2019,1,Overnight,3,Normal,4.253,4.109
07/15/2019,1,Overnight,1,Normal,4.254,4.109
07/16/2019,1,Overnight,1,Normal,4.254,4.109
07/17/2019,1,Overnight,1,Normal,4.255,4.11
07/18/2019,1,Overnight,1,Normal,4.254,4.109
07/19/2019,1,Overnight,3,Normal,4.255,4.111
07/22/2019,1,Overnight,1,Normal,4.256,4.111
07/23/2019,1,Overnight,1,Normal,4.256,4.111
07/24/2019,1,Overnight,1,Normal,4.258,4.113
07/25/2019,1,Overnight,1,Normal,4.26,4.115
07/26/2019,1,Overnight,3,Normal,4.262,4.117
07/29/2019,1,Overnight,1,Normal,4.262,4.117
07/30/2019,1,Overnight,1,Normal,4.262,4.117
07/31/2019,1,Overnight,1,Normal,4.263,4.118
08/01/2019,1,Overnight,1,Normal,4.265,4.12
08/02/2019,1,Overnight,3,Normal,4.265,4.12
08/05/2019,1,Overnight,1,Normal,4.264,4.119
08/06/2019,1,Overnight,2,Normal,4.266,4.121
08/08/2019,1,Overnight,1,Normal,4.264,4.119
08/09/2019,1,Overnight,3,Normal,4.264,4.119
08/12/2019,1,Overnight,1,Normal,4.264,4.119
08/13/2019,1,Overnight,1,Normal,4.264,4.119
08/14/2019,1,Overnight,1,Normal,4.264,4.119
08/15/2019,1,Overnight,1,Normal,4.267,4.121
08/16/2019,1,Overnight,4,Normal,4.265,4.12
08/20/2019,1,Overnight,1,Normal,4.269,4.123
08/21/2019,1,Overnight,1,Normal,4.267,4.121
08/22/2019,1,Overnight,1,Normal,4.264,4.119
08/23/2019,1,Overnight,3,Normal,4.267,4.122
08/26/2019,1,Overnight,1,Normal,4.269,4.123
08/27/2019,1,Overnight,1,Normal,4.269,4.123
08/28/2019,1,Overnight,1,Normal,4.269,4.123
08/29/2019,1,Overnight,1,Normal,4.271,4.125
08/30/2019,1,Overnight,3,Normal,4.269,4.124
09/02/2019,1,Overnight,1,Normal,4.265,4.12
09/03/2019,1,Overnight,1,Normal,4.259,4.114
09/04/2019,1,Overnight,1,Normal,4.258,4.113
09/05/2019,1,Overnight,1,Normal,4.259,4.114
09/06/2019,1,Overnight,3,Normal,4.26,4.115
09/09/2019,1,Overnight,1,Normal,4.257,4.112
09/10/2019,1,Overnight,1,Normal,4.255,4.11
09/11/2019,1,Overnight,1,Normal,4.252,4.107
09/12/2019,1,Overnight,1,Normal,4.25,4.105
09/13/2019,1,Overnight,3,Normal,4.25,4.106
09/16/2019,1,Overnight,1,Normal,4.25,4.105
09/17/2019,1,Overnight,1,Normal,4.251,4.106
09/18/2019,1,Overnight,1,Normal,4.251,4.106
09/19/2019,1,Overnight,1,Normal,4.251,4.106
09/20/2019,1,Overnight,3,Normal,4.249,4.105
09/23/2019,1,Overnight,1,Normal,4.25,4.105
09/24/2019,1,Overnight,1,Normal,4.25,4.105
09/25/2019,1,Overnight,1,Normal,4.25,4.105
09/26/2019,1,Overnight,1,Normal,4.251,4.106
09/27/2019,1,Overnight,3,Normal,4.25,4.106
09/30/2019,1,Overnight,1,Normal,4.251,4.106
10/01/2019,1,Overnight,1,Normal,4.251,4.106
10/02/2019,1,Overnight,1,Normal,4.25,4.105
10/03/2019,1,Overnight,1,Normal,4.25,4.105
10/04/2019,1,Overnight,3,Normal,4.25,4.106
10/07/2019,1,Overnight,1,Normal,4.251,4.106
10/08/2019,1,Overnight,1,Normal,4.25,4.105
10/09/2019,1,Overnight,1,Normal,4.251,4.106
10/10/2019,1,Overnight,1,Normal,4.251,4.106
10/11/2019,1,Overnight,4,Normal,4.25,4.106
10/15/2019,1,Overnight,1,Normal,4.251,4.106
10/16/2019,1,Overnight,1,Normal,4.251,4.106
10/17/2019,1,Overnight,1,Normal,4.25,4.105
10/18/2019,1,Overnight,3,Normal,4.251,4.107
10/21/2019,1,Overnight,1,Normal,4.252,4.107
10/22/2019,1,Overnight,1,Normal,4.252,4.107
10/23/2019,1,Overnight,1,Normal,4.254,4.109
10/24/2019,1,Overnight,1,Normal,4.255,4.11
10/25/2019,1,Overnight,3,Normal,4.256,4.112
10/28/2019,1,Overnight,1,Normal,4.258,4.113
10/29/2019,1,Overnight,1,Normal,4.255,4.11
10/30/2019,1,Overnight,1,Normal,4.255,4.11
10/31/2019,1,Overnight,1,Normal,4.257,4.112
11/01/2019,1,Overnight,4,Normal,4.254,4.11
11/05/2019,1,Overnight,1,Normal,4.255,4.11
11/06/2019,1,Overnight,1,Normal,4.252,4.107
11/07/2019,1,Overnight,1,Normal,4.252,4.107
11/08/2019,1,Overnight,4,Normal,4.25,4.106
11/12/2019,1,Overnight,1,Normal,4.25,4.105
11/13/2019,1,Overnight,1,Normal,4.251,4.106
11/14/2019,1,Overnight,1,Normal,4.251,4.106
11/15/2019,1,Overnight,3,Normal,4.25,4.106
11/18/2019,1,Overnight,1,Normal,4.25,4.105
11/19/2019,1,Overnight,1,Normal,4.251,4.106
11/20/2019,1,Overnight,1,Normal,4.252,4.107
11/21/2019,1,Overnight,1,Normal,4.254,4.109
11/22/2019,1,Overnight,3,Normal,4.255,4.111
11/25/2019,1,Overnight,1,Normal,4.255,4.11
11/26/2019,1,Overnight,1,Normal,4.258,4.113
11/27/2019,1,Overnight,1,Normal,4.258,4.113
11/28/2019,1,Overnight,1,Normal,4.258,4.113
11/29/2019,1,Overnight,3,Normal,4.253,4.109
12/02/2019,1,Overnight,1,Normal,4.255,4.11
12/03/2019,1,Overnight,1,Normal,4.256,4.111
12/04/2019,1,Overnight,1,Normal,4.255,4.11
12/05/2019,1,Overnight,1,Normal,4.257,4.112
12/06/2019,1,Overnight,3,Normal,4.258,4.113
12/09/2019,1,Overnight,1,Normal,4.254,4.109
12/10/2019,1,Overnight,1,Normal,4.251,4.106
12/11/2019,1,Overnight,1,Normal,4.25,4.105
12/12/2019,1,Overnight,1,Normal,4.25,4.105
12/13/2019,1,Overnight,3,Normal,4.248,4.104
12/16/2019,1,Overnight,1,Normal,4.25,4.105
12/17/2019,1,Overnight,1,Normal,4.25,4.105
12/18/2019,1,Overnight,1,Normal,4.251,4.106
12/19/2019,1,Overnight,1,Normal,4.251,4.106
12/20/2019,1,Overnight,3,Normal,4.25,4.106
12/23/2019,1,Overnight,1,Normal,4.25,4.105
12/24/2019,1,Overnight,2,Normal,4.247,4.103
12/26/2019,1,Overnight,1,Normal,4.252,4.107
12/27/2019,1,Overnight,3,Normal,4.253,4.109
12/30/2019,1,Overnight,3,Normal,4.255,4.111
01/02/2020,1,Overnight,1,Normal,4.259,4.114
01/03/2020,1,Overnight,4,Normal,4.26,4.116
01/07/2020,1,Overnight,1,Normal,4.257,4.112
01/08/2020,1,Overnight,1,Normal,4.254,4.109
01/09/2020,1,Overnight,1,Normal,4.255,4.11
01/10/2020,1,Overnight,3,Normal,4.256,4.112
01/13/2020,1,Overnight,1,Normal,4.255,4.11
01/14/2020,1,Overnight,1,Normal,4.252,4.107
01/15/2020,1,Overnight,1,Normal,4.252,4.107
01/16/2020,1,Overnight,1,Normal,4.252,4.107
01/17/2020,1,Overnight,3,Normal,4.251,4.107
01/20/2020,1,Overnight,1,Normal,4.25,4.105
01/21/2020,1,Overnight,1,Normal,4.252,4.107
01/22/2020,1,Overnight,1,Normal,4.252,4.107
01/23/2020,1,Overnight,1,Normal,4.253,4.108
01/24/2020,1,Overnight,3,Normal,4.252,4.108
01/27/2020,1,Overnight,1,Normal,4.254,4.109
01/28/2020,1,Overnight,1,Normal,4.254,4.109
01/29/2020,1,Overnight,1,Normal,4.254,4.109
01/30/2020,1,Overnight,1,Normal,4.252,4.107
01/31/2020,1,Overnight,3,Normal,4.253,4.109
02/03/2020,1,Overnight,1,Normal,4.254,4.109
02/04/2020,1,Overnight,1,Normal,4.252,4.107
02/05/2020,1,Overnight,1,Normal,4.253,4.108
02/06/2020,1,Overnight,1,Normal,4.253,4.108
02/07/2020,1,Overnight,3,Normal,4.252,4.108
02/10/2020,1,Overnight,1,Normal,4.251,4.106
02/11/2020,1,Overnight,1,Normal,4.252,4.107
02/12/2020,1,Overnight,1,Normal,4.25,4.105
02/13/2020,1,Overnight,1,Normal,4.251,4.106
02/14/2020,1,Overnight,3,Normal,4.25,4.106
02/17/2020,1,Overnight,1,Normal,4.253,4.108
02/18/2020,1,Overnight,1,Normal,4.251,4.106
02/19/2020,1,Overnight,1,Normal,4.25,4.105
02/20/2020,1,Overnight,1,Normal,4.253,4.108
02/21/2020,1,Overnight,3,Normal,4.25,4.106
02/24/2020,1,Overnight,1,Normal,4.25,4.105
02/25/2020,1,Overnight,1,Normal,4.25,4.105
02/26/2020,1,Overnight,1,Normal,4.251,4.106
02/27/2020,1,Overnight,1,Normal,4.25,4.105
02/28/2020,1,Overnight,3,Normal,4.252,4.108
03/02/2020,1,Overnight,1,Normal,4.253,4.108
03/03/2020,1,Overnight,1,Normal,4.25,4.105
03/04/2020,1,Overnight,1,Normal,4.253,4.108
03/05/2020,1,Overnight,1,Normal,4.252,4.107
03/06/2020,1,Overnight,3,Normal,4.251,4.107
03/09/2020,1,Overnight,1,Normal,4.254,4.109
03/10/2020,1,Overnight,1,Normal,4.255,4.11
03/11/2020,1,Overnight,1,Normal,4.252,4.107
03/12/2020,1,Overnight,1,Normal,4.25,4.105
03/13/2020,1,Overnight,3,Normal,4.251,4.107
03/16/2020,1,Overnight,1,Normal,4.252,4.107
03/17/2020,1,Overnight,1,Normal,4.247,4.103
03/18/2020,1,Overnight,1,Normal,4.239,4.095
03/19/2020,1,Overnight,1,Normal,4.231,4.087
03/20/2020,1,Overnight,4,Normal,4.185,4.045
03/24/2020,1,Overnight,1,Normal,4.149,4.01
03/25/2020,1,Overnight,1,Normal,4.112,3.975
03/26/2020,1,Overnight,1,Normal,4.038,3.905
03/27/2020,1,Overnight,3,Normal,3.906,3.78
03/30/2020,1,Overnight,1,Normal,3.717,3.6
03/31/2020,1,Overnight,1,Normal,3.67,3.555
04/01/2020,1,Overnight,1,Normal,3.647,3.533
04/02/2020,1,Overnight,1,Normal,3.717,3.6
04/03/2020,1,Overnight,3,Normal,3.71,3.593
04/06/2020,1,Overnight,1,Normal,3.612,3.5
04/07/2020,1,Overnight,1,Normal,3.571,3.461
04/08/2020,1,Overnight,5,Normal,3.575,3.465
04/13/2020,1,Overnight,1,Normal,3.516,3.408
04/14/2020,1,Overnight,1,Normal,3.591,3.48
04/15/2020,1,Overnight,1,Normal,3.633,3.52
04/16/2020,1,Overnight,1,Normal,3.678,3.563
04/17/2020,1,Overnight,3,Normal,3.707,3.591
04/20/2020,1,Overnight,1,Normal,3.707,3.59
04/21/2020,1,Overnight,1,Normal,3.722,3.605
04/22/2020,1,Overnight,1,Normal,3.728,3.61
04/23/2020,1,Overnight,1,Normal,3.72,3.603
04/24/2020,1,Overnight,3,Normal,3.706,3.59
04/27/2020,1,Overnight,1,Normal,3.675,3.56
04/28/2020,1,Overnight,1,Normal,3.677,3.562
04/29/2020,1,Overnight,1,Normal,3.712,3.595
04/30/2020,1,Overnight,4,Normal,3.743,3.625
05/04/2020,1,Overnight,1,Normal,3.248,3.153
05/05/2020,1,Overnight,1,Normal,3.25,3.155
05/06/2020,1,Overnight,1,Normal,3.254,3.158
05/07/2020,1,Overnight,1,Normal,3.261,3.165
05/08/2020,1,Overnight,3,Normal,3.251,3.156
05/11/2020,1,Overnight,1,Normal,3.245,3.15
05/12/2020,1,Overnight,1,Normal,3.217,3.123
05/13/2020,1,Overnight,1,Normal,3.209,3.115
05/14/2020,1,Overnight,1,Normal,3.227,3.133
05/15/2020,1,Overnight,3,Normal,3.222,3.128
05/18/2020,1,Overnight,1,Normal,3.217,3.123
05/19/2020,1,Overnight,1,Normal,3.227,3.133
05/20/2020,1,Overnight,1,Normal,3.222,3.128
05/21/2020,1,Overnight,1,Normal,3.203,3.11
05/22/2020,1,Overnight,4,Normal,3.189,3.097
05/26/2020,1,Overnight,1,Normal,3.16,3.069
05/27/2020,1,Overnight,1,Normal,3.206,3.113
05/28/2020,1,Overnight,1,Normal,3.219,3.125
05/29/2020,1,Overnight,3,Normal,3.248,3.153
06/01/2020,1,Overnight,1,Normal,2.753,2.679
06/02/2020,1,Overnight,1,Normal,2.755,2.681
06/03/2020,1,Overnight,1,Normal,2.764,2.689
06/04/2020,1,Overnight,1,Normal,2.768,2.693
06/05/2020,1,Overnight,3,Normal,2.748,2.674
06/08/2020,1,Overnight,1,Normal,2.742,2.668
06/09/2020,1,Overnight,1,Normal,2.739,2.665
06/10/2020,1,Overnight,1,Normal,2.737,2.663
06/11/2020,1,Overnight,1,Normal,2.728,2.655
06/12/2020,1,Overnight,4,Normal,2.745,2.671
06/16/2020,1,Overnight,1,Normal,2.734,2.66
06/17/2020,1,Overnight,1,Normal,2.731,2.658
06/18/2020,1,Overnight,1,Normal,2.743,2.669
06/19/2020,1,Overnight,4,Normal,2.755,2.681
06/23/2020,1,Overnight,1,Normal,2.756,2.682
06/24/2020,1,Overnight,1,Normal,2.753,2.679
06/25/2020,1,Overnight,1,Normal,2.753,2.679
06/26/2020,1,Overnight,4,Normal,2.755,2.681
06/30/2020,1,Overnight,1,Normal,2.764,2.689
07/01/2020,1,Overnight,1,Normal,2.499,2.435
07/02/2020,1,Overnight,1,Normal,2.501,2.436
07/03/2020,1,Overnight,3,Normal,2.493,2.429
07/06/2020,1,Overnight,1,Normal,2.492,2.428
07/07/2020,1,Overnight,1,Normal,2.482,2.418
07/08/2020,1,Overnight,1,Normal,2.484,2.42
07/09/2020,1,Overnight,1,Normal,2.488,2.424
07/10/2020,1,Overnight,3,Normal,2.489,2.425
07/13/2020,1,Overnight,1,Normal,2.493,2.429
07/14/2020,1,Overnight,1,Normal,2.497,2.433
07/15/2020,1,Overnight,1,Normal,2.499,2.435
07/16/2020,1,Overnight,1,Normal,2.492,2.428
07/17/2020,1,Overnight,4,Normal,2.489,2.425
07/21/2020,1,Overnight,1,Normal,2.489,2.425
07/22/2020,1,Overnight,1,Normal,2.499,2.435
07/23/2020,1,Overnight,1,Normal,2.494,2.43
07/24/2020,1,Overnight,3,Normal,2.486,2.422
07/27/2020,1,Overnight,1,Normal,2.477,2.413
07/28/2020,1,Overnight,1,Normal,2.475,2.411
07/29/2020,1,Overnight,1,Normal,2.475,2.411
07/30/2020,1,Overnight,1,Normal,2.465,2.402
07/31/2020,1,Overnight,3,Normal,2.457,2.394
08/03/2020,1,Overnight,1,Normal,2.232,2.177
08/04/2020,1,Overnight,1,Normal,2.21,2.156
08/05/2020,1,Overnight,1,Normal,2.219,2.165
08/06/2020,1,Overnight,4,Normal,2.22,2.166
08/10/2020,1,Overnight,1,Normal,2.219,2.165
08/11/2020,1,Overnight,1,Normal,2.219,2.165
08/12/2020,1,Overnight,1,Normal,2.219,2.165
08/13/2020,1,Overnight,1,Normal,2.218,2.164
08/14/2020,1,Overnight,4,Normal,2.215,2.161
08/18/2020,1,Overnight,1,Normal,2.214,2.16
08/19/2020,1,Overnight,1,Normal,2.215,2.161
08/20/2020,1,Overnight,1,Normal,2.214,2.16
08/21/2020,1,Overnight,3,Normal,2.214,2.16
08/24/2020,1,Overnight,1,Normal,2.225,2.171
08/25/2020,1,Overnight,1,Normal,2.227,2.172
08/26/2020,1,Overnight,1,Normal,2.225,2.171
08/27/2020,1,Overnight,1,Normal,2.225,2.171
08/28/2020,1,Overnight,3,Normal,2.222,2.168
08/31/2020,1,Overnight,1,Normal,2.227,2.172
09/01/2020,1,Overnight,1,Normal,1.981,1.935
09/02/2020,1,Overnight,1,Normal,1.986,1.94
09/03/2020,1,Overnight,1,Normal,1.989,1.943
09/04/2020,1,Overnight,3,Normal,1.998,1.951
09/07/2020,1,Overnight,1,Normal,1.999,1.952
09/08/2020,1,Overnight,1,Normal,2,1.953
09/09/2020,1,Overnight,1,Normal,1.994,1.947
09/10/2020,1,Overnight,1,Normal,1.985,1.939
09/11/2020,1,Overnight,3,Normal,1.979,1.933
09/14/2020,1,Overnight,1,Normal,1.974,1.928
09/15/2020,1,Overnight,1,Normal,1.987,1.941
09/16/2020,1,Overnight,1,Normal,1.99,1.944
09/17/2020,1,Overnight,1,Normal,1.993,1.946
09/18/2020,1,Overnight,3,Normal,1.997,1.95
09/21/2020,1,Overnight,1,Normal,1.997,1.95
09/22/2020,1,Overnight,1,Normal,1.999,1.952
09/23/2020,1,Overnight,1,Normal,1.997,1.95
09/24/2020,1,Overnight,1,Normal,1.999,1.952
09/25/2020,1,Overnight,3,Normal,2.001,1.954
09/28/2020,1,Overnight,1,Normal,1.753,1.714
09/29/2020,1,Overnight,1,Normal,1.757,1.718
09/30/2020,1,Overnight,1,Normal,1.756,1.717
10/01/2020,1,Overnight,1,Normal,1.75,1.711
10/02/2020,1,Overnight,3,Normal,1.752,1.713
10/05/2020,1,Overnight,1,Normal,1.751,1.712
10/06/2020,1,Overnight,1,Normal,1.747,1.708
10/07/2020,1,Overnight,1,Normal,1.744,1.705
10/08/2020,1,Overnight,1,Normal,1.749,1.71
10/09/2020,1,Overnight,4,Normal,1.741,1.703
10/13/2020,1,Overnight,1,Normal,1.744,1.705
10/14/2020,1,Overnight,1,Normal,1.747,1.708
10/15/2020,1,Overnight,1,Normal,1.749,1.71
10/16/2020,1,Overnight,3,Normal,1.75,1.711
10/19/2020,1,Overnight,1,Normal,1.75,1.711
10/20/2020,1,Overnight,1,Normal,1.751,1.712
10/21/2020,1,Overnight,1,Normal,1.751,1.712
10/22/2020,1,Overnight,1,Normal,1.749,1.71
10/23/2020,1,Overnight,3,Normal,1.747,1.708
10/26/2020,1,Overnight,1,Normal,1.749,1.71
10/27/2020,1,Overnight,1,Normal,1.75,1.711
10/28/2020,1,Overnight,1,Normal,1.748,1.709
10/29/2020,1,Overnight,1,Normal,1.746,1.707
10/30/2020,1,Overnight,4,Normal,1.743,1.704
11/03/2020,1,Overnight,1,Normal,1.746,1.707
11/04/2020,1,Overnight,1,Normal,1.744,1.705
11/05/2020,1,Overnight,1,Normal,1.743,1.704
11/06/2020,1,Overnight,3,Normal,1.735,1.697
11/09/2020,1,Overnight,1,Normal,1.746,1.707
11/10/2020,1,Overnight,1,Normal,1.751,1.712
11/11/2020,1,Overnight,1,Normal,1.748,1.709
11/12/2020,1,Overnight,1,Normal,1.746,1.707
11/13/2020,1,Overnight,4,Normal,1.746,1.707
11/17/2020,1,Overnight,1,Normal,1.748,1.709
11/18/2020,1,Overnight,1,Normal,1.739,1.7
11/19/2020,1,Overnight,1,Normal,1.746,1.707
11/20/2020,1,Overnight,3,Normal,1.748,1.709
11/23/2020,1,Overnight,1,Normal,1.748,1.709
11/24/2020,1,Overnight,1,Normal,1.743,1.704
11/25/2020,1,Overnight,1,Normal,1.75,1.711
11/26/2020,1,Overnight,1,Normal,1.751,1.712
11/27/2020,1,Overnight,3,Normal,1.75,1.711
11/30/2020,1,Overnight,1,Normal,1.75,1.711
12/01/2020,1,Overnight,1,Normal,1.751,1.712
12/02/2020,1,Overnight,1,Normal,1.752,1.713
12/03/2020,1,Overnight,1,Normal,1.752,1.713
12/04/2020,1,Overnight,3,Normal,1.752,1.713
12/07/2020,1,Overnight,2,Normal,1.755,1.716
12/09/2020,1,Overnight,1,Normal,1.752,1.713
12/10/2020,1,Overnight,1,Normal,1.75,1.711
12/11/2020,1,Overnight,3,Normal,1.75,1.711
12/14/2020,1,Overnight,1,Normal,1.749,1.71
12/15/2020,1,Overnight,1,Normal,1.751,1.712
12/16/2020,1,Overnight,1,Normal,1.752,1.713
12/17/2020,1,Overnight,1,Normal,1.75,1.711
12/18/2020,1,Overnight,3,Normal,1.75,1.711
12/21/2020,1,Overnight,1,Normal,1.75,1.711
12/22/2020,1,Overnight,1,Normal,1.75,1.711
12/23/2020,1,Overnight,1,Normal,1.751,1.712
12/24/2020,1,Overnight,4,Normal,1.75,1.711
12/28/2020,1,Overnight,1,Normal,1.751,1.712
12/29/2020,1,Overnight,1,Normal,1.745,1.706
12/30/2020,1,Overnight,5,Normal,1.74,1.702
01/04/2021,1,Overnight,1,Normal,1.735,1.697
01/05/2021,1,Overnight,1,Normal,1.724,1.686
01/06/2021,1,Overnight,1,Normal,1.723,1.685
01/07/2021,1,Overnight,1,Normal,1.729,1.691
01/08/2021,1,Overnight,4,Normal,1.728,1.69
01/12/2021,1,Overnight,1,Normal,1.733,1.695
01/13/2021,1,Overnight,1,Normal,1.731,1.693
01/14/2021,1,Overnight,1,Normal,1.731,1.693
01/15/2021,1,Overnight,3,Normal,1.73,1.692
01/18/2021,1,Overnight,1,Normal,1.736,1.698
01/19/2021,1,Overnight,1,Normal,1.732,1.694
01/20/2021,1,Overnight,1,Normal,1.729,1.691
01/21/2021,1,Overnight,1,Normal,1.731,1.693
01/22/2021,1,Overnight,3,Normal,1.734,1.696
01/25/2021,1,Overnight,1,Normal,1.737,1.699
01/26/2021,1,Overnight,1,Normal,1.739,1.7
01/27/2021,1,Overnight,1,Normal,1.743,1.704
01/28/2021,1,Overnight,1,Normal,1.745,1.706
01/29/2021,1,Overnight,3,Normal,1.744,1.705
02/01/2021,1,Overnight,1,Normal,1.75,1.711
02/02/2021,1,Overnight,1,Normal,1.751,1.712
02/03/2021,1,Overnight,1,Normal,1.751,1.712
02/04/2021,1,Overnight,1,Normal,1.75,1.711
02/05/2021,1,Overnight,3,Normal,1.751,1.712
02/08/2021,1,Overnight,1,Normal,1.751,1.712
02/09/2021,1,Overnight,1,Normal,1.751,1.712
02/10/2021,1,Overnight,1,Normal,1.75,1.711
02/11/2021,1,Overnight,1,Normal,1.75,1.711
02/12/2021,1,Overnight,3,Normal,1.751,1.712
02/15/2021,1,Overnight,1,Normal,1.751,1.712
02/16/2021,1,Overnight,1,Normal,1.75,1.711
02/17/2021,1,Overnight,1,Normal,1.75,1.711
02/18/2021,1,Overnight,1,Normal,1.75,1.711
02/19/2021,1,Overnight,3,Normal,1.75,1.711
02/22/2021,1,Overnight,1,Normal,1.749,1.71
02/23/2021,1,Overnight,1,Normal,1.746,1.707
02/24/2021,1,Overnight,1,Normal,1.746,1.707
02/25/2021,1,Overnight,1,Normal,1.744,1.705
02/26/2021,1,Overnight,3,Normal,1.737,1.699
03/01/2021,1,Overnight,1,Normal,1.734,1.696
03/02/2021,1,Overnight,1,Normal,1.73,1.692
03/03/2021,1,Overnight,1,Normal,1.73,1.692
03/04/2021,1,Overnight,1,Normal,1.732,1.694
03/05/2021,1,Overnight,3,Normal,1.735,1.697
03/08/2021,1,Overnight,1,Normal,1.73,1.692
03/09/2021,1,Overnight,1,Normal,1.724,1.686
03/10/2021,1,Overnight,1,Normal,1.717,1.679
03/11/2021,1,Overnight,1,Normal,1.706,1.668
03/12/2021,1,Overnight,3,Normal,1.656,1.62
03/15/2021,1,Overnight,1,Normal,1.65,1.614
03/16/2021,1,Overnight,1,Normal,1.666,1.63
03/17/2021,1,Overnight,1,Normal,1.692,1.655
03/18/2021,1,Overnight,1,Normal,1.706,1.668
03/19/2021,1,Overnight,4,Normal,1.71,1.672
03/23/2021,1,Overnight,1,Normal,1.708,1.67
03/24/2021,1,Overnight,1,Normal,1.718,1.68
03/25/2021,1,Overnight,1,Normal,1.718,1.68
03/26/2021,1,Overnight,3,Normal,1.718,1.68
03/29/2021,1,Overnight,1,Normal,1.715,1.677
03/30/2021,1,Overnight,1,Normal,1.726,1.688
03/31/2021,1,Overnight,5,Normal,1.72,1.682
04/05/2021,1,Overnight,1,Normal,1.723,1.685
04/06/2021,1,Overnight,1,Normal,1.722,1.684
04/07/2021,1,Overnight,1,Normal,1.726,1.688
04/08/2021,1,Overnight,1,Normal,1.728,1.69
04/09/2021,1,Overnight,3,Normal,1.734,1.696
04/12/2021,1,Overnight,1,Normal,1.726,1.688
04/13/2021,1,Overnight,1,Normal,1.73,1.692
04/14/2021,1,Overnight,1,Normal,1.734,1.696
04/15/2021,1,Overnight,1,Normal,1.731,1.693
04/16/2021,1,Overnight,3,Normal,1.731,1.693
04/19/2021,1,Overnight,1,Normal,1.739,1.7
04/20/2021,1,Overnight,1,Normal,1.739,1.7
04/21/2021,1,Overnight,1,Normal,1.742,1.703
04/22/2021,1,Overnight,1,Normal,1.747,1.708
04/23/2021,1,Overnight,3,Normal,1.748,1.709
04/26/2021,1,Overnight,1,Normal,1.749,1.71
04/27/2021,1,Overnight,1,Normal,1.749,1.71
04/28/2021,1,Overnight,1,Normal,1.745,1.706
04/29/2021,1,Overnight,1,Normal,1.75,1.711
04/30/2021,1,Overnight,3,Normal,1.754,1.715
05/03/2021,1,Overnight,1,Normal,1.755,1.716
05/04/2021,1,Overnight,1,Normal,1.756,1.717
05/05/2021,1,Overnight,1,Normal,1.755,1.716
05/06/2021,1,Overnight,1,Normal,1.755,1.716
05/07/2021,1,Overnight,3,Normal,1.755,1.716
05/10/2021,1,Overnight,1,Normal,1.749,1.71
05/11/2021,1,Overnight,1,Normal,1.748,1.709
05/12/2021,1,Overnight,1,Normal,1.753,1.714
05/13/2021,1,Overnight,1,Normal,1.753,1.714
05/14/2021,1,Overnight,4,Normal,1.753,1.714
05/18/2021,1,Overnight,1,Normal,1.754,1.715
05/19/2021,1,Overnight,1,Normal,1.756,1.717
05/20/2021,1,Overnight,1,Normal,1.76,1.721
05/21/2021,1,Overnight,3,Normal,1.764,1.725
05/24/2021,1,Overnight,1,Normal,1.758,1.719
05/25/2021,1,Overnight,1,Normal,1.761,1.722
05/26/2021,1,Overnight,1,Normal,1.761,1.722
05/27/2021,1,Overnight,1,Normal,1.764,1.725
05/28/2021,1,Overnight,3,Normal,1.765,1.726
05/31/2021,1,Overnight,1,Normal,1.755,1.716
06/01/2021,1,Overnight,1,Normal,1.754,1.715
06/02/2021,1,Overnight,1,Normal,1.757,1.718
06/03/2021,1,Overnight,1,Normal,1.76,1.721
06/04/2021,1,Overnight,4,Normal,1.757,1.718
06/08/2021,1,Overnight,1,Normal,1.756,1.717
06/09/2021,1,Overnight,1,Normal,1.753,1.714
06/10/2021,1,Overnight,1,Normal,1.751,1.712
06/11/2021,1,Overnight,4,Normal,1.752,1.713
06/15/2021,1,Overnight,1,Normal,1.752,1.713
06/16/2021,1,Overnight,1,Normal,1.751,1.712
06/17/2021,1,Overnight,1,Normal,1.751,1.712
06/18/2021,1,Overnight,3,Normal,1.751,1.712
06/21/2021,1,Overnight,1,Normal,1.751,1.712
06/22/2021,1,Overnight,1,Normal,1.75,1.711
06/23/2021,1,Overnight,1,Normal,1.751,1.712
06/24/2021,1,Overnight,1,Normal,1.751,1.712
06/25/2021,1,Overnight,3,Normal,1.751,1.712
06/28/2021,1,Overnight,1,Normal,1.751,1.712
06/29/2021,1,Overnight,1,Normal,1.751,1.712
06/30/2021,1,Overnight,1,Normal,1.751,1.712
07/01/2021,1,Overnight,1,Normal,1.75,1.711
07/02/2021,1,Overnight,4,Normal,1.751,1.712
07/06/2021,1,Overnight,1,Normal,1.753,1.714
07/07/2021,1,Overnight,1,Normal,1.752,1.713
07/08/2021,1,Overnight,1,Normal,1.753,1.714
07/09/2021,1,Overnight,3,Normal,1.751,1.712
07/12/2021,1,Overnight,1,Normal,1.751,1.712
07/13/2021,1,Overnight,1,Normal,1.753,1.714
07/14/2021,1,Overnight,1,Normal,1.752,1.713
07/15/2021,1,Overnight,1,Normal,1.753,1.714
07/16/2021,1,Overnight,3,Normal,1.754,1.715
07/19/2021,1,Overnight,2,Normal,1.756,1.717
07/21/2021,1,Overnight,1,Normal,1.755,1.716
07/22/2021,1,Overnight,1,Normal,1.755,1.716
07/23/2021,1,Overnight,3,Normal,1.755,1.716
07/26/2021,1,Overnight,1,Normal,1.755,1.716
07/27/2021,1,Overnight,1,Normal,1.755,1.716
07/28/2021,1,Overnight,1,Normal,1.754,1.715
07/29/2021,1,Overnight,1,Normal,1.751,1.712
07/30/2021,1,Overnight,3,Normal,1.751,1.712
08/02/2021,1,Overnight,1,Normal,1.751,1.712
08/03/2021,1,Overnight,1,Normal,1.753,1.714
08/04/2021,1,Overnight,1,Normal,1.753,1.714
08/05/2021,1,Overnight,1,Normal,1.753,1.714
08/06/2021,1,Overnight,3,Normal,1.753,1.714
08/09/2021,1,Overnight,1,Normal,1.752,1.713
08/10/2021,1,Overnight,1,Normal,1.752,1.713
08/11/2021,1,Overnight,1,Normal,1.752,1.713
08/12/2021,1,Overnight,1,Normal,1.752,1.713
08/13/2021,1,Overnight,4,Normal,1.752,1.713
08/17/2021,1,Overnight,1,Normal,1.753,1.714
08/18/2021,1,Overnight,1,Normal,1.753,1.714
08/19/2021,1,Overnight,1,Normal,1.753,1.714
08/20/2021,1,Overnight,3,Normal,1.753,1.714
08/23/2021,1,Overnight,1,Normal,1.753,1.714
08/24/2021,1,Overnight,1,Normal,1.756,1.717
08/25/2021,1,Overnight,1,Normal,1.756,1.717
08/26/2021,1,Overnight,1,Normal,1.758,1.719
08/27/2021,1,Overnight,3,Normal,1.76,1.721
08/30/2021,1,Overnight,1,Normal,1.759,1.72
08/31/2021,1,Overnight,1,Normal,1.758,1.719
09/01/2021,1,Overnight,1,Normal,1.76,1.721
09/02/2021,1,Overnight,1,Normal,1.763,1.724
09/03/2021,1,Overnight,3,Normal,1.766,1.727
09/06/2021,1,Overnight,1,Normal,1.767,1.728
09/07/2021,1,Overnight,1,Normal,1.764,1.725
09/08/2021,1,Overnight,1,Normal,1.755,1.716
09/09/2021,1,Overnight,1,Normal,1.75,1.711
09/10/2021,1,Overnight,3,Normal,1.75,1.711
09/13/2021,1,Overnight,1,Normal,1.754,1.715
09/14/2021,1,Overnight,1,Normal,1.758,1.719
09/15/2021,1,Overnight,1,Normal,1.761,1.722
09/16/2021,1,Overnight,1,Normal,1.766,1.727
09/17/2021,1,Overnight,3,Normal,1.77,1.731
09/20/2021,1,Overnight,1,Normal,1.773,1.733
09/21/2021,1,Overnight,1,Normal,1.774,1.734
09/22/2021,1,Overnight,1,Normal,1.775,1.735
09/23/2021,1,Overnight,1,Normal,1.775,1.735
09/24/2021,1,Overnight,3,Normal,1.778,1.738
09/27/2021,1,Overnight,1,Normal,1.781,1.741
09/28/2021,1,Overnight,1,Normal,1.783,1.743
09/29/2021,1,Overnight,1,Normal,1.784,1.744
09/30/2021,1,Overnight,1,Normal,1.785,1.745
10/01/2021,1,Overnight,3,Normal,2.02,1.973
10/04/2021,1,Overnight,1,Normal,2.027,1.979
10/05/2021,1,Overnight,1,Normal,2.028,1.98
10/06/2021,1,Overnight,1,Normal,2.024,1.976
10/07/2021,1,Overnight,1,Normal,2.023,1.975
10/08/2021,1,Overnight,3,Normal,2.009,1.962
10/11/2021,1,Overnight,1,Normal,2.012,1.965
10/12/2021,1,Overnight,1,Normal,2.006,1.959
10/13/2021,1,Overnight,1,Normal,2.016,1.969
10/14/2021,1,Overnight,1,Normal,2.02,1.973
10/15/2021,1,Overnight,4,Normal,2.024,1.977
10/19/2021,1,Overnight,1,Normal,2.026,1.978
10/20/2021,1,Overnight,1,Normal,2.008,1.961
10/21/2021,1,Overnight,1,Normal,2.006,1.959
10/22/2021,1,Overnight,3,Normal,2.008,1.961
10/25/2021,1,Overnight,1,Normal,2.002,1.955
10/26/2021,1,Overnight,1,Normal,2.009,1.962
10/27/2021,1,Overnight,1,Normal,2.014,1.967
10/28/2021,1,Overnight,1,Normal,2.019,1.972
10/29/2021,1,Overnight,4,Normal,2.013,1.966
11/02/2021,1,Overnight,1,Normal,2.51,2.445
11/03/2021,1,Overnight,1,Normal,2.519,2.454
11/04/2021,1,Overnight,1,Normal,2.523,2.458
11/05/2021,1,Overnight,3,Normal,2.516,2.451
11/08/2021,1,Overnight,1,Normal,2.515,2.45
11/09/2021,1,Overnight,1,Normal,2.513,2.448
11/10/2021,1,Overnight,1,Normal,2.522,2.457
11/11/2021,1,Overnight,1,Normal,2.531,2.465
11/12/2021,1,Overnight,4,Normal,2.529,2.464
11/16/2021,1,Overnight,1,Normal,2.531,2.465
11/17/2021,1,Overnight,1,Normal,2.521,2.456
11/18/2021,1,Overnight,1,Normal,2.531,2.465
11/19/2021,1,Overnight,3,Normal,2.53,2.465
11/22/2021,1,Overnight,1,Normal,2.535,2.469
11/23/2021,1,Overnight,1,Normal,2.516,2.451
11/24/2021,1,Overnight,1,Normal,2.534,2.468
11/25/2021,1,Overnight,1,Normal,2.539,2.473
11/26/2021,1,Overnight,3,Normal,2.543,2.477
11/29/2021,1,Overnight,1,Normal,2.541,2.475
11/30/2021,1,Overnight,1,Normal,2.539,2.473
12/01/2021,1,Overnight,1,Normal,2.536,2.47
12/02/2021,1,Overnight,1,Normal,2.533,2.467
12/03/2021,1,Overnight,3,Normal,2.533,2.467
12/06/2021,1,Overnight,1,Normal,2.54,2.474
12/07/2021,1,Overnight,2,Normal,2.533,2.467
12/09/2021,1,Overnight,1,Normal,2.533,2.467
12/10/2021,1,Overnight,3,Normal,2.53,2.465
12/13/2021,1,Overnight,1,Normal,2.531,2.465
12/14/2021,1,Overnight,1,Normal,2.524,2.459
12/15/2021,1,Overnight,1,Normal,2.524,2.459
12/16/2021,1,Overnight,1,Normal,2.522,2.457
12/17/2021,1,Overnight,3,Normal,2.519,2.454
12/20/2021,1,Overnight,1,Normal,3.003,2.918
12/21/2021,1,Overnight,1,Normal,2.989,2.905
12/22/2021,1,Overnight,1,Normal,2.992,2.908
12/23/2021,1,Overnight,1,Normal,2.996,2.912
12/24/2021,1,Overnight,3,Normal,2.999,2.915
12/27/2021,1,Overnight,1,Normal,3.001,2.916
12/28/2021,1,Overnight,1,Normal,2.998,2.914
12/29/2021,1,Overnight,1,Normal,2.997,2.913
12/30/2021,1,Overnight,4,Normal,2.989,2.905
01/03/2022,1,Overnight,1,Normal,2.998,2.914
01/04/2022,1,Overnight,1,Normal,2.981,2.897
01/05/2022,1,Overnight,1,Normal,2.995,2.911
01/06/2022,1,Overnight,1,Normal,2.998,2.914
01/07/2022,1,Overnight,4,Normal,3,2.916
01/11/2022,1,Overnight,1,Normal,3.001,2.916
01/12/2022,1,Overnight,1,Normal,3.001,2.916
01/13/2022,1,Overnight,1,Normal,3.002,2.917
01/14/2022,1,Overnight,3,Normal,3.007,2.922
01/17/2022,1,Overnight,1,Normal,3.016,2.931
01/18/2022,1,Overnight,1,Normal,3.054,2.967
01/19/2022,1,Overnight,1,Normal,3.03,2.944
01/20/2022,1,Overnight,1,Normal,3.038,2.952
01/21/2022,1,Overnight,3,Normal,3.022,2.937
01/24/2022,1,Overnight,1,Normal,3.017,2.932
01/25/2022,1,Overnight,1,Normal,3.013,2.928
01/26/2022,1,Overnight,1,Normal,3.015,2.93
01/27/2022,1,Overnight,1,Normal,3.014,2.929
01/28/2022,1,Overnight,3,Normal,3.015,2.93
01/31/2022,1,Overnight,1,Normal,4.007,3.875
02/01/2022,1,Overnight,1,Normal,4.013,3.881
02/02/2022,1,Overnight,1,Normal,4.015,3.883
02/03/2022,1,Overnight,1,Normal,4.018,3.886
02/04/2022,1,Overnight,3,Normal,4.017,3.885
02/07/2022,1,Overnight,1,Normal,4.018,3.886
02/08/2022,1,Overnight,1,Normal,4.012,3.88
02/09/2022,1,Overnight,1,Normal,4.016,3.884
02/10/2022,1,Overnight,1,Normal,4.016,3.884
02/11/2022,1,Overnight,3,Normal,4.01,3.878
02/14/2022,1,Overnight,1,Normal,4.01,3.878
02/15/2022,1,Overnight,1,Normal,4.008,3.876
02/16/2022,1,Overnight,1,Normal,4.008,3.876
02/17/2022,1,Overnight,1,Normal,4,3.869
02/18/2022,1,Overnight,3,Normal,4.004,3.873
02/21/2022,1,Overnight,1,Normal,4.01,3.878
02/22/2022,1,Overnight,1,Normal,4.015,3.883
02/23/2022,1,Overnight,1,Normal,4.01,3.878
02/24/2022,1,Overnight,1,Normal,4.018,3.886
02/25/2022,1,Overnight,3,Normal,4.008,3.877
02/28/2022,1,Overnight,1,Normal,4,3.869
03/01/2022,1,Overnight,1,Normal,3.997,3.866
03/02/2022,1,Overnight,1,Normal,4.003,3.871
03/03/2022,1,Overnight,1,Normal,4.004,3.872
03/04/2022,1,Overnight,3,Normal,4.001,3.87
03/07/2022,1,Overnight,1,Normal,4.005,3.873
03/08/2022,1,Overnight,1,Normal,4.012,3.88
03/09/2022,1,Overnight,1,Normal,4.008,3.876
03/10/2022,1,Overnight,1,Normal,3.994,3.863
03/11/2022,1,Overnight,3,Normal,3.964,3.835
03/14/2022,1,Overnight,1,Normal,3.941,3.813
03/15/2022,1,Overnight,1,Normal,3.856,3.732
03/16/2022,1,Overnight,1,Normal,3.948,3.819
03/17/2022,1,Overnight,1,Normal,4,3.869
03/18/2022,1,Overnight,4,Normal,4.001,3.87
03/22/2022,1,Overnight,1,Normal,4.004,3.872
03/23/2022,1,Overnight,1,Normal,4.004,3.872
03/24/2022,1,Overnight,1,Normal,4.008,3.876
03/25/2022,1,Overnight,3,Normal,4.007,3.876
03/28/2022,1,Overnight,1,Normal,4.003,3.871
03/29/2022,1,Overnight,1,Normal,3.974,3.844
03/30/2022,1,Overnight,1,Normal,3.988,3.857
03/31/2022,1,Overnight,1,Normal,4.009,3.877
04/01/2022,1,Overnight,3,Normal,4.997,4.81
04/04/2022,1,Overnight,1,Normal,4.999,4.812
04/05/2022,1,Overnight,1,Normal,4.993,4.806
04/06/2022,1,Overnight,1,Normal,4.993,4.806
04/07/2022,1,Overnight,1,Normal,4.977,4.791
04/08/2022,1,Overnight,3,Normal,4.976,4.791
04/11/2022,1,Overnight,1,Normal,4.976,4.79
04/12/2022,1,Overnight,1,Normal,4.974,4.788
04/13/2022,1,Overnight,5,Normal,4.989,4.803
04/18/2022,1,Overnight,1,Normal,4.995,4.808
04/19/2022,1,Overnight,1,Normal,4.999,4.812
04/20/2022,1,Overnight,1,Normal,5.003,4.815
04/21/2022,1,Overnight,1,Normal,5.008,4.82
04/22/2022,1,Overnight,3,Normal,5.007,4.82
04/25/2022,1,Overnight,1,Normal,4.999,4.812
04/26/2022,1,Overnight,1,Normal,4.99,4.803
04/27/2022,1,Overnight,1,Normal,4.993,4.806
04/28/2022,1,Overnight,1,Normal,5.003,4.815
04/29/2022,1,Overnight,3,Normal,5.008,4.821
05/02/2022,1,Overnight,1,Normal,6.006,5.753
05/03/2022,1,Overnight,1,Normal,6.011,5.758
05/04/2022,1,Overnight,1,Normal,6.006,5.753
05/05/2022,1,Overnight,1,Normal,5.998,5.746
05/06/2022,1,Overnight,3,Normal,5.981,5.731
05/09/2022,1,Overnight,1,Normal,5.981,5.73
05/10/2022,1,Overnight,1,Normal,5.95,5.701
05/11/2022,1,Overnight,1,Normal,5.97,5.72
05/12/2022,1,Overnight,1,Normal,5.966,5.716
05/13/2022,1,Overnight,3,Normal,5.989,5.738
05/16/2022,1,Overnight,1,Normal,5.996,5.744
05/17/2022,1,Overnight,1,Normal,5.999,5.747
05/18/2022,1,Overnight,1,Normal,6.001,5.748
05/19/2022,1,Overnight,1,Normal,6.003,5.75
05/20/2022,1,Overnight,3,Normal,6.003,5.751
05/23/2022,1,Overnight,1,Normal,6.003,5.75
05/24/2022,1,Overnight,1,Normal,6.004,5.751
05/25/2022,1,Overnight,1,Normal,6.005,5.752
05/26/2022,1,Overnight,1,Normal,6.005,5.752
05/27/2022,1,Overnight,4,Normal,6.007,5.755
05/31/2022,1,Overnight,1,Normal,6.007,5.754
06/01/2022,1,Overnight,1,Normal,6.02,5.766
06/02/2022,1,Overnight,1,Normal,6.025,5.771
06/03/2022,1,Overnight,3,Normal,6.025,5.772
06/06/2022,1,Overnight,1,Normal,6.032,5.777
06/07/2022,1,Overnight,1,Normal,6.042,5.787
06/08/2022,1,Overnight,1,Normal,6.032,5.777
06/09/2022,1,Overnight,1,Normal,6.034,5.779
06/10/2022,1,Overnight,3,Normal,6.034,5.78
06/13/2022,1,Overnight,1,Normal,6.045,5.789
06/14/2022,1,Overnight,1,Normal,6.03,5.775
06/15/2022,1,Overnight,1,Normal,6.007,5.754
06/16/2022,1,Overnight,1,Normal,6.012,5.759
06/17/2022,1,Overnight,4,Normal,6.017,5.765
06/21/2022,1,Overnight,1,Normal,6.018,5.764
06/22/2022,1,Overnight,1,Normal,6.016,5.762
06/23/2022,1,Overnight,1,Normal,6.016,5.762
06/24/2022,1,Overnight,4,Normal,6.021,5.768
06/28/2022,1,Overnight,1,Normal,6.021,5.767
06/29/2022,1,Overnight,1,Normal,6.021,5.767
06/30/2022,1,Overnight,1,Normal,5.999,5.747
07/01/2022,1,Overnight,4,Normal,7.493,7.129
07/05/2022,1,Overnight,1,Normal,7.506,7.139
07/06/2022,1,Overnight,1,Normal,7.509,7.142
07/07/2022,1,Overnight,1,Normal,7.512,7.145
07/08/2022,1,Overnight,3,Normal,7.502,7.137
07/11/2022,1,Overnight,1,Normal,7.505,7.138
07/12/2022,1,Overnight,1,Normal,7.507,7.14
07/13/2022,1,Overnight,1,Normal,7.505,7.138
07/14/2022,1,Overnight,1,Normal,7.506,7.139
07/15/2022,1,Overnight,3,Normal,7.494,7.13
07/18/2022,1,Overnight,1,Normal,7.48,7.115
07/19/2022,1,Overnight,2,Normal,7.486,7.122
07/21/2022,1,Overnight,1,Normal,7.5,7.134
07/22/2022,1,Overnight,3,Normal,7.5,7.135
07/25/2022,1,Overnight,1,Normal,7.482,7.117
07/26/2022,1,Overnight,1,Normal,7.495,7.129
07/27/2022,1,Overnight,1,Normal,7.474,7.11
07/28/2022,1,Overnight,1,Normal,7.458,7.095
07/29/2022,1,Overnight,3,Normal,7.443,7.083
08/01/2022,1,Overnight,1,Normal,9.003,8.503
08/02/2022,1,Overnight,1,Normal,9.007,8.507
08/03/2022,1,Overnight,1,Normal,9.012,8.512
08/04/2022,1,Overnight,1,Normal,9.01,8.51
08/05/2022,1,Overnight,3,Normal,9.007,8.509
08/08/2022,1,Overnight,1,Normal,9.011,8.511
08/09/2022,1,Overnight,1,Normal,9.006,8.506
08/10/2022,1,Overnight,1,Normal,9.006,8.506
08/11/2022,1,Overnight,1,Normal,9.004,8.504
08/12/2022,1,Overnight,4,Normal,8.996,8.5
08/16/2022,1,Overnight,1,Normal,9.009,8.509
08/17/2022,1,Overnight,1,Normal,9.006,8.506
08/18/2022,1,Overnight,1,Normal,9.012,8.512
08/19/2022,1,Overnight,3,Normal,9.012,8.514
08/22/2022,1,Overnight,1,Normal,9.017,8.516
08/23/2022,1,Overnight,1,Normal,9.01,8.51
08/24/2022,1,Overnight,1,Normal,9.012,8.512
08/25/2022,1,Overnight,1,Normal,9.015,8.514
08/26/2022,1,Overnight,3,Normal,9.01,8.512
08/29/2022,1,Overnight,1,Normal,9.006,8.506
08/30/2022,1,Overnight,1,Normal,8.997,8.498
08/31/2022,1,Overnight,1,Normal,9.004,8.504
09/01/2022,1,Overnight,1,Normal,9.011,8.511
09/02/2022,1,Overnight,3,Normal,9,8.503
09/05/2022,1,Overnight,1,Normal,9.011,8.511
09/06/2022,1,Overnight,1,Normal,9.012,8.512
09/07/2022,1,Overnight,1,Normal,9.001,8.502
09/08/2022,1,Overnight,1,Normal,9.003,8.503
09/09/2022,1,Overnight,3,Normal,8.999,8.502
09/12/2022,1,Overnight,1,Normal,8.995,8.496
09/13/2022,1,Overnight,1,Normal,8.978,8.481
09/14/2022,1,Overnight,1,Normal,8.991,8.493
09/15/2022,1,Overnight,1,Normal,9.006,8.506
09/16/2022,1,Overnight,3,Normal,9.008,8.51
09/19/2022,1,Overnight,1,Normal,9.011,8.511
09/20/2022,1,Overnight,1,Normal,9.017,8.516
09/21/2022,1,Overnight,1,Normal,9.025,8.523
09/22/2022,1,Overnight,1,Normal,9.031,8.529
09/23/2022,1,Overnight,3,Normal,9.038,8.537
09/26/2022,1,Overnight,1,Normal,9.02,8.519
09/27/2022,1,Overnight,1,Normal,9.009,8.509
09/28/2022,1,Overnight,1,Normal,9.015,8.514
09/29/2022,1,Overnight,1,Normal,9.015,8.514
09/30/2022,1,Overnight,3,Normal,9.998,9.402
10/03/2022,1,Overnight,1,Normal,10.013,9.413
10/04/2022,1,Overnight,1,Normal,10.026,9.425
10/05/2022,1,Overnight,1,Normal,10.029,9.428
10/06/2022,1,Overnight,1,Normal,10.027,9.426
10/07/2022,1,Overnight,3,Normal,10.028,9.429
10/10/2022,1,Overnight,1,Normal,10.033,9.431
10/11/2022,1,Overnight,1,Normal,10.033,9.431
10/12/2022,1,Overnight,1,Normal,10.035,9.433
10/13/2022,1,Overnight,1,Normal,10.048,9.445
10/14/2022,1,Overnight,4,Normal,10.04,9.441
10/18/2022,1,Overnight,1,Normal,10.046,9.443
10/19/2022,1,Overnight,1,Normal,10.046,9.443
10/20/2022,1,Overnight,1,Normal,10.046,9.443
10/21/2022,1,Overnight,3,Normal,10.027,9.428
10/24/2022,1,Overnight,1,Normal,10.037,9.435
10/25/2022,1,Overnight,1,Normal,10.033,9.431
10/26/2022,1,Overnight,1,Normal,10.049,9.446
10/27/2022,1,Overnight,1,Normal,10.046,9.443
10/28/2022,1,Overnight,3,Normal,10.015,9.418
10/31/2022,1,Overnight,1,Normal,10.989,10.285
11/01/2022,1,Overnight,1,Normal,11.001,10.295
11/02/2022,1,Overnight,1,Normal,10.988,10.284
11/03/2022,1,Overnight,1,Normal,10.987,10.283
11/04/2022,1,Overnight,4,Normal,10.981,10.282
11/08/2022,1,Overnight,1,Normal,10.958,10.257
11/09/2022,1,Overnight,1,Normal,10.976,10.273
11/10/2022,1,Overnight,1,Normal,10.956,10.255
11/11/2022,1,Overnight,4,Normal,10.945,10.25
11/15/2022,1,Overnight,1,Normal,10.981,10.278
11/16/2022,1,Overnight,1,Normal,11.007,10.301
11/17/2022,1,Overnight,1,Normal,11.013,10.306
11/18/2022,1,Overnight,3,Normal,10.981,10.281
11/21/2022,1,Overnight,1,Normal,11.005,10.299
11/22/2022,1,Overnight,1,Normal,10.993,10.288
11/23/2022,1,Overnight,1,Normal,10.992,10.287
11/24/2022,1,Overnight,1,Normal,10.989,10.285
11/25/2022,1,Overnight,3,Normal,10.953,10.256
11/28/2022,1,Overnight,1,Normal,10.972,10.27
11/29/2022,1,Overnight,1,Normal,10.972,10.27
11/30/2022,1,Overnight,1,Normal,10.947,10.247
12/01/2022,1,Overnight,1,Normal,10.997,10.292
12/02/2022,1,Overnight,3,Normal,10.994,10.292
12/05/2022,1,Overnight,1,Normal,11.001,10.295
12/06/2022,1,Overnight,1,Normal,10.992,10.287
12/07/2022,1,Overnight,2,Normal,10.985,10.283
12/09/2022,1,Overnight,3,Normal,10.999,10.297
12/12/2022,1,Overnight,1,Normal,11.003,10.297
12/13/2022,1,Overnight,1,Normal,11.003,10.297
12/14/2022,1,Overnight,1,Normal,10.997,10.292
12/15/2022,1,Overnight,1,Normal,10.997,10.292
12/16/2022,1,Overnight,3,Normal,10.994,10.292
12/19/2022,1,Overnight,1,Normal,11.994,11.174
12/20/2022,1,Overnight,1,Normal,11.981,11.163
12/21/2022,1,Overnight,1,Normal,11.986,11.167
12/22/2022,1,Overnight,1,Normal,11.986,11.167
12/23/2022,1,Overnight,3,Normal,11.982,11.167
12/26/2022,1,Overnight,1,Normal,11.969,11.152
12/27/2022,1,Overnight,1,Normal,11.968,11.151
12/28/2022,1,Overnight,1,Normal,11.964,11.148
12/29/2022,1,Overnight,4,Normal,11.954,11.144
01/02/2023,1,Overnight,1,Normal,11.927,11.115
01/03/2023,1,Overnight,1,Normal,11.899,11.09
01/04/2023,1,Overnight,1,Normal,11.909,11.099
01/05/2023,1,Overnight,1,Normal,11.921,11.11
01/06/2023,1,Overnight,4,Normal,11.919,11.113
01/10/2023,1,Overnight,1,Normal,11.933,11.12
01/11/2023,1,Overnight,1,Normal,11.939,11.126
01/12/2023,1,Overnight,1,Normal,11.914,11.104
01/13/2023,1,Overnight,3,Normal,11.934,11.125
01/16/2023,1,Overnight,1,Normal,11.893,11.085
01/17/2023,1,Overnight,1,Normal,11.909,11.099
01/18/2023,1,Overnight,1,Normal,11.933,11.12
01/19/2023,1,Overnight,1,Normal,11.933,11.12
01/20/2023,1,Overnight,3,Normal,11.93,11.121
01/23/2023,1,Overnight,1,Normal,11.954,11.139
01/24/2023,1,Overnight,1,Normal,11.967,11.15
01/25/2023,1,Overnight,1,Normal,11.979,11.161
01/26/2023,1,Overnight,1,Normal,11.997,11.177
01/27/2023,1,Overnight,3,Normal,11.992,11.176
01/30/2023,1,Overnight,1,Normal,12.759,11.846
01/31/2023,1,Overnight,1,Normal,12.724,11.815
02/01/2023,1,Overnight,1,Normal,12.748,11.836
02/02/2023,1,Overnight,1,Normal,12.76,11.847
02/03/2023,1,Overnight,3,Normal,12.746,11.838
02/06/2023,1,Overnight,1,Normal,12.76,11.847
02/07/2023,1,Overnight,1,Normal,12.768,11.854
02/08/2023,1,Overnight,1,Normal,12.781,11.865
02/09/2023,1,Overnight,1,Normal,12.784,11.868
02/10/2023,1,Overnight,3,Normal,12.787,11.874
02/13/2023,1,Overnight,1,Normal,12.791,11.874
02/14/2023,1,Overnight,1,Normal,12.808,11.889
02/15/2023,1,Overnight,1,Normal,12.806,11.887
02/16/2023,1,Overnight,1,Normal,12.783,11.867
02/17/2023,1,Overnight,3,Normal,12.754,11.845
02/20/2023,1,Overnight,1,Normal,12.766,11.852
02/21/2023,1,Overnight,1,Normal,12.786,11.869
02/22/2023,1,Overnight,1,Normal,12.794,11.876
02/23/2023,1,Overnight,1,Normal,12.787,11.87
02/24/2023,1,Overnight,3,Normal,12.735,11.829
02/27/2023,1,Overnight,1,Normal,12.707,11.8
02/28/2023,1,Overnight,1,Normal,12.587,11.695
03/01/2023,1,Overnight,1,Normal,12.56,11.671
03/02/2023,1,Overnight,1,Normal,12.533,11.648
03/03/2023,1,Overnight,3,Normal,12.56,11.675
03/06/2023,1,Overnight,1,Normal,12.611,11.716
03/07/2023,1,Overnight,1,Normal,12.734,11.824
03/08/2023,1,Overnight,1,Normal,12.619,11.723
03/09/2023,1,Overnight,1,Normal,12.507,11.625
03/10/2023,1,Overnight,3,Normal,12.459,11.587
03/13/2023,1,Overnight,1,Normal,12.444,11.57
03/14/2023,1,Overnight,1,Normal,12.499,11.618
03/15/2023,1,Overnight,1,Normal,12.536,11.65
03/16/2023,1,Overnight,1,Normal,12.652,11.752
03/17/2023,1,Overnight,4,Normal,12.649,11.755
03/21/2023,1,Overnight,1,Normal,12.655,11.755
03/22/2023,1,Overnight,1,Normal,12.665,11.763
03/23/2023,1,Overnight,1,Normal,12.615,11.72
03/24/2023,1,Overnight,3,Normal,12.643,11.748
03/27/2023,1,Overnight,1,Normal,12.671,11.769
03/28/2023,1,Overnight,1,Normal,12.683,11.779
03/29/2023,1,Overnight,1,Normal,12.74,11.829
03/30/2023,1,Overnight,1,Normal,12.74,11.829
03/31/2023,1,Overnight,3,Normal,12.956,12.022
04/03/2023,1,Overnight,1,Normal,12.953,12.015
04/04/2023,1,Overnight,1,Normal,12.99,12.048
04/05/2023,1,Overnight,5,Normal,12.991,12.057
04/10/2023,1,Overnight,1,Normal,12.992,12.049
04/11/2023,1,Overnight,1,Normal,12.973,12.033
04/12/2023,1,Overnight,1,Normal,12.977,12.036
04/13/2023,1,Overnight,1,Normal,12.962,12.023
04/14/2023,1,Overnight,3,Normal,12.99,12.052
04/17/2023,1,Overnight,1,Normal,13.005,12.061
04/18/2023,1,Overnight,1,Normal,13.009,12.064
04/19/2023,1,Overnight,1,Normal,13.009,12.064
04/20/2023,1,Overnight,1,Normal,13.009,12.064
04/21/2023,1,Overnight,3,Normal,13.004,12.064
04/24/2023,1,Overnight,1,Normal,13.019,12.073
04/25/2023,1,Overnight,1,Normal,13.028,12.081
04/26/2023,1,Overnight,1,Normal,13.029,12.082
04/27/2023,1,Overnight,1,Normal,13.033,12.085
04/28/2023,1,Overnight,4,Normal,13.027,12.086
05/02/2023,1,Overnight,1,Normal,13.268,12.29
05/03/2023,1,Overnight,1,Normal,13.262,12.285
05/04/2023,1,Overnight,1,Normal,13.262,12.285
05/05/2023,1,Overnight,3,Normal,13.256,12.284
05/08/2023,1,Overnight,1,Normal,13.263,12.286
05/09/2023,1,Overnight,1,Normal,13.253,12.277
05/10/2023,1,Overnight,1,Normal,13.263,12.286
05/11/2023,1,Overnight,1,Normal,13.262,12.285
05/12/2023,1,Overnight,3,Normal,13.261,12.288
05/15/2023,1,Overnight,1,Normal,13.266,12.288
05/16/2023,1,Overnight,1,Normal,13.266,12.288
05/17/2023,1,Overnight,1,Normal,13.266,12.288
05/18/2023,1,Overnight,1,Normal,13.279,12.3
05/19/2023,1,Overnight,4,Normal,13.288,12.314
05/23/2023,1,Overnight,1,Normal,13.3,12.318
05/24/2023,1,Overnight,1,Normal,13.289,12.308
05/25/2023,1,Overnight,1,Normal,13.294,12.313
05/26/2023,1,Overnight,3,Normal,13.335,12.353
05/29/2023,1,Overnight,1,Normal,13.308,12.325
05/30/2023,1,Overnight,1,Normal,13.294,12.313
05/31/2023,1,Overnight,1,Normal,13.294,12.313
06/01/2023,1,Overnight,1,Normal,13.325,12.34
06/02/2023,1,Overnight,3,Normal,13.285,12.309
06/05/2023,1,Overnight,1,Normal,13.29,12.309
06/06/2023,1,Overnight,1,Normal,13.246,12.271
06/07/2023,1,Overnight,1,Normal,13.259,12.282
06/08/2023,1,Overnight,1,Normal,13.259,12.282
06/09/2023,1,Overnight,4,Normal,13.257,12.287
06/13/2023,1,Overnight,1,Normal,13.285,12.305
06/14/2023,1,Overnight,1,Normal,13.302,12.32
06/15/2023,1,Overnight,1,Normal,13.31,12.327
06/16/2023,1,Overnight,4,Normal,13.323,12.344
06/20/2023,1,Overnight,1,Normal,13.309,12.326
06/21/2023,1,Overnight,1,Normal,13.307,12.324
06/22/2023,1,Overnight,1,Normal,13.267,12.289
06/23/2023,1,Overnight,3,Normal,13.261,12.288
06/26/2023,1,Overnight,1,Normal,13.247,12.272
06/27/2023,1,Overnight,1,Normal,13.247,12.272
06/28/2023,1,Overnight,1,Normal,13.247,12.272
06/29/2023,1,Overnight,1,Normal,13.25,12.274
06/30/2023,1,Overnight,4,Normal,13.238,12.27
07/04/2023,1,Overnight,1,Normal,13.235,12.261
07/05/2023,1,Overnight,1,Normal,13.239,12.265
07/06/2023,1,Overnight,1,Normal,13.251,12.275
07/07/2023,1,Overnight,3,Normal,13.234,12.265
07/10/2023,1,Overnight,1,Normal,13.245,12.27
07/11/2023,1,Overnight,1,Normal,13.247,12.272
07/12/2023,1,Overnight,1,Normal,13.245,12.27
07/13/2023,1,Overnight,1,Normal,13.251,12.275
07/14/2023,1,Overnight,3,Normal,13.248,12.277
07/17/2023,1,Overnight,1,Normal,13.263,12.286
07/18/2023,1,Overnight,1,Normal,13.251,12.275
07/19/2023,1,Overnight,2,Normal,13.278,12.301
07/21/2023,1,Overnight,3,Normal,13.288,12.312
07/24/2023,1,Overnight,1,Normal,13.297,12.315
07/25/2023,1,Overnight,1,Normal,13.302,12.32
07/26/2023,1,Overnight,1,Normal,13.286,12.306
07/27/2023,1,Overnight,1,Normal,13.251,12.275
07/28/2023,1,Overnight,3,Normal,13.242,12.272
07/31/2023,1,Overnight,1,Normal,13.235,12.261
08/01/2023,1,Overnight,1,Normal,13.261,12.284
08/02/2023,1,Overnight,1,Normal,13.263,12.286
08/03/2023,1,Overnight,1,Normal,13.283,12.303
08/04/2023,1,Overnight,4,Normal,13.246,12.277
08/08/2023,1,Overnight,1,Normal,13.264,12.287
08/09/2023,1,Overnight,1,Normal,13.268,12.29
08/10/2023,1,Overnight,1,Normal,13.275,12.296
08/11/2023,1,Overnight,3,Normal,13.272,12.298
08/14/2023,1,Overnight,1,Normal,13.252,12.276
08/15/2023,1,Overnight,1,Normal,13.254,12.278
08/16/2023,1,Overnight,1,Normal,13.286,12.306
08/17/2023,1,Overnight,1,Normal,13.299,12.317
08/18/2023,1,Overnight,4,Normal,13.297,12.322
08/22/2023,1,Overnight,1,Normal,13.285,12.305
08/23/2023,1,Overnight,1,Normal,13.323,12.338
08/24/2023,1,Overnight,1,Normal,13.331,12.345
08/25/2023,1,Overnight,3,Normal,13.307,12.328
08/28/2023,1,Overnight,1,Normal,13.228,12.255
08/29/2023,1,Overnight,1,Normal,13.197,12.228
08/30/2023,1,Overnight,1,Normal,13.222,12.25
08/31/2023,1,Overnight,1,Normal,13.227,12.254
09/01/2023,1,Overnight,3,Normal,13.254,12.282
09/04/2023,1,Overnight,1,Normal,13.279,12.3
09/05/2023,1,Overnight,1,Normal,13.231,12.258
09/06/2023,1,Overnight,1,Normal,13.251,12.275
09/07/2023,1,Overnight,1,Normal,13.262,12.285
09/08/2023,1,Overnight,3,Normal,13.231,12.262
09/11/2023,1,Overnight,1,Normal,13.183,12.216
09/12/2023,1,Overnight,1,Normal,13.127,12.167
09/13/2023,1,Overnight,1,Normal,13.182,12.215
09/14/2023,1,Overnight,1,Normal,13.223,12.251
09/15/2023,1,Overnight,3,Normal,13.254,12.282
09/18/2023,1,Overnight,1,Normal,13.266,12.288
09/19/2023,1,Overnight,1,Normal,13.25,12.274
09/20/2023,1,Overnight,1,Normal,13.287,12.307
09/21/2023,1,Overnight,1,Normal,13.306,12.323
09/22/2023,1,Overnight,3,Normal,13.286,12.31
09/25/2023,1,Overnight,1,Normal,13.24,12.266
09/26/2023,1,Overnight,1,Normal,13.237,12.263
09/27/2023,1,Overnight,1,Normal,13.269,12.291
09/28/2023,1,Overnight,1,Normal,13.264,12.287
09/29/2023,1,Overnight,3,Normal,13.26,12.287
10/02/2023,1,Overnight,1,Normal,13.274,12.295
10/03/2023,1,Overnight,1,Normal,13.268,12.29
10/04/2023,1,Overnight,1,Normal,13.268,12.29
10/05/2023,1,Overnight,1,Normal,13.294,12.313
10/06/2023,1,Overnight,3,Normal,13.292,12.315
10/09/2023,1,Overnight,1,Normal,13.268,12.29
10/10/2023,1,Overnight,1,Normal,13.25,12.274
10/11/2023,1,Overnight,1,Normal,13.26,12.283
10/12/2023,1,Overnight,1,Normal,13.266,12.288
10/13/2023,1,Overnight,4,Normal,13.255,12.285
10/17/2023,1,Overnight,1,Normal,13.262,12.285
10/18/2023,1,Overnight,1,Normal,13.262,12.285
10/19/2023,1,Overnight,1,Normal,13.277,12.298
10/20/2023,1,Overnight,3,Normal,13.288,12.312
10/23/2023,1,Overnight,1,Normal,13.309,12.326
10/24/2023,1,Overnight,1,Normal,13.32,12.335
10/25/2023,1,Overnight,1,Normal,13.287,12.307
10/26/2023,1,Overnight,1,Normal,13.277,12.298
10/27/2023,1,Overnight,3,Normal,13.239,12.269
10/30/2023,1,Overnight,1,Normal,13.236,12.262
10/31/2023,1,Overnight,1,Normal,13.199,12.23
11/01/2023,1,Overnight,1,Normal,13.189,12.221
11/02/2023,1,Overnight,1,Normal,13.222,12.25
11/03/2023,1,Overnight,4,Normal,13.245,12.276
11/07/2023,1,Overnight,1,Normal,13.271,12.293
11/08/2023,1,Overnight,1,Normal,13.264,12.287
11/09/2023,1,Overnight,1,Normal,13.264,12.287
11/10/2023,1,Overnight,4,Normal,13.266,12.295
11/14/2023,1,Overnight,1,Normal,13.293,12.312
11/15/2023,1,Overnight,1,Normal,13.305,12.322
11/16/2023,1,Overnight,1,Normal,13.291,12.31
11/17/2023,1,Overnight,3,Normal,13.299,12.321
11/20/2023,1,Overnight,1,Normal,13.263,12.286
11/21/2023,1,Overnight,1,Normal,13.281,12.301
11/22/2023,1,Overnight,1,Normal,13.309,12.326
11/23/2023,1,Overnight,1,Normal,13.292,12.311
11/24/2023,1,Overnight,3,Normal,13.28,12.305
11/27/2023,1,Overnight,1,Normal,13.243,12.268
11/28/2023,1,Overnight,1,Normal,13.238,12.264
11/29/2023,1,Overnight,1,Normal,13.238,12.264
11/30/2023,1,Overnight,1,Normal,13.229,12.256
12/01/2023,1,Overnight,3,Normal,13.224,12.256
12/04/2023,1,Overnight,1,Normal,13.185,12.218
12/05/2023,1,Overnight,1,Normal,13.131,12.171
12/06/2023,1,Overnight,1,Normal,13.192,12.224
12/07/2023,1,Overnight,4,Normal,13.232,12.265
12/11/2023,1,Overnight,1,Normal,13.222,12.25
12/12/2023,1,Overnight,1,Normal,13.25,12.274
12/13/2023,1,Overnight,1,Normal,13.204,12.234
12/14/2023,1,Overnight,1,Normal,13.134,12.173
12/15/2023,1,Overnight,3,Normal,13.17,12.209
12/18/2023,1,Overnight,1,Normal,13.201,12.232
12/19/2023,1,Overnight,1,Normal,13.153,12.19
12/20/2023,1,Overnight,1,Normal,12.982,12.041
12/21/2023,1,Overnight,1,Normal,13.002,12.058
12/22/2023,1,Overnight,4,Normal,12.961,12.028
12/26/2023,1,Overnight,1,Normal,13,12.056
12/27/2023,1,Overnight,1,Normal,12.956,12.018
12/28/2023,1,Overnight,5,Normal,12.981,12.048
01/02/2024,1,Overnight,1,Normal,12.968,12.028
01/03/2024,1,Overnight,1,Normal,13.002,12.058
01/04/2024,1,Overnight,1,Normal,13.008,12.063
01/05/2024,1,Overnight,4,Normal,12.996,12.059
01/09/2024,1,Overnight,1,Normal,13.005,12.061
01/10/2024,1,Overnight,1,Normal,12.988,12.046
01/11/2024,1,Overnight,1,Normal,12.961,12.022
01/12/2024,1,Overnight,3,Normal,12.998,12.059
01/15/2024,1,Overnight,1,Normal,13.008,12.063
01/16/2024,1,Overnight,1,Normal,12.998,12.055
01/17/2024,1,Overnight,1,Normal,13.013,12.068
01/18/2024,1,Overnight,1,Normal,13.001,12.057
01/19/2024,1,Overnight,3,Normal,13,12.06
01/22/2024,1,Overnight,1,Normal,13,12.056
01/23/2024,1,Overnight,1,Normal,12.997,12.054
01/24/2024,1,Overnight,1,Normal,12.992,12.049
01/25/2024,1,Overnight,1,Normal,12.995,12.052
01/26/2024,1,Overnight,3,Normal,12.995,12.056
01/29/2024,1,Overnight,1,Normal,12.989,12.047
01/30/2024,1,Overnight,1,Normal,12.96,12.021
01/31/2024,1,Overnight,1,Normal,12.954,12.016
02/01/2024,1,Overnight,1,Normal,12.742,11.831
02/02/2024,1,Overnight,3,Normal,12.718,11.814
02/05/2024,1,Overnight,1,Normal,12.74,11.829
02/06/2024,1,Overnight,1,Normal,12.727,11.818
02/07/2024,1,Overnight,1,Normal,12.727,11.818
02/08/2024,1,Overnight,1,Normal,12.743,11.832
02/09/2024,1,Overnight,3,Normal,12.741,11.834
02/12/2024,1,Overnight,1,Normal,12.725,11.816
02/13/2024,1,Overnight,1,Normal,12.724,11.815
02/14/2024,1,Overnight,1,Normal,12.73,11.82
02/15/2024,1,Overnight,1,Normal,12.748,11.836
02/16/2024,1,Overnight,3,Normal,12.724,11.819
02/19/2024,1,Overnight,1,Normal,12.728,11.819
02/20/2024,1,Overnight,1,Normal,12.749,11.837
02/21/2024,1,Overnight,1,Normal,12.75,11.838
02/22/2024,1,Overnight,1,Normal,12.751,11.839
02/23/2024,1,Overnight,3,Normal,12.747,11.839
02/26/2024,1,Overnight,1,Normal,12.751,11.839
02/27/2024,1,Overnight,1,Normal,12.735,11.825
02/28/2024,1,Overnight,1,Normal,12.739,11.828
02/29/2024,1,Overnight,1,Normal,12.734,11.824
03/01/2024,1,Overnight,3,Normal,12.718,11.814
03/04/2024,1,Overnight,1,Normal,12.727,11.818
03/05/2024,1,Overnight,1,Normal,12.739,11.828
03/06/2024,1,Overnight,1,Normal,12.732,11.822
03/07/2024,1,Overnight,1,Normal,12.708,11.801
03/08/2024,1,Overnight,3,Normal,12.714,11.81
03/11/2024,1,Overnight,1,Normal,12.738,11.827
03/12/2024,1,Overnight,1,Normal,12.725,11.816
03/13/2024,1,Overnight,1,Normal,12.749,11.837
03/14/2024,1,Overnight,1,Normal,12.75,11.838
03/15/2024,1,Overnight,3,Normal,12.747,11.839
03/18/2024,1,Overnight,1,Normal,12.752,11.84
03/19/2024,1,Overnight,1,Normal,12.752,11.84
03/20/2024,1,Overnight,1,Normal,12.752,11.84
03/21/2024,1,Overnight,1,Normal,12.739,11.828
03/22/2024,1,Overnight,4,Normal,12.731,11.827
03/26/2024,1,Overnight,1,Normal,12.251,11.4
03/27/2024,1,Overnight,5,Normal,12.231,11.39
04/01/2024,1,Overnight,1,Normal,12.251,11.4
04/02/2024,1,Overnight,1,Normal,12.251,11.4
04/03/2024,1,Overnight,1,Normal,12.252,11.401
04/04/2024,1,Overnight,1,Normal,12.247,11.397
04/05/2024,1,Overnight,3,Normal,12.228,11.384
04/08/2024,1,Overnight,1,Normal,12.185,11.342
04/09/2024,1,Overnight,1,Normal,12.138,11.301
04/10/2024,1,Overnight,1,Normal,12.222,11.375
04/11/2024,1,Overnight,1,Normal,12.236,11.387
04/12/2024,1,Overnight,3,Normal,12.199,11.358
04/15/2024,1,Overnight,1,Normal,12.245,11.395
04/16/2024,1,Overnight,1,Normal,12.248,11.398
04/17/2024,1,Overnight,1,Normal,12.25,11.399
04/18/2024,1,Overnight,1,Normal,12.25,11.399
04/19/2024,1,Overnight,3,Normal,12.238,11.392
04/22/2024,1,Overnight,1,Normal,12.242,11.392
04/23/2024,1,Overnight,1,Normal,12.242,11.392
04/24/2024,1,Overnight,1,Normal,12.251,11.4
04/25/2024,1,Overnight,1,Normal,12.251,11.4
04/26/2024,1,Overnight,3,Normal,12.239,11.393
04/29/2024,1,Overnight,1,Normal,12.242,11.392
04/30/2024,1,Overnight,2,Normal,12.245,11.397
05/02/2024,1,Overnight,1,Normal,11.748,10.957
05/03/2024,1,Overnight,3,Normal,11.741,10.954
05/06/2024,1,Overnight,1,Normal,11.75,10.959
05/07/2024,1,Overnight,1,Normal,11.75,10.959
05/08/2024,1,Overnight,1,Normal,11.75,10.959
05/09/2024,1,Overnight,1,Normal,11.75,10.959
05/10/2024,1,Overnight,4,Normal,11.744,10.959
05/14/2024,1,Overnight,1,Normal,11.746,10.955
05/15/2024,1,Overnight,1,Normal,11.741,10.951
05/16/2024,1,Overnight,1,Normal,11.751,10.96
05/17/2024,1,Overnight,3,Normal,11.749,10.961
05/20/2024,1,Overnight,1,Normal,11.752,10.961
05/21/2024,1,Overnight,1,Normal,11.754,10.962
05/22/2024,1,Overnight,1,Normal,11.754,10.962
05/23/2024,1,Overnight,1,Normal,11.755,10.963
05/24/2024,1,Overnight,3,Normal,11.755,10.967
05/27/2024,1,Overnight,1,Normal,11.767,10.974
05/28/2024,1,Overnight,1,Normal,11.761,10.969
05/29/2024,1,Overnight,1,Normal,11.754,10.962
05/30/2024,1,Overnight,1,Normal,11.754,10.962
05/31/2024,1,Overnight,4,Normal,11.74,10.955
06/04/2024,1,Overnight,1,Normal,11.75,10.959
06/05/2024,1,Overnight,1,Normal,11.754,10.962
06/06/2024,1,Overnight,1,Normal,11.754,10.962
06/07/2024,1,Overnight,4,Normal,11.748,10.962
06/11/2024,1,Overnight,1,Normal,11.754,10.962
06/12/2024,1,Overnight,1,Normal,11.754,10.962
06/13/2024,1,Overnight,1,Normal,11.757,10.965
06/14/2024,1,Overnight,3,Normal,11.753,10.965
06/17/2024,1,Overnight,1,Normal,11.757,10.965
06/18/2024,1,Overnight,1,Normal,11.751,10.96
06/19/2024,1,Overnight,1,Normal,11.752,10.961
06/20/2024,1,Overnight,1,Normal,11.754,10.962
06/21/2024,1,Overnight,3,Normal,11.75,10.962
06/24/2024,1,Overnight,1,Normal,11.754,10.962
06/25/2024,1,Overnight,1,Normal,11.754,10.962
06/26/2024,1,Overnight,1,Normal,11.754,10.962
06/27/2024,1,Overnight,1,Normal,11.748,10.957
06/28/2024,1,Overnight,4,Normal,11.74,10.955
07/02/2024,1,Overnight,1,Normal,11.253,10.519
07/03/2024,1,Overnight,1,Normal,11.244,10.511
07/04/2024,1,Overnight,1,Normal,11.255,10.521
07/05/2024,1,Overnight,3,Normal,11.247,10.517
07/08/2024,1,Overnight,1,Normal,11.249,10.516
07/09/2024,1,Overnight,1,Normal,11.254,10.52
07/10/2024,1,Overnight,1,Normal,11.251,10.517
07/11/2024,1,Overnight,1,Normal,11.249,10.516
07/12/2024,1,Overnight,3,Normal,11.246,10.516
07/15/2024,1,Overnight,1,Normal,11.256,10.522
07/16/2024,1,Overnight,1,Normal,11.256,10.522
07/17/2024,1,Overnight,1,Normal,11.261,10.526
07/18/2024,1,Overnight,1,Normal,11.268,10.532
07/19/2024,1,Overnight,3,Normal,11.271,10.538
07/22/2024,1,Overnight,1,Normal,11.268,10.532
07/23/2024,1,Overnight,1,Normal,11.27,10.534
07/24/2024,1,Overnight,1,Normal,11.264,10.529
07/25/2024,1,Overnight,1,Normal,11.262,10.527
07/26/2024,1,Overnight,3,Normal,11.254,10.523
07/29/2024,1,Overnight,1,Normal,11.255,10.521
07/30/2024,1,Overnight,1,Normal,11.252,10.518
07/31/2024,1,Overnight,1,Normal,11.242,10.509
08/01/2024,1,Overnight,1,Normal,10.75,10.072
08/02/2024,1,Overnight,3,Normal,10.743,10.069
08/05/2024,1,Overnight,1,Normal,10.753,10.075
08/06/2024,1,Overnight,2,Normal,10.753,10.076
08/08/2024,1,Overnight,1,Normal,10.753,10.075
08/09/2024,1,Overnight,3,Normal,10.754,10.078
08/12/2024,1,Overnight,1,Normal,10.747,10.069
08/13/2024,1,Overnight,1,Normal,10.752,10.074
08/14/2024,1,Overnight,1,Normal,10.754,10.076
08/15/2024,1,Overnight,1,Normal,10.756,10.077
08/16/2024,1,Overnight,4,Normal,10.751,10.077
08/20/2024,1,Overnight,1,Normal,10.759,10.08
08/21/2024,1,Overnight,1,Normal,10.759,10.08
08/22/2024,1,Overnight,1,Normal,10.758,10.079
08/23/2024,1,Overnight,3,Normal,10.754,10.078
08/26/2024,1,Overnight,1,Normal,10.758,10.079
08/27/2024,1,Overnight,1,Normal,10.748,10.07
08/28/2024,1,Overnight,1,Normal,10.756,10.077
08/29/2024,1,Overnight,1,Normal,10.75,10.072
08/30/2024,1,Overnight,3,Normal,10.748,10.073
09/02/2024,1,Overnight,1,Normal,10.747,10.069
09/03/2024,1,Overnight,1,Normal,10.75,10.072
09/04/2024,1,Overnight,1,Normal,10.752,10.074
09/05/2024,1,Overnight,1,Normal,10.751,10.073
09/06/2024,1,Overnight,3,Normal,10.746,10.071
09/09/2024,1,Overnight,1,Normal,10.749,10.071
09/10/2024,1,Overnight,1,Normal,10.751,10.073
09/11/2024,1,Overnight,1,Normal,10.75,10.072
09/12/2024,1,Overnight,1,Normal,10.751,10.073
09/13/2024,1,Overnight,3,Normal,10.748,10.073
09/16/2024,1,Overnight,1,Normal,10.751,10.073
09/17/2024,1,Overnight,1,Normal,10.752,10.074
09/18/2024,1,Overnight,1,Normal,10.753,10.075
09/19/2024,1,Overnight,1,Normal,10.754,10.076
09/20/2024,1,Overnight,3,Normal,10.751,10.076
09/23/2024,1,Overnight,1,Normal,10.757,10.078
09/24/2024,1,Overnight,1,Normal,10.761,10.082
09/25/2024,1,Overnight,1,Normal,10.76,10.081
09/26/2024,1,Overnight,1,Normal,10.761,10.082
09/27/2024,1,Overnight,3,Normal,10.75,10.075
09/30/2024,1,Overnight,1,Normal,10.753,10.075
10/01/2024,1,Overnight,1,Normal,10.252,9.627
10/02/2024,1,Overnight,1,Normal,10.255,9.63
10/03/2024,1,Overnight,1,Normal,10.255,9.63
10/04/2024,1,Overnight,3,Normal,10.255,9.633
10/07/2024,1,Overnight,1,Normal,10.253,9.628
10/08/2024,1,Overnight,1,Normal,10.257,9.632
10/09/2024,1,Overnight,1,Normal,10.252,9.627
10/10/2024,1,Overnight,1,Normal,10.253,9.628
10/11/2024,1,Overnight,4,Normal,10.251,9.63
10/15/2024,1,Overnight,1,Normal,10.259,9.634
10/16/2024,1,Overnight,1,Normal,10.259,9.634
10/17/2024,1,Overnight,1,Normal,10.259,9.634
10/18/2024,1,Overnight,3,Normal,10.25,9.628
10/21/2024,1,Overnight,1,Normal,10.256,9.631
10/22/2024,1,Overnight,1,Normal,10.258,9.633
10/23/2024,1,Overnight,1,Normal,10.263,9.637
10/24/2024,1,Overnight,1,Normal,10.26,9.635
10/25/2024,1,Overnight,3,Normal,10.262,9.639
10/28/2024,1,Overnight,1,Normal,10.264,9.638
10/29/2024,1,Overnight,1,Normal,10.259,9.634
10/30/2024,1,Overnight,1,Normal,10.256,9.631
10/31/2024,1,Overnight,1,Normal,10.26,9.635
11/01/2024,1,Overnight,4,Normal,9.747,9.178
11/05/2024,1,Overnight,1,Normal,9.756,9.183
11/06/2024,1,Overnight,1,Normal,9.748,9.175
11/07/2024,1,Overnight,1,Normal,9.752,9.179
11/08/2024,1,Overnight,4,Normal,9.748,9.179
11/12/2024,1,Overnight,1,Normal,9.752,9.179
11/13/2024,1,Overnight,1,Normal,9.752,9.179
11/14/2024,1,Overnight,1,Normal,9.752,9.179
11/15/2024,1,Overnight,3,Normal,9.749,9.179
11/18/2024,1,Overnight,1,Normal,9.752,9.179
11/19/2024,1,Overnight,1,Normal,9.755,9.182
11/20/2024,1,Overnight,1,Normal,9.754,9.181
11/21/2024,1,Overnight,1,Normal,9.751,9.178
11/22/2024,1,Overnight,3,Normal,9.745,9.175
11/25/2024,1,Overnight,1,Normal,9.753,9.18
11/26/2024,1,Overnight,1,Normal,9.755,9.182
11/27/2024,1,Overnight,1,Normal,9.756,9.183
11/28/2024,1,Overnight,1,Normal,9.758,9.184
11/29/2024,1,Overnight,3,Normal,9.752,9.181
12/02/2024,1,Overnight,1,Normal,9.754,9.181
12/03/2024,1,Overnight,1,Normal,9.755,9.182
12/04/2024,1,Overnight,1,Normal,9.751,9.178
12/05/2024,1,Overnight,1,Normal,9.756,9.183
12/06/2024,1,Overnight,3,Normal,9.754,9.183
12/09/2024,1,Overnight,1,Normal,9.756,9.183
12/10/2024,1,Overnight,1,Normal,9.749,9.176
12/11/2024,1,Overnight,1,Normal,9.751,9.178
12/12/2024,1,Overnight,1,Normal,9.75,9.177
12/13/2024,1,Overnight,3,Normal,9.753,9.182
12/16/2024,1,Overnight,1,Normal,9.756,9.183
12/17/2024,1,Overnight,1,Normal,9.753,9.18
12/18/2024,1,Overnight,1,Normal,9.752,9.179
12/19/2024,1,Overnight,1,Normal,9.756,9.183
12/20/2024,1,Overnight,3,Normal,9.754,9.183
12/23/2024,1,Overnight,1,Normal,9.506,8.958
12/24/2024,1,Overnight,2,Normal,9.505,8.958
12/26/2024,1,Overnight,1,Normal,9.506,8.958
12/27/2024,1,Overnight,3,Normal,9.505,8.959
12/30/2024,1,Overnight,3,Normal,9.506,8.96
01/02/2025,1,Overnight,1,Normal,9.504,8.956
01/03/2025,1,Overnight,4,Normal,9.489,8.946
01/07/2025,1,Overnight,1,Normal,9.503,8.955
01/08/2025,1,Overnight,1,Normal,9.51,8.961
01/09/2025,1,Overnight,1,Normal,9.51,8.961
01/10/2025,1,Overnight,3,Normal,9.511,8.964
01/13/2025,1,Overnight,1,Normal,9.516,8.967
01/14/2025,1,Overnight,1,Normal,9.512,8.963
01/15/2025,1,Overnight,1,Normal,9.513,8.964
01/16/2025,1,Overnight,1,Normal,9.513,8.964
01/17/2025,1,Overnight,3,Normal,9.511,8.964
01/20/2025,1,Overnight,1,Normal,9.52,8.97
01/21/2025,1,Overnight,1,Normal,9.52,8.97
01/22/2025,1,Overnight,1,Normal,9.521,8.971
01/23/2025,1,Overnight,1,Normal,9.523,8.973
01/24/2025,1,Overnight,3,Normal,9.522,8.974
01/27/2025,1,Overnight,1,Normal,9.532,8.981
01/28/2025,1,Overnight,1,Normal,9.536,8.985
01/29/2025,1,Overnight,1,Normal,9.541,8.989
01/30/2025,1,Overnight,1,Normal,9.547,8.995
01/31/2025,1,Overnight,3,Normal,9.551,9
02/03/2025,1,Overnight,1,Normal,9.555,9.002
02/04/2025,1,Overnight,1,Normal,9.535,8.984
02/05/2025,1,Overnight,1,Normal,9.527,8.977
02/06/2025,1,Overnight,1,Normal,9.555,9.002
02/07/2025,1,Overnight,3,Normal,9.533,8.984
02/10/2025,1,Overnight,1,Normal,9.53,8.979
02/11/2025,1,Overnight,1,Normal,9.541,8.989
02/12/2025,1,Overnight,1,Normal,9.556,9.003
02/13/2025,1,Overnight,1,Normal,9.515,8.966
02/14/2025,1,Overnight,3,Normal,9.502,8.956
02/17/2025,1,Overnight,1,Normal,9.502,8.954
02/18/2025,1,Overnight,1,Normal,9.501,8.953
02/19/2025,1,Overnight,1,Normal,9.492,8.945
02/20/2025,1,Overnight,1,Normal,9.504,8.956
02/21/2025,1,Overnight,3,Normal,9.506,8.96
02/24/2025,1,Overnight,1,Normal,9.51,8.961
02/25/2025,1,Overnight,1,Normal,9.515,8.966
02/26/2025,1,Overnight,1,Normal,9.511,8.962
02/27/2025,1,Overnight,1,Normal,9.519,8.969
02/28/2025,1,Overnight,3,Normal,9.497,8.952
03/03/2025,1,Overnight,1,Normal,9.506,8.958
03/04/2025,1,Overnight,1,Normal,9.508,8.959
03/05/2025,1,Overnight,1,Normal,9.501,8.953
03/06/2025,1,Overnight,1,Normal,9.502,8.954
03/07/2025,1,Overnight,3,Normal,9.498,8.953
03/10/2025,1,Overnight,1,Normal,9.5,8.952
03/11/2025,1,Overnight,1,Normal,9.494,8.947
03/12/2025,1,Overnight,1,Normal,9.498,8.95
03/13/2025,1,Overnight,1,Normal,9.504,8.956
03/14/2025,1,Overnight,3,Normal,9.496,8.951
03/17/2025,1,Overnight,1,Normal,9.5,8.952
03/18/2025,1,Overnight,1,Normal,9.504,8.956
03/19/2025,1,Overnight,1,Normal,9.503,8.955
03/20/2025,1,Overnight,1,Normal,9.503,8.955
03/21/2025,1,Overnight,4,Normal,9.499,8.955
03/25/2025,1,Overnight,1,Normal,9.504,8.956
03/26/2025,1,Overnight,1,Normal,9.503,8.955
03/27/2025,1,Overnight,1,Normal,9.502,8.954
03/28/2025,1,Overnight,3,Normal,9.498,8.953
03/31/2025,1,Overnight,1,Normal,9.524,8.974
04/01/2025,1,Overnight,1,Normal,9.5,8.952
04/02/2025,1,Overnight,1,Normal,9.5,8.952
04/03/2025,1,Overnight,1,Normal,9.499,8.951
04/04/2025,1,Overnight,3,Normal,9.498,8.953
04/07/2025,1,Overnight,1,Normal,9.5,8.952
04/08/2025,1,Overnight,1,Normal,9.5,8.952
04/09/2025,1,Overnight,1,Normal,9.499,8.951
04/10/2025,1,Overnight,1,Normal,9.499,8.951
04/11/2025,1,Overnight,3,Normal,9.496,8.951
04/14/2025,1,Overnight,1,Normal,9.501,8.953
04/15/2025,1,Overnight,1,Normal,9.5,8.952
04/16/2025,1,Overnight,5,Normal,9.495,8.952
04/21/2025,1,Overnight,1,Normal,9.509,8.96
04/22/2025,1,Overnight,1,Normal,9.503,8.955
04/23/2025,1,Overnight,1,Normal,9.502,8.954
04/24/2025,1,Overnight,1,Normal,9.502,8.954
04/25/2025,1,Overnight,3,Normal,9.498,8.953
04/28/2025,1,Overnight,1,Normal,9.501,8.953
04/29/2025,1,Overnight,1,Normal,9.502,8.954
04/30/2025,1,Overnight,2,Normal,9.5,8.953
05/02/2025,1,Overnight,3,Normal,9.245,8.724
05/05/2025,1,Overnight,1,Normal,9.25,8.727
05/06/2025,1,Overnight,1,Normal,9.25,8.727
05/07/2025,1,Overnight,1,Normal,9.247,8.724
05/08/2025,1,Overnight,1,Normal,9.244,8.721
05/09/2025,1,Overnight,3,Normal,9.238,8.718
05/12/2025,1,Overnight,1,Normal,9.247,8.724
05/13/2025,1,Overnight,1,Normal,9.248,8.725
05/14/2025,1,Overnight,1,Normal,9.25,8.727
05/15/2025,1,Overnight,1,Normal,9.248,8.725
05/16/2025,1,Overnight,3,Normal,9.245,8.724
05/19/2025,1,Overnight,1,Normal,9.249,8.726
05/20/2025,1,Overnight,1,Normal,9.25,8.727
05/21/2025,1,Overnight,1,Normal,9.25,8.727
05/22/2025,1,Overnight,1,Normal,9.248,8.725
05/23/2025,1,Overnight,3,Normal,9.248,8.727
05/26/2025,1,Overnight,1,Normal,9.255,8.731
05/27/2025,1,Overnight,1,Normal,9.258,8.734
05/28/2025,1,Overnight,1,Normal,9.261,8.737
05/29/2025,1,Overnight,1,Normal,9.262,8.738
05/30/2025,1,Overnight,4,Normal,9.257,8.736
06/03/2025,1,Overnight,1,Normal,9.257,8.733
06/04/2025,1,Overnight,1,Normal,9.255,8.731
06/05/2025,1,Overnight,1,Normal,9.25,8.727
06/06/2025,1,Overnight,3,Normal,9.251,8.73
06/09/2025,1,Overnight,1,Normal,9.255,8.731
06/10/2025,1,Overnight,1,Normal,9.255,8.731
06/11/2025,1,Overnight,1,Normal,9.254,8.73
06/12/2025,1,Overnight,1,Normal,9.254,8.73
06/13/2025,1,Overnight,3,Normal,9.249,8.728
06/16/2025,1,Overnight,1,Normal,9.251,8.728
06/17/2025,1,Overnight,1,Normal,9.253,8.729
06/18/2025,1,Overnight,1,Normal,9.251,8.728
06/19/2025,1,Overnight,1,Normal,9.251,8.728
06/20/2025,1,Overnight,4,Normal,9.25,8.73
06/24/2025,1,Overnight,1,Normal,9.254,8.73
06/25/2025,1,Overnight,1,Normal,9.258,8.734
06/26/2025,1,Overnight,1,Normal,9.26,8.736
06/27/2025,1,Overnight,4,Normal,9.249,8.729
07/01/2025,1,Overnight,1,Normal,9.251,8.728
07/02/2025,1,Overnight,1,Normal,9.251,8.728
07/03/2025,1,Overnight,1,Normal,9.251,8.728
07/04/2025,1,Overnight,3,Normal,9.248,8.727
07/07/2025,1,Overnight,1,Normal,9.251,8.728
07/08/2025,1,Overnight,1,Normal,9.251,8.728
07/09/2025,1,Overnight,1,Normal,9.253,8.729
07/10/2025,1,Overnight,1,Normal,9.251,8.728
07/11/2025,1,Overnight,3,Normal,9.249,8.728
07/14/2025,1,Overnight,1,Normal,9.254,8.73
07/15/2025,1,Overnight,1,Normal,9.254,8.73
07/16/2025,1,Overnight,1,Normal,9.253,8.729
07/17/2025,1,Overnight,1,Normal,9.254,8.73
07/18/2025,1,Overnight,3,Normal,9.251,8.73
07/21/2025,1,Overnight,1,Normal,9.254,8.73
07/22/2025,1,Overnight,1,Normal,9.254,8.73
07/23/2025,1,Overnight,1,Normal,9.257,8.733
07/24/2025,1,Overnight,1,Normal,9.259,8.735
07/25/2025,1,Overnight,3,Normal,9.258,8.736
07/28/2025,1,Overnight,1,Normal,9.256,8.732
07/29/2025,1,Overnight,1,Normal,9.257,8.733
07/30/2025,1,Overnight,1,Normal,9.254,8.73
07/31/2025,1,Overnight,1,Normal,9.253,8.729
08/01/2025,1,Overnight,3,Normal,9.249,8.728
08/04/2025,1,Overnight,1,Normal,9.253,8.729
08/05/2025,1,Overnight,1,Normal,9.254,8.73
08/06/2025,1,Overnight,2,Normal,9.25,8.728
08/08/2025,1,Overnight,3,Normal,9.25,8.729
08/11/2025,1,Overnight,1,Normal,9.251,8.728
08/12/2025,1,Overnight,1,Normal,9.25,8.727
08/13/2025,1,Overnight,1,Normal,9.25,8.727
08/14/2025,1,Overnight,1,Normal,9.249,8.726
08/15/2025,1,Overnight,4,Normal,9.246,8.726
08/19/2025,1,Overnight,1,Normal,9.251,8.728
08/20/2025,1,Overnight,1,Normal,9.25,8.727
08/21/2025,1,Overnight,1,Normal,9.254,8.73
08/22/2025,1,Overnight,3,Normal,9.251,8.73
08/25/2025,1,Overnight,1,Normal,9.251,8.728
08/26/2025,1,Overnight,1,Normal,9.251,8.728
08/27/2025,1,Overnight,1,Normal,9.25,8.727
08/28/2025,1,Overnight,1,Normal,9.254,8.73
08/29/2025,1,Overnight,3,Normal,9.248,8.727
09/01/2025,1,Overnight,1,Normal,9.25,8.727
09/02/2025,1,Overnight,1,Normal,9.25,8.727
09/03/2025,1,Overnight,1,Normal,9.25,8.727
09/04/2025,1,Overnight,1,Normal,9.25,8.727
09/05/2025,1,Overnight,3,Normal,9.247,8.726
09/08/2025,1,Overnight,1,Normal,9.25,8.727
09/09/2025,1,Overnight,1,Normal,9.253,8.729
09/10/2025,1,Overnight,1,Normal,9.25,8.727
09/11/2025,1,Overnight,1,Normal,9.25,8.727
09/12/2025,1,Overnight,3,Normal,9.248,8.727
09/15/2025,1,Overnight,1,Normal,9.251,8.728
09/16/2025,1,Overnight,1,Normal,9.253,8.729
09/17/2025,1,Overnight,1,Normal,9.254,8.73
09/18/2025,1,Overnight,1,Normal,9.254,8.73
09/19/2025,1,Overnight,3,Normal,9.251,8.73
09/22/2025,1,Overnight,1,Normal,9.254,8.73
09/23/2025,1,Overnight,1,Normal,9.253,8.729
09/24/2025,1,Overnight,1,Normal,9.253,8.729
09/25/2025,1,Overnight,1,Normal,9.253,8.729
09/26/2025,1,Overnight,3,Normal,9.251,8.73
09/29/2025,1,Overnight,1,Normal,9.255,8.731
09/30/2025,1,Overnight,1,Normal,9.254,8.73
10/01/2025,1,Overnight,1,Normal,9.251,8.728
10/02/2025,1,Overnight,1,Normal,9.251,8.728
10/03/2025,1,Overnight,3,Normal,9.252,8.731
10/06/2025,1,Overnight,1,Normal,9.253,8.729
10/07/2025,1,Overnight,1,Normal,9.255,8.731
10/08/2025,1,Overnight,1,Normal,9.254,8.73
10/09/2025,1,Overnight,1,Normal,9.255,8.731
10/10/2025,1,Overnight,4,Normal,9.252,8.732
10/14/2025,1,Overnight,1,Normal,9.254,8.73
10/15/2025,1,Overnight,1,Normal,9.254,8.73
10/16/2025,1,Overnight,1,Normal,9.254,8.73
10/17/2025,1,Overnight,3,Normal,9.25,8.729
10/20/2025,1,Overnight,1,Normal,9.254,8.73
10/21/2025,1,Overnight,1,Normal,9.251,8.728
10/22/2025,1,Overnight,1,Normal,9.251,8.728
10/23/2025,1,Overnight,1,Normal,9.25,8.727
10/24/2025,1,Overnight,3,Normal,9.25,8.729
10/27/2025,1,Overnight,1,Normal,9.25,8.727
10/28/2025,1,Overnight,1,Normal,9.253,8.729
10/29/2025,1,Overnight,1,Normal,9.254,8.73
10/30/2025,1,Overnight,1,Normal,9.253,8.729
10/31/2025,1,Overnight,4,Normal,9.25,8.73
11/04/2025,1,Overnight,1,Normal,9.255,8.731
11/05/2025,1,Overnight,1,Normal,9.254,8.73
11/06/2025,1,Overnight,1,Normal,9.251,8.728
11/07/2025,1,Overnight,3,Normal,9.253,8.732
11/10/2025,1,Overnight,1,Normal,9.255,8.731
11/11/2025,1,Overnight,1,Normal,9.257,8.733
11/12/2025,1,Overnight,1,Normal,9.257,8.733
11/13/2025,1,Overnight,1,Normal,9.258,8.734
11/14/2025,1,Overnight,4,Normal,9.255,8.734
11/18/2025,1,Overnight,1,Normal,9.26,8.736
11/19/2025,1,Overnight,1,Normal,9.26,8.736
11/20/2025,1,Overnight,1,Normal,9.259,8.735
11/21/2025,1,Overnight,3,Normal,9.253,8.732
11/24/2025,1,Overnight,1,Normal,9.253,8.729
11/25/2025,1,Overnight,1,Normal,9.25,8.727
11/26/2025,1,Overnight,1,Normal,9.246,8.723
11/27/2025,1,Overnight,1,Normal,9.231,8.71
11/28/2025,1,Overnight,3,Normal,9.172,8.658
12/01/2025,1,Overnight,1,Normal,9.123,8.612
12/02/2025,1,Overnight,1,Normal,9.057,8.552
12/03/2025,1,Overnight,1,Normal,9.158,8.644
12/04/2025,1,Overnight,1,Normal,9.205,8.686
12/05/2025,1,Overnight,4,Normal,9.185,8.671
12/09/2025,1,Overnight,1,Normal,9.237,8.715
12/10/2025,1,Overnight,1,Normal,9.244,8.721
12/11/2025,1,Overnight,1,Normal,9.244,8.721
12/12/2025,1,Overnight,3,Normal,9.247,8.726
12/15/2025,1,Overnight,1,Normal,9.25,8.727
12/16/2025,1,Overnight,1,Normal,9.25,8.727
12/17/2025,1,Overnight,1,Normal,9.25,8.727
12/18/2025,1,Overnight,1,Normal,9.25,8.727
12/19/2025,1,Overnight,3,Normal,9.247,8.726
12/22/2025,1,Overnight,1,Normal,9.251,8.728
12/23/2025,1,Overnight,1,Normal,9.251,8.728
12/24/2025,1,Overnight,2,Normal,9.252,8.73
12/26/2025,1,Overnight,3,Normal,9.258,8.736
12/29/2025,1,Overnight,1,Normal,9.29,8.763
12/30/2025,1,Overnight,3,Normal,9.268,8.745
01/02/2026,1,Overnight,3,Normal,9.249,8.728
01/05/2026,1,Overnight,1,Normal,9.25,8.727
01/06/2026,1,Overnight,1,Normal,9.253,8.729
01/07/2026,1,Overnight,1,Normal,9.255,8.731
01/08/2026,1,Overnight,1,Normal,9.256,8.732
01/09/2026,1,Overnight,4,Normal,9.257,8.736
01/13/2026,1,Overnight,1,Normal,9.259,8.735
01/14/2026,1,Overnight,1,Normal,9.261,8.737
01/15/2026,1,Overnight,1,Normal,9.264,8.739
01/16/2026,1,Overnight,3,Normal,9.262,8.74
01/19/2026,1,Overnight,1,Normal,9.265,8.74
01/20/2026,1,Overnight,1,Normal,9.266,8.741
01/21/2026,1,Overnight,1,Normal,9.265,8.74
01/22/2026,1,Overnight,1,Normal,9.265,8.74
01/23/2026,1,Overnight,3,Normal,9.257,8.735
01/26/2026,1,Overnight,1,Normal,9.262,8.738
01/27/2026,1,Overnight,1,Normal,9.256,8.732
01/28/2026,1,Overnight,1,Normal,9.259,8.735
01/29/2026,1,Overnight,1,Normal,9.267,8.742
01/30/2026,1,Overnight,3,Normal,9.269,8.746
02/02/2026,1,Overnight,1,Normal,10.264,9.638
02/03/2026,1,Overnight,1,Normal,10.263,9.637
02/04/2026,1,Overnight,1,Normal,10.265,9.639
02/05/2026,1,Overnight,1,Normal,10.256,9.631
02/06/2026,1,Overnight,3,Normal,10.256,9.634
02/09/2026,1,Overnight,1,Normal,10.268,9.642
02/10/2026,1,Overnight,1,Normal,10.253,9.628